customer_id,age,city,tenure_years,annual_income,balance,num_products,has_credit_card,is_active,monthly_transactions,credit_score,churn
1,23,Jeddah,2,23168.0,13326.0,4,1,1,14,490.0,0
2,62,Jeddah,0,30618.0,39741.0,3,1,1,20,612.0,1
3,55,Riyadh,9,45982.0,4349.0,1,1,0,8,648.0,1
4,43,Riyadh,10,29315.0,30001.0,2,1,0,18,585.0,0
5,42,Jeddah,11,34920.0,76703.0,1,1,0,12,497.0,1
6,66,Dammam,14,50045.0,71194.0,3,0,1,21,640.0,0
7,22,Madinah,7,33712.0,32001.0,1,1,0,10,585.0,0
8,57,Jeddah,12,44938.0,36162.0,1,0,0,12,727.0,0
9,29,Riyadh,10,88998.0,20982.0,1,1,0,13,705.0,0
10,23,Jeddah,4,36830.0,16596.0,2,1,1,20,829.0,0
11,48,Riyadh,12,72379.0,20980.0,1,1,1,19,667.0,0
12,73,Riyadh,0,53087.0,12407.0,2,1,1,24,708.0,0
13,59,Jeddah,8,19271.0,7746.0,2,1,1,20,620.0,0
14,61,Riyadh,14,23131.0,19187.0,2,1,0,8,806.0,0
15,58,Riyadh,9,26455.0,2531.0,3,0,0,7,654.0,0
16,62,Riyadh,14,26176.0,63532.0,1,1,1,14,643.0,0
17,47,Riyadh,0,38363.0,8806.0,1,0,1,20,702.0,0
18,25,Makkah,7,54575.0,44616.0,1,0,1,18,597.0,0
19,65,Jeddah,11,75175.0,154427.0,2,1,0,8,613.0,0
20,43,Madinah,9,46821.0,13885.0,1,1,1,23,703.0,0
21,46,Madinah,13,32118.0,39811.0,2,1,0,9,719.0,0
22,39,Makkah,6,14170.0,23486.0,2,0,1,23,705.0,0
23,28,Riyadh,10,41577.0,53484.0,2,1,1,19,,0
24,70,Riyadh,6,40655.0,18762.0,2,0,1,25,678.0,0
25,62,Jeddah,13,43979.0,81018.0,1,0,1,14,741.0,0
26,54,Jeddah,1,115050.0,125386.0,1,0,1,17,563.0,0
27,40,Riyadh,3,74630.0,49364.0,2,1,1,17,658.0,1
28,64,Riyadh,1,59429.0,7309.0,1,1,1,23,394.0,0
29,49,Dammam,10,24809.0,2285.0,2,0,0,14,719.0,0
30,43,Dammam,3,31055.0,44528.0,3,0,0,12,583.0,0
31,43,Jeddah,4,38276.0,23712.0,1,1,1,24,586.0,1
32,30,Riyadh,12,27236.0,10884.0,1,1,1,33,642.0,0
33,23,Jeddah,5,51546.0,51668.0,1,0,1,18,711.0,0
34,49,Dammam,2,47976.0,73102.0,1,1,1,21,850.0,1
35,68,Dammam,0,23292.0,1451.0,4,1,0,14,513.0,1
36,21,Makkah,3,73014.0,11034.0,4,1,1,21,581.0,0
37,66,Jeddah,13,42241.0,45632.0,1,0,1,22,675.0,0
38,65,Jeddah,8,16907.0,24383.0,3,1,0,15,586.0,1
39,33,Riyadh,14,39118.0,49233.0,1,1,0,12,,0
40,54,Riyadh,3,46194.0,71793.0,4,1,0,8,,1
41,27,Jeddah,5,65277.0,9296.0,3,1,1,21,736.0,0
42,61,Makkah,2,33903.0,20258.0,1,1,0,14,631.0,1
43,57,Dammam,5,60716.0,42460.0,2,1,1,19,705.0,0
44,38,Jeddah,8,44072.0,33515.0,2,1,0,11,568.0,0
45,21,Riyadh,12,20795.0,25192.0,1,0,0,18,826.0,0
46,73,Jeddah,5,19780.0,29579.0,1,1,0,7,499.0,1
47,43,Riyadh,11,70353.0,55715.0,2,1,0,20,593.0,0
48,68,Riyadh,9,72984.0,119531.0,1,1,1,21,529.0,1
49,56,Jeddah,4,47167.0,14851.0,1,1,1,18,727.0,0
50,62,Riyadh,13,84783.0,120734.0,1,0,1,29,707.0,0
51,61,Riyadh,6,68071.0,52554.0,2,1,1,20,547.0,0
52,29,Riyadh,2,56490.0,51691.0,1,1,0,11,745.0,0
53,38,Riyadh,14,25447.0,8922.0,2,1,1,28,590.0,0
54,44,Jeddah,13,95389.0,225467.0,1,1,1,14,694.0,0
55,999,Dammam,0,52478.0,71581.0,1,0,1,29,711.0,0
56,20,Riyadh,13,33093.0,68160.0,2,0,1,21,631.0,0
57,49,Riyadh,14,28735.0,65680.0,1,1,0,12,735.0,1
58,26,Jeddah,12,45633.0,19180.0,2,1,0,22,642.0,0
59,60,Riyadh,3,17404.0,15619.0,1,1,0,12,682.0,1
60,56,Makkah,9,56945.0,42191.0,2,1,1,17,631.0,0
61,-1,Makkah,8,24915.0,46626.0,1,1,1,23,484.0,0
62,60,Dammam,9,48306.0,22742.0,3,1,1,14,644.0,0
63,38,Dammam,9,30921.0,16541.0,1,1,0,10,574.0,0
64,73,Dammam,9,35164.0,53320.0,3,1,1,16,779.0,0
65,41,Jeddah,7,27489.0,6639.0,1,1,1,21,530.0,0
66,36,Dammam,10,37026.0,61756.0,1,1,0,12,764.0,0
67,69,Jeddah,7,103227.0,61147.0,2,1,0,14,644.0,1
68,39,Jeddah,0,80220.0,80890.0,1,1,1,26,695.0,0
69,22,Makkah,0,47918.0,63056.0,2,0,1,14,531.0,0
70,44,Makkah,14,39630.0,62920.0,3,1,0,8,626.0,0
71,63,Jeddah,13,61212.0,36197.0,2,1,0,10,596.0,1
72,28,Madinah,8,70614.0,11991.0,2,1,0,14,846.0,0
73,44,Jeddah,2,26505.0,3344.0,4,0,1,32,591.0,0
74,25,Jeddah,11,38611.0,10699.0,2,1,1,20,758.0,0
75,57,Jeddah,2,16139.0,15813.0,1,0,0,15,757.0,0
76,45,Makkah,5,70372.0,48813.0,3,1,1,31,760.0,1
77,36,Madinah,4,112703.0,54436.0,1,1,1,21,608.0,0
78,30,Dammam,0,41774.0,15373.0,1,1,0,10,817.0,0
79,50,Riyadh,12,13870.0,31633.0,1,1,0,7,832.0,1
80,56,Jeddah,7,54418.0,16330.0,1,1,0,10,688.0,1
81,71,Riyadh,4,25539.0,15078.0,1,1,0,12,611.0,0
82,42,Dammam,7,,28530.0,1,1,1,15,575.0,1
83,27,Madinah,0,54901.0,2781.0,2,1,1,20,698.0,0
84,65,Makkah,6,45582.0,82093.0,2,1,1,11,660.0,0
85,53,Jeddah,7,31443.0,8222.0,3,1,0,8,670.0,0
86,57,Riyadh,5,29004.0,37690.0,1,0,1,23,532.0,0
87,23,Jeddah,12,42741.0,65777.0,1,1,0,11,657.0,0
88,35,Riyadh,3,32704.0,46002.0,2,1,0,10,756.0,0
89,61,Madinah,2,23049.0,25215.0,1,0,0,11,726.0,0
90,65,Riyadh,7,33986.0,53480.0,1,0,1,24,616.0,0
91,42,Makkah,13,47562.0,51859.0,2,1,1,27,645.0,0
92,63,Jeddah,5,36715.0,34816.0,2,1,1,18,522.0,0
93,65,Dammam,0,19796.0,21130.0,1,1,1,25,592.0,0
94,40,Madinah,14,65810.0,97805.0,2,1,0,11,626.0,0
95,69,Jeddah,6,10205.0,10503.0,2,1,0,8,708.0,0
96,34,Dammam,2,32107.0,12293.0,3,1,1,22,590.0,1
97,31,Riyadh,9,29434.0,18107.0,1,0,1,20,560.0,0
98,56,Riyadh,4,43221.0,29554.0,2,1,1,17,723.0,0
99,54,Jeddah,14,53148.0,5734.0,2,1,0,9,617.0,1
100,25,Jeddah,4,70501.0,55429.0,1,1,1,17,582.0,0
101,65,Dammam,8,28108.0,2126.0,2,0,0,11,726.0,0
102,29,Jeddah,8,53814.0,65491.0,2,1,0,15,697.0,0
103,63,Riyadh,3,44263.0,54508.0,1,1,0,13,636.0,0
104,18,Makkah,7,17056.0,19920.0,2,1,0,17,620.0,0
105,63,Makkah,1,,115056.0,1,1,1,23,695.0,0
106,62,Madinah,9,19548.0,1418.0,2,1,1,19,700.0,0
107,62,Riyadh,11,49501.0,10449.0,1,1,0,8,674.0,0
108,55,Riyadh,14,48775.0,88122.0,2,1,0,9,666.0,0
109,44,Riyadh,4,46065.0,67119.0,1,0,1,26,600.0,0
110,58,Madinah,4,31342.0,41020.0,2,1,1,28,604.0,0
111,33,Jeddah,8,60696.0,85940.0,2,1,0,12,641.0,0
112,62,Madinah,10,18395.0,29681.0,2,1,0,9,565.0,0
113,49,Madinah,14,38835.0,74101.0,2,1,1,16,557.0,0
114,44,Riyadh,0,30275.0,33313.0,1,1,1,16,645.0,0
115,46,Jeddah,3,28605.0,36847.0,1,1,0,8,742.0,0
116,50,Jeddah,3,49731.0,8998.0,2,1,1,17,468.0,0
117,20,Jeddah,3,68785.0,11212.0,1,0,1,19,622.0,0
118,25,Madinah,6,33805.0,25209.0,2,1,0,14,678.0,0
119,31,Riyadh,13,59299.0,79744.0,2,0,1,23,752.0,0
120,24,Makkah,0,41146.0,47556.0,3,1,1,22,816.0,0
121,43,Riyadh,12,25684.0,21999.0,1,1,1,11,629.0,1
122,56,Dammam,9,,22964.0,2,1,1,24,831.0,0
123,55,Riyadh,9,34553.0,59276.0,1,0,0,12,694.0,0
124,44,Jeddah,10,28330.0,17488.0,3,1,1,13,726.0,0
125,66,Dammam,1,49724.0,64752.0,2,1,1,20,559.0,0
126,50,Jeddah,11,45131.0,21465.0,2,1,0,15,695.0,0
127,22,Madinah,3,18118.0,11902.0,2,1,1,12,733.0,0
128,61,Dammam,7,17575.0,14985.0,1,1,1,25,590.0,0
129,50,Riyadh,10,49630.0,36053.0,2,1,1,24,420.0,0
130,54,Jeddah,9,26698.0,2124.0,3,0,1,21,666.0,0
131,50,Riyadh,4,46678.0,21929.0,1,0,0,13,635.0,0
132,49,Riyadh,5,59306.0,40002.0,4,1,0,9,777.0,0
133,23,Riyadh,7,21259.0,14486.0,3,1,0,23,604.0,0
134,49,Riyadh,0,19816.0,23562.0,4,0,1,21,589.0,0
135,63,Makkah,10,92709.0,16505.0,3,0,1,14,554.0,1
136,35,Madinah,1,47848.0,30846.0,1,1,1,16,598.0,0
137,52,Riyadh,6,32545.0,4417.0,2,0,0,11,850.0,0
138,19,Makkah,9,25160.0,51054.0,1,1,1,16,510.0,0
139,37,Riyadh,1,31094.0,39041.0,2,1,1,22,533.0,1
140,42,Jeddah,14,22131.0,55461.0,1,1,1,32,647.0,0
141,74,Riyadh,5,62424.0,106880.0,3,1,1,26,834.0,0
142,30,Riyadh,0,27218.0,13825.0,1,0,1,14,719.0,0
143,33,Jeddah,9,69339.0,105850.0,1,0,0,12,797.0,0
144,41,Dammam,8,32849.0,22742.0,1,0,0,9,619.0,0
145,74,Jeddah,9,23821.0,46212.0,2,1,0,12,527.0,0
146,66,Makkah,11,32430.0,32452.0,1,1,0,15,613.0,0
147,19,Riyadh,7,10807.0,8681.0,1,0,1,18,640.0,0
148,31,Jeddah,12,37783.0,83147.0,1,1,0,15,655.0,0
149,64,Riyadh,5,36862.0,58208.0,1,1,0,9,634.0,0
150,21,Riyadh,8,60619.0,123167.0,3,0,0,9,709.0,1
151,66,Riyadh,2,15628.0,2517.0,2,0,1,17,587.0,0
152,34,Riyadh,9,71749.0,41910.0,1,1,1,19,574.0,0
153,70,Makkah,3,60494.0,33827.0,1,1,1,20,,1
154,34,Jeddah,10,75058.0,74905.0,1,1,1,20,676.0,0
155,42,Dammam,12,39091.0,46036.0,1,0,1,18,663.0,0
156,55,Riyadh,12,66633.0,50389.0,1,1,1,22,755.0,0
157,25,Riyadh,13,19233.0,37959.0,1,0,1,20,791.0,0
158,49,Jeddah,1,57327.0,22494.0,1,1,1,23,547.0,0
159,46,Riyadh,2,27294.0,31823.0,1,1,1,18,655.0,0
160,62,Riyadh,13,17576.0,37267.0,2,1,0,9,633.0,0
161,74,Riyadh,5,22878.0,26463.0,1,0,1,23,514.0,1
162,55,Madinah,0,40246.0,22680.0,2,0,1,20,606.0,0
163,41,Jeddah,4,26578.0,10284.0,2,1,0,13,794.0,0
164,41,Riyadh,12,48438.0,18972.0,3,0,1,24,598.0,1
165,41,Jeddah,5,16251.0,22935.0,1,1,1,16,580.0,0
166,64,Madinah,1,13856.0,10624.0,2,0,1,15,647.0,0
167,36,Riyadh,10,,14009.0,3,0,1,14,740.0,0
168,27,Riyadh,2,63064.0,102430.0,4,1,1,25,629.0,0
169,37,Madinah,5,23750.0,30382.0,3,0,1,25,664.0,0
170,19,Makkah,0,40075.0,51058.0,1,1,1,16,448.0,0
171,24,Jeddah,9,66820.0,66405.0,3,1,0,14,708.0,1
172,23,Riyadh,6,49494.0,92356.0,3,0,0,15,675.0,0
173,61,Riyadh,13,43222.0,24198.0,1,1,1,19,734.0,0
174,59,Makkah,5,69395.0,27623.0,1,1,1,20,489.0,1
175,57,Dammam,3,27852.0,42951.0,3,1,1,24,626.0,1
176,44,Jeddah,2,40765.0,60222.0,1,1,1,19,741.0,0
177,58,Riyadh,3,39778.0,35387.0,2,1,0,17,604.0,0
178,27,Riyadh,6,35018.0,10579.0,1,1,1,25,658.0,0
179,69,Dammam,1,,17082.0,2,1,1,16,616.0,0
180,46,Dammam,6,41624.0,61877.0,1,1,1,16,620.0,0
181,71,Jeddah,12,40831.0,83406.0,2,1,0,13,759.0,0
182,26,Jeddah,11,23761.0,20407.0,2,0,1,20,524.0,0
183,46,Makkah,9,59928.0,12060.0,3,0,1,24,651.0,1
184,57,Dammam,13,24632.0,41265.0,1,0,1,27,675.0,0
185,-1,Riyadh,11,35986.0,62598.0,1,0,0,7,738.0,1
186,43,Madinah,9,34626.0,33379.0,1,1,0,10,642.0,0
187,27,Riyadh,12,48005.0,68781.0,1,1,0,12,742.0,1
188,39,Jeddah,1,13911.0,21642.0,4,0,1,16,646.0,0
189,31,Riyadh,12,62659.0,40628.0,1,1,1,22,667.0,0
190,35,Dammam,4,28610.0,30240.0,1,1,1,17,660.0,0
191,56,Jeddah,10,73864.0,103693.0,3,1,1,20,716.0,0
192,53,Riyadh,13,31600.0,44121.0,1,1,0,9,702.0,0
193,52,Jeddah,7,39167.0,69279.0,1,1,0,20,554.0,0
194,38,Jeddah,1,104495.0,101739.0,2,1,1,18,680.0,0
195,72,Jeddah,5,34938.0,34346.0,1,0,1,22,702.0,0
196,22,Riyadh,6,74565.0,22137.0,3,0,1,20,789.0,0
197,37,Riyadh,14,40926.0,74420.0,2,1,1,13,563.0,0
198,24,Madinah,14,49400.0,20286.0,1,0,1,25,703.0,0
199,37,Riyadh,8,41564.0,5151.0,2,0,1,28,623.0,0
200,72,Jeddah,14,61324.0,79061.0,3,0,1,20,673.0,1
201,38,Riyadh,6,28488.0,32592.0,1,1,0,10,556.0,1
202,69,Makkah,6,24538.0,47805.0,2,1,0,11,651.0,0
203,46,Jeddah,12,29165.0,50531.0,1,1,1,28,682.0,1
204,57,Dammam,10,42186.0,81026.0,2,1,1,17,567.0,0
205,44,Dammam,7,35939.0,26794.0,2,1,0,19,784.0,0
206,33,Jeddah,6,57247.0,58638.0,1,1,0,18,517.0,1
207,61,Madinah,10,77062.0,169077.0,2,1,1,20,706.0,0
208,73,Dammam,11,24639.0,25023.0,1,0,0,17,434.0,1
209,33,Dammam,7,27807.0,45820.0,2,0,1,14,630.0,1
210,62,Dammam,0,19572.0,15906.0,2,1,1,18,695.0,0
211,32,Jeddah,1,110767.0,43585.0,1,1,1,21,725.0,0
212,58,Dammam,2,46739.0,45840.0,1,1,0,11,645.0,0
213,62,Dammam,6,51016.0,24286.0,3,1,1,19,633.0,0
214,43,Madinah,9,20535.0,1619.0,1,1,1,28,703.0,0
215,60,Madinah,12,40111.0,25161.0,1,0,0,15,740.0,0
216,33,Jeddah,3,51773.0,19651.0,1,1,1,21,779.0,0
217,22,Dammam,11,35370.0,32227.0,2,1,0,13,537.0,0
218,23,Riyadh,9,68724.0,133378.0,1,1,1,22,639.0,0
219,43,Makkah,0,127506.0,78083.0,3,0,1,25,465.0,0
220,69,Dammam,5,24996.0,39854.0,2,0,1,19,529.0,0
221,25,Madinah,4,24076.0,24720.0,1,1,1,22,589.0,0
222,43,Dammam,13,25877.0,2606.0,2,0,1,28,730.0,0
223,58,Dammam,13,89599.0,47851.0,1,0,1,19,616.0,0
224,29,Riyadh,12,67587.0,151433.0,1,1,1,16,631.0,0
225,59,Dammam,7,37505.0,46888.0,2,1,0,6,681.0,0
226,35,Jeddah,7,40875.0,77135.0,1,0,1,26,594.0,0
227,64,Jeddah,4,26682.0,15999.0,3,1,1,24,473.0,1
228,51,Riyadh,11,62631.0,105719.0,2,0,0,10,589.0,0
229,49,Riyadh,1,33191.0,40756.0,1,1,1,22,642.0,0
230,28,Makkah,4,35241.0,61944.0,4,1,0,5,696.0,1
231,44,Jeddah,2,54415.0,4570.0,2,1,0,18,637.0,0
232,66,Riyadh,7,36534.0,70566.0,1,0,0,10,694.0,0
233,19,Makkah,4,35686.0,26456.0,2,1,1,14,737.0,0
234,61,Riyadh,2,40348.0,56148.0,4,1,0,11,755.0,1
235,46,Riyadh,5,59735.0,62709.0,1,1,0,11,671.0,0
236,59,Riyadh,12,91422.0,127075.0,1,1,1,14,557.0,0
237,55,Riyadh,8,53785.0,43003.0,2,0,1,17,543.0,0
238,42,Makkah,12,59973.0,120069.0,1,0,1,18,552.0,1
239,35,Dammam,13,36318.0,25937.0,1,1,0,12,557.0,0
240,53,Dammam,13,28172.0,35502.0,2,1,0,7,662.0,0
241,25,Jeddah,5,55659.0,59990.0,3,1,1,19,825.0,0
242,51,Jeddah,13,43723.0,81280.0,2,0,0,18,673.0,0
243,23,Dammam,13,19706.0,23862.0,1,0,1,13,644.0,0
244,55,Dammam,14,34063.0,60016.0,1,0,1,22,740.0,0
245,53,Jeddah,5,38505.0,36275.0,1,0,0,6,579.0,0
246,22,Jeddah,3,,35973.0,1,1,1,23,747.0,0
247,61,Riyadh,8,84193.0,121113.0,2,0,1,18,746.0,0
248,41,Riyadh,13,51017.0,90802.0,1,1,0,10,660.0,0
249,62,Riyadh,13,79745.0,163656.0,3,0,1,22,846.0,0
250,20,Dammam,8,45785.0,53462.0,2,1,1,17,755.0,0
251,28,Riyadh,2,41802.0,15186.0,2,1,0,11,658.0,0
252,46,Dammam,6,25127.0,33824.0,3,0,1,20,640.0,0
253,28,Jeddah,10,40375.0,9800.0,2,0,1,13,615.0,0
254,36,Jeddah,8,40398.0,20784.0,3,1,1,14,642.0,0
255,55,Dammam,5,20261.0,30357.0,3,0,1,19,643.0,0
256,26,Riyadh,5,30645.0,26081.0,2,0,1,13,624.0,0
257,56,Madinah,0,34145.0,26366.0,1,1,0,8,634.0,0
258,23,Riyadh,4,49352.0,87751.0,1,1,1,24,548.0,0
259,27,Makkah,10,50548.0,29646.0,3,1,1,15,604.0,0
260,51,Riyadh,3,30012.0,2704.0,1,0,0,10,509.0,0
261,63,Jeddah,14,50738.0,18242.0,3,0,0,8,692.0,0
262,27,Jeddah,1,36642.0,15564.0,1,1,0,12,661.0,1
263,35,Riyadh,8,,14755.0,2,1,0,8,640.0,1
264,70,Riyadh,7,31497.0,49960.0,1,0,1,21,733.0,0
265,74,Jeddah,12,68837.0,95817.0,4,1,0,9,579.0,0
266,51,Makkah,13,17311.0,11991.0,1,1,1,16,588.0,0
267,43,Jeddah,8,42461.0,47944.0,1,1,1,22,,1
268,37,Riyadh,9,88666.0,9217.0,3,1,0,7,751.0,1
269,52,Riyadh,10,27438.0,42746.0,1,1,1,16,707.0,0
270,51,Madinah,7,40178.0,51026.0,1,1,1,17,774.0,0
271,34,Riyadh,2,20910.0,1877.0,3,0,0,14,795.0,0
272,19,Dammam,6,,145332.0,3,1,0,9,621.0,1
273,26,Riyadh,3,38497.0,51221.0,1,1,1,20,590.0,0
274,72,Jeddah,6,41082.0,26539.0,2,1,1,18,493.0,0
275,41,Jeddah,9,78996.0,111256.0,1,1,1,27,559.0,0
276,45,Madinah,3,55868.0,59247.0,1,0,1,23,626.0,0
277,44,Jeddah,3,25905.0,7674.0,2,1,1,17,467.0,0
278,62,Riyadh,12,29038.0,15343.0,1,1,1,21,556.0,1
279,21,Dammam,5,51404.0,66867.0,2,1,1,24,648.0,0
280,22,Riyadh,2,29376.0,45357.0,1,1,1,13,733.0,1
281,33,Madinah,10,13924.0,18497.0,3,0,0,12,587.0,1
282,45,Riyadh,10,39081.0,51196.0,2,1,1,21,665.0,0
283,56,Madinah,12,19147.0,30258.0,1,1,1,31,820.0,0
284,45,Makkah,11,90052.0,96148.0,3,1,1,24,496.0,1
285,43,Riyadh,14,43844.0,9581.0,3,0,0,13,752.0,0
286,71,Madinah,8,25525.0,22332.0,1,1,1,24,687.0,0
287,27,Madinah,4,28302.0,46031.0,4,0,0,12,767.0,0
288,50,Makkah,12,15604.0,30388.0,1,1,1,23,739.0,0
289,48,Jeddah,3,23162.0,37151.0,1,0,0,10,593.0,1
290,44,Dammam,4,66713.0,21744.0,1,1,1,20,,0
291,64,Riyadh,12,122503.0,153597.0,1,0,0,13,531.0,1
292,33,Madinah,13,57711.0,85497.0,2,0,1,24,609.0,0
293,72,Riyadh,5,38330.0,16980.0,2,1,1,21,656.0,0
294,36,Dammam,10,32339.0,16561.0,3,1,0,15,681.0,1
295,49,Makkah,13,24878.0,48600.0,1,1,1,24,724.0,1
296,47,Madinah,11,112407.0,178445.0,1,1,1,32,804.0,0
297,66,Makkah,0,36520.0,36097.0,1,1,1,13,614.0,0
298,43,Makkah,9,115591.0,73266.0,1,1,1,24,765.0,0
299,34,Dammam,2,80560.0,69547.0,3,0,1,23,682.0,0
300,19,Jeddah,12,16808.0,2244.0,2,0,1,26,,0
301,38,Riyadh,1,28768.0,7202.0,2,1,1,14,639.0,1
302,65,Madinah,14,28724.0,39136.0,2,1,1,20,663.0,0
303,18,Jeddah,2,38564.0,21169.0,1,0,1,18,579.0,0
304,69,Makkah,6,38943.0,73419.0,1,1,1,19,560.0,0
305,48,Jeddah,3,179534.0,151473.0,1,1,1,17,571.0,0
306,25,Jeddah,12,23421.0,6414.0,3,1,1,17,603.0,0
307,35,Jeddah,5,45003.0,4268.0,1,0,1,16,577.0,0
308,49,Madinah,11,54625.0,93273.0,1,1,1,18,766.0,0
309,35,Riyadh,1,40103.0,12577.0,2,1,0,13,433.0,0
310,24,Jeddah,6,42408.0,17770.0,1,1,1,23,664.0,0
311,55,Riyadh,13,,26100.0,2,1,1,24,700.0,0
312,56,Jeddah,13,42330.0,30235.0,1,0,0,11,568.0,1
313,24,Jeddah,3,51829.0,56268.0,2,1,0,11,634.0,0
314,34,Riyadh,5,47278.0,44575.0,1,1,0,7,624.0,0
315,31,Dammam,6,53375.0,14683.0,3,1,1,22,648.0,0
316,55,Makkah,8,81333.0,135259.0,2,1,0,18,718.0,1
317,59,Makkah,8,64118.0,59918.0,1,1,0,15,708.0,1
318,59,Dammam,1,41591.0,40863.0,2,0,0,10,600.0,1
319,71,Riyadh,11,22340.0,1929.0,2,0,0,15,517.0,0
320,61,Dammam,3,29733.0,32766.0,2,1,0,9,668.0,0
321,36,Dammam,4,35961.0,19856.0,3,1,0,17,594.0,0
322,24,Makkah,12,45532.0,55865.0,3,1,1,19,,0
323,53,Dammam,10,31598.0,22831.0,1,1,1,20,673.0,0
324,70,Dammam,5,25138.0,46963.0,1,1,1,15,613.0,0
325,73,Dammam,13,22157.0,14065.0,1,1,0,11,680.0,0
326,31,Makkah,5,17578.0,30182.0,2,1,0,12,850.0,0
327,31,Jeddah,8,35686.0,68998.0,4,1,0,14,715.0,0
328,20,Riyadh,3,19248.0,14619.0,2,0,1,18,773.0,0
329,26,Makkah,2,24337.0,13139.0,1,1,0,11,698.0,0
330,49,Dammam,7,32960.0,26809.0,3,1,0,14,660.0,1
331,49,Dammam,8,20579.0,42771.0,2,1,1,25,699.0,0
332,39,Riyadh,12,48527.0,73548.0,1,1,0,12,698.0,1
333,35,Riyadh,5,58111.0,61012.0,3,0,1,18,733.0,0
334,65,Makkah,13,30494.0,5136.0,1,1,1,22,658.0,1
335,44,Riyadh,9,32257.0,59840.0,2,0,1,17,535.0,0
336,64,Jeddah,1,52508.0,9456.0,2,0,0,12,523.0,0
337,72,Jeddah,11,,5142.0,3,1,0,13,694.0,1
338,36,Riyadh,8,27136.0,17040.0,1,1,1,18,,0
339,29,Jeddah,5,73003.0,67518.0,1,1,0,12,719.0,0
340,72,Riyadh,7,62448.0,113657.0,2,1,0,13,777.0,1
341,54,Riyadh,4,54218.0,77789.0,3,0,1,27,636.0,1
342,34,Madinah,9,63756.0,31114.0,1,1,0,9,765.0,0
343,53,Jeddah,8,14933.0,12325.0,1,0,0,14,675.0,0
344,47,Madinah,6,78977.0,121289.0,3,1,1,21,660.0,0
345,69,Jeddah,4,48827.0,47711.0,2,1,1,14,661.0,0
346,32,Makkah,5,66529.0,25199.0,1,1,0,13,582.0,0
347,74,Riyadh,7,48707.0,41049.0,1,1,1,25,569.0,0
348,71,Riyadh,7,41129.0,53170.0,2,1,1,16,506.0,0
349,28,Riyadh,4,34973.0,61322.0,2,1,0,11,588.0,0
350,27,Riyadh,8,48222.0,68161.0,2,1,1,24,847.0,0
351,48,Madinah,3,34342.0,2902.0,2,1,0,17,519.0,1
352,20,Jeddah,7,61941.0,89663.0,1,1,1,17,550.0,0
353,35,Jeddah,1,18156.0,7888.0,3,0,0,9,579.0,0
354,42,Jeddah,7,30614.0,53733.0,1,1,0,12,585.0,1
355,73,Riyadh,11,111570.0,104908.0,3,1,1,22,685.0,0
356,74,Madinah,12,29347.0,15939.0,1,0,1,23,,0
357,26,Dammam,10,35620.0,38925.0,1,1,0,12,636.0,0
358,68,Riyadh,11,25815.0,16807.0,1,0,1,20,576.0,0
359,23,Jeddah,0,47473.0,18607.0,1,1,1,18,612.0,0
360,60,Riyadh,5,27774.0,30594.0,1,1,1,20,647.0,0
361,66,Dammam,9,36578.0,61665.0,2,1,0,8,642.0,0
362,68,Jeddah,12,61355.0,123759.0,3,1,0,8,834.0,0
363,30,Madinah,8,28300.0,24827.0,2,1,1,21,650.0,0
364,68,Madinah,12,59534.0,13990.0,2,1,0,16,637.0,0
365,24,Riyadh,4,60543.0,54617.0,1,1,0,17,431.0,0
366,47,Riyadh,2,68015.0,50799.0,3,1,0,14,678.0,1
367,44,Madinah,1,43057.0,15173.0,1,1,0,17,477.0,1
368,36,Jeddah,8,202933.0,383376.0,1,1,1,30,720.0,1
369,19,Jeddah,9,68000.0,144204.0,1,1,0,6,670.0,0
370,62,Jeddah,4,47214.0,7084.0,1,1,0,13,727.0,1
371,37,Jeddah,11,25901.0,48330.0,2,0,0,8,595.0,0
372,55,Dammam,11,38234.0,58450.0,1,1,0,13,656.0,0
373,41,Madinah,5,81893.0,43924.0,1,1,0,13,719.0,1
374,39,Dammam,3,94350.0,105353.0,3,1,0,15,576.0,0
375,68,Riyadh,11,84050.0,30815.0,1,1,1,26,713.0,0
376,23,Riyadh,10,59432.0,13429.0,2,0,0,14,707.0,1
377,59,Madinah,2,21422.0,35124.0,1,1,0,3,640.0,1
378,60,Jeddah,3,51204.0,57279.0,3,1,1,16,797.0,0
379,39,Jeddah,7,21575.0,12151.0,2,0,1,19,699.0,1
380,32,Riyadh,7,19077.0,18093.0,1,1,1,28,501.0,1
381,18,Madinah,2,45233.0,71033.0,3,1,1,25,744.0,0
382,71,Jeddah,14,52135.0,60813.0,1,1,0,14,596.0,0
383,72,Madinah,5,63050.0,106842.0,1,0,0,9,728.0,0
384,31,Riyadh,5,51460.0,84251.0,2,1,0,9,682.0,1
385,19,Riyadh,0,52354.0,28744.0,2,1,0,14,417.0,0
386,24,Riyadh,13,24531.0,42873.0,1,1,1,23,707.0,1
387,21,Jeddah,3,38083.0,44134.0,1,0,1,16,634.0,0
388,65,Madinah,14,18891.0,37518.0,1,0,1,17,611.0,1
389,68,Jeddah,7,14740.0,11553.0,2,1,1,12,613.0,0
390,26,Makkah,13,58123.0,12059.0,4,0,1,19,727.0,0
391,60,Makkah,2,27541.0,9028.0,1,0,1,20,570.0,1
392,28,Riyadh,2,62084.0,64468.0,4,1,1,23,756.0,0
393,38,Jeddah,12,69855.0,131204.0,1,1,1,23,520.0,0
394,52,Makkah,12,29447.0,54007.0,2,1,0,15,680.0,1
395,59,Dammam,8,53915.0,67657.0,3,0,1,19,725.0,0
396,67,Riyadh,0,28837.0,4986.0,2,1,1,18,720.0,0
397,20,Makkah,14,15948.0,2035.0,1,1,1,21,668.0,1
398,29,Jeddah,5,42687.0,63182.0,1,1,1,20,636.0,1
399,33,Madinah,14,31716.0,45646.0,1,0,1,22,604.0,0
400,35,Dammam,13,32208.0,62971.0,2,0,1,25,543.0,0
401,74,Jeddah,12,107761.0,49319.0,4,1,1,18,599.0,0
402,62,Jeddah,10,18715.0,17988.0,1,0,0,9,565.0,0
403,36,Madinah,10,48603.0,100812.0,1,1,0,15,554.0,0
404,73,Madinah,7,24406.0,9845.0,1,0,0,8,815.0,0
405,46,Jeddah,0,63204.0,8799.0,2,0,1,25,502.0,0
406,46,Riyadh,5,46593.0,58097.0,2,1,1,28,756.0,0
407,42,Riyadh,10,48517.0,66377.0,1,1,0,18,544.0,1
408,26,Riyadh,12,25023.0,57270.0,2,1,0,12,561.0,0
409,71,Riyadh,8,27370.0,52280.0,1,1,0,12,559.0,0
410,18,Jeddah,10,63807.0,108792.0,2,0,1,21,556.0,0
411,27,Riyadh,0,97285.0,7567.0,1,1,1,15,743.0,0
412,31,Jeddah,7,51029.0,51430.0,1,0,1,14,708.0,0
413,33,Madinah,7,25624.0,46677.0,2,1,0,12,632.0,0
414,25,Riyadh,13,47547.0,53253.0,2,1,0,12,850.0,0
415,19,Dammam,4,135095.0,234273.0,1,1,1,16,662.0,0
416,56,Riyadh,3,42244.0,48392.0,2,0,1,15,660.0,0
417,73,Dammam,5,83360.0,21748.0,2,1,0,12,597.0,0
418,24,Madinah,2,27718.0,24040.0,1,1,0,15,580.0,0
419,34,Riyadh,8,39299.0,58245.0,4,1,0,11,,1
420,46,Makkah,9,54709.0,11486.0,3,0,0,9,732.0,1
421,70,Riyadh,12,48955.0,43060.0,1,1,0,11,706.0,1
422,57,Jeddah,14,27359.0,50685.0,3,1,1,19,769.0,1
423,61,Riyadh,1,26775.0,7809.0,2,1,0,11,588.0,0
424,51,Jeddah,3,65785.0,41994.0,1,1,0,12,710.0,0
425,41,Riyadh,4,72822.0,91788.0,2,1,1,17,685.0,0
426,29,Dammam,3,85483.0,115463.0,1,1,0,17,698.0,0
427,67,Riyadh,12,98910.0,126896.0,2,1,1,21,582.0,0
428,63,Makkah,2,42929.0,67879.0,3,0,1,17,561.0,1
429,19,Riyadh,0,34351.0,47807.0,1,0,0,15,702.0,0
430,58,Riyadh,12,78865.0,92932.0,2,1,1,21,736.0,0
431,22,Jeddah,14,57327.0,27521.0,1,1,0,14,600.0,1
432,60,Dammam,3,24557.0,33063.0,2,1,0,5,707.0,0
433,65,Madinah,4,23937.0,11563.0,3,0,0,13,760.0,0
434,25,Makkah,7,,88145.0,1,1,1,21,623.0,0
435,42,Jeddah,7,36730.0,44694.0,2,1,1,18,524.0,0
436,25,Madinah,14,39608.0,41843.0,1,1,1,21,536.0,0
437,50,Riyadh,6,68615.0,76422.0,2,1,0,11,596.0,0
438,70,Madinah,0,58660.0,48252.0,2,1,1,24,616.0,0
439,22,Jeddah,6,78037.0,141100.0,2,0,0,10,655.0,0
440,40,Riyadh,8,15279.0,7718.0,1,1,0,7,650.0,0
441,73,Jeddah,7,45556.0,85844.0,2,1,1,13,630.0,0
442,35,Jeddah,7,56803.0,7319.0,2,1,0,16,,0
443,25,Jeddah,13,18708.0,35972.0,2,0,0,13,583.0,0
444,45,Riyadh,12,28928.0,64036.0,2,1,1,17,767.0,0
445,46,Jeddah,3,26364.0,18839.0,3,0,1,19,737.0,0
446,55,Jeddah,5,40573.0,7909.0,1,1,1,20,732.0,0
447,35,Dammam,10,90574.0,165311.0,1,1,0,9,600.0,0
448,72,Madinah,6,110337.0,182475.0,4,1,0,9,651.0,1
449,47,Madinah,6,26712.0,18668.0,1,1,0,7,718.0,0
450,34,Jeddah,2,52223.0,46069.0,3,1,0,12,637.0,0
451,72,Jeddah,3,53072.0,74688.0,2,1,0,12,592.0,1
452,70,Dammam,11,,24803.0,3,1,0,13,,1
453,46,Makkah,12,48996.0,75416.0,2,1,0,23,593.0,0
454,19,Dammam,11,46717.0,48835.0,3,0,1,12,550.0,0
455,52,Dammam,4,93320.0,33920.0,2,1,0,13,850.0,0
456,49,Jeddah,2,69650.0,96197.0,2,1,0,13,481.0,0
457,26,Makkah,2,23622.0,13532.0,1,1,0,9,564.0,1
458,54,Dammam,5,59746.0,104923.0,1,1,0,10,710.0,1
459,65,Riyadh,7,62704.0,74065.0,1,1,1,25,595.0,0
460,24,Jeddah,13,46980.0,61707.0,4,0,0,13,623.0,0
461,59,Riyadh,13,70665.0,77397.0,1,1,0,11,693.0,0
462,25,Riyadh,0,44092.0,27821.0,2,1,1,18,747.0,0
463,60,Dammam,10,44366.0,82258.0,2,1,0,11,630.0,1
464,41,Dammam,4,42643.0,52828.0,1,0,0,12,737.0,1
465,18,Madinah,2,14631.0,18860.0,4,1,1,19,499.0,0
466,73,Madinah,8,38553.0,35654.0,1,1,1,16,599.0,0
467,27,Jeddah,0,28735.0,12330.0,2,0,1,21,697.0,0
468,51,Riyadh,5,22176.0,4877.0,2,1,1,30,830.0,0
469,28,Riyadh,8,82208.0,135365.0,1,0,1,18,571.0,0
470,71,Madinah,4,51643.0,40415.0,1,1,0,13,552.0,0
471,60,Jeddah,8,39541.0,43642.0,2,0,1,24,685.0,0
472,63,Riyadh,6,30260.0,28738.0,1,0,0,15,658.0,1
473,42,Dammam,11,46541.0,48704.0,3,1,1,21,590.0,0
474,44,Riyadh,2,65888.0,75496.0,2,0,1,27,547.0,0
475,54,Dammam,0,26543.0,24756.0,1,0,0,9,606.0,0
476,62,Makkah,7,40038.0,78887.0,1,1,1,20,701.0,0
477,66,Dammam,3,61947.0,17910.0,1,0,1,18,626.0,0
478,19,Jeddah,10,15245.0,20160.0,2,0,0,14,757.0,0
479,55,Riyadh,1,38996.0,5802.0,2,1,1,14,642.0,0
480,24,Riyadh,8,32382.0,55376.0,1,1,1,16,707.0,0
481,34,Riyadh,14,37537.0,60217.0,2,1,1,13,679.0,0
482,65,Jeddah,1,31232.0,22009.0,2,1,1,16,617.0,0
483,32,Riyadh,4,42994.0,62595.0,2,1,0,19,729.0,0
484,63,Jeddah,12,105010.0,119250.0,1,1,0,14,551.0,1
485,44,Jeddah,8,34134.0,18173.0,1,1,1,22,604.0,0
486,31,Jeddah,2,46437.0,37551.0,1,1,1,18,617.0,0
487,37,Riyadh,3,108812.0,19109.0,2,1,1,20,695.0,0
488,48,Jeddah,11,30485.0,63880.0,2,1,1,25,710.0,0
489,61,Dammam,12,99443.0,176593.0,1,1,1,19,587.0,0
490,52,Riyadh,5,40242.0,57972.0,1,1,0,13,568.0,0
491,71,Jeddah,7,97826.0,174064.0,2,0,1,17,667.0,1
492,67,Dammam,11,58402.0,108427.0,1,1,1,23,517.0,0
493,60,Dammam,2,46796.0,34807.0,2,1,0,11,745.0,0
494,52,Madinah,3,38839.0,9917.0,1,1,1,25,634.0,0
495,34,Makkah,11,,26928.0,1,1,1,23,548.0,0
496,41,Dammam,2,41685.0,64398.0,2,0,1,16,547.0,0
497,24,Makkah,11,62861.0,138959.0,1,0,1,22,684.0,0
498,39,Madinah,7,39873.0,62625.0,2,1,1,22,680.0,0
499,70,Makkah,14,34258.0,20175.0,1,1,1,18,584.0,0
500,42,Dammam,0,35405.0,11753.0,1,1,1,11,643.0,0
501,24,Makkah,14,65923.0,148566.0,2,0,1,22,555.0,0
502,55,Riyadh,3,74056.0,21783.0,1,0,1,27,634.0,0
503,72,Madinah,0,28751.0,25790.0,2,1,1,25,786.0,1
504,67,Riyadh,10,28730.0,25791.0,2,0,1,17,845.0,0
505,33,Riyadh,7,48517.0,31957.0,4,1,0,13,636.0,0
506,43,Riyadh,12,86143.0,142267.0,1,1,1,16,697.0,0
507,48,Makkah,1,71182.0,107730.0,1,1,1,14,692.0,0
508,32,Jeddah,1,21463.0,26538.0,1,1,0,10,497.0,0
509,33,Dammam,8,35170.0,37172.0,3,1,0,11,550.0,0
510,31,Jeddah,13,25202.0,28652.0,1,1,1,18,444.0,0
511,74,Jeddah,6,35110.0,62353.0,1,1,0,13,694.0,1
512,60,Madinah,11,89519.0,123249.0,2,1,0,9,834.0,0
513,65,Jeddah,13,19706.0,25041.0,1,1,1,29,748.0,0
514,64,Dammam,13,17864.0,30658.0,2,0,0,13,656.0,0
515,72,Makkah,7,26522.0,14103.0,2,0,1,16,644.0,0
516,24,Riyadh,10,46335.0,9898.0,2,1,1,16,623.0,0
517,68,Jeddah,7,54742.0,95327.0,2,1,0,11,751.0,0
518,21,Riyadh,10,49947.0,69716.0,1,1,1,21,674.0,0
519,45,Jeddah,8,72247.0,29238.0,2,1,0,12,663.0,0
520,51,Makkah,7,16622.0,10820.0,2,1,1,22,552.0,0
521,38,Riyadh,6,72705.0,140395.0,1,1,0,14,711.0,0
522,26,Riyadh,9,34336.0,48289.0,3,1,1,23,640.0,0
523,28,Dammam,11,57858.0,87201.0,2,0,1,25,692.0,1
524,65,Dammam,13,20708.0,5284.0,3,1,1,19,742.0,0
525,36,Jeddah,9,40234.0,84886.0,2,0,1,26,507.0,0
526,35,Jeddah,1,45168.0,63766.0,1,0,1,20,628.0,1
527,70,Riyadh,8,71530.0,84548.0,1,0,0,15,617.0,0
528,26,Riyadh,4,18167.0,10870.0,1,1,1,21,,0
529,70,Jeddah,0,40757.0,43291.0,1,1,1,18,554.0,0
530,70,Dammam,1,23327.0,30822.0,1,1,1,21,587.0,1
531,52,Makkah,8,51676.0,86083.0,1,1,0,13,556.0,0
532,27,Jeddah,14,59196.0,147601.0,1,1,1,24,730.0,0
533,26,Riyadh,7,76388.0,100385.0,3,1,1,24,692.0,0
534,34,Riyadh,6,30714.0,20594.0,1,0,1,28,681.0,0
535,50,Makkah,1,63807.0,51722.0,2,1,1,17,483.0,0
536,26,Dammam,10,79257.0,146664.0,2,1,0,22,833.0,0
537,43,Makkah,0,17648.0,7672.0,2,1,1,19,615.0,0
538,24,Jeddah,12,54512.0,33627.0,1,0,0,10,812.0,1
539,48,Riyadh,12,64813.0,114176.0,2,0,1,20,724.0,0
540,19,Madinah,14,35265.0,41631.0,2,1,1,13,633.0,0
541,58,Riyadh,4,21908.0,32442.0,3,1,0,6,836.0,1
542,21,Riyadh,2,64310.0,18275.0,1,1,0,13,707.0,0
543,29,Jeddah,4,22032.0,14191.0,1,1,1,19,632.0,0
544,27,Dammam,11,36711.0,24965.0,2,1,1,22,618.0,0
545,65,Jeddah,3,39338.0,48039.0,1,1,0,6,747.0,0
546,21,Dammam,13,57398.0,109010.0,2,1,1,18,607.0,0
547,42,Jeddah,2,29339.0,22953.0,2,0,0,13,619.0,0
548,51,Makkah,0,28501.0,21180.0,2,1,1,21,599.0,0
549,47,Makkah,3,42170.0,11709.0,4,1,0,11,586.0,0
550,56,Dammam,11,66383.0,109854.0,2,1,1,17,594.0,0
551,63,Riyadh,9,125961.0,271931.0,3,1,1,27,822.0,0
552,40,Jeddah,5,18888.0,27812.0,2,0,1,23,743.0,0
553,65,Makkah,9,46989.0,25449.0,1,1,1,27,676.0,1
554,36,Riyadh,9,23312.0,32232.0,2,1,1,18,603.0,0
555,74,Riyadh,8,66796.0,44671.0,2,1,1,22,607.0,0
556,46,Madinah,7,25103.0,3177.0,4,1,1,32,620.0,0
557,59,Makkah,1,28643.0,9346.0,1,1,1,20,814.0,0
558,67,Madinah,3,29893.0,6833.0,1,1,1,16,679.0,0
559,63,Jeddah,7,38634.0,17425.0,3,1,0,9,721.0,1
560,66,Riyadh,2,47174.0,62458.0,1,0,1,20,673.0,0
561,48,Riyadh,7,51116.0,32751.0,2,1,0,12,575.0,0
562,20,Dammam,1,40019.0,48227.0,2,0,1,15,663.0,0
563,46,Makkah,11,20641.0,45618.0,1,1,0,11,555.0,0
564,28,Jeddah,1,57751.0,53525.0,1,1,1,25,,0
565,68,Jeddah,1,39086.0,30938.0,3,1,1,17,587.0,0
566,31,Makkah,9,71745.0,118354.0,1,1,1,21,606.0,0
567,30,Riyadh,3,28173.0,6181.0,2,1,1,18,726.0,0
568,32,Riyadh,5,18013.0,15106.0,2,1,0,11,589.0,0
569,54,Madinah,4,39458.0,36615.0,2,1,0,12,634.0,0
570,50,Jeddah,3,76724.0,110734.0,1,1,0,13,420.0,0
571,72,Makkah,11,43498.0,82970.0,1,1,1,27,625.0,0
572,41,Madinah,10,36321.0,69735.0,3,1,1,25,707.0,0
573,34,Makkah,3,25973.0,31718.0,1,0,0,11,596.0,0
574,20,Jeddah,10,96653.0,118783.0,1,1,0,13,710.0,0
575,18,Dammam,10,23985.0,44987.0,3,1,1,19,651.0,1
576,39,Dammam,8,27926.0,51461.0,1,1,1,12,751.0,0
577,70,Madinah,8,53371.0,55793.0,1,1,1,28,589.0,0
578,47,Riyadh,14,,39900.0,4,1,1,15,630.0,0
579,68,Dammam,6,75909.0,130110.0,1,1,1,22,525.0,0
580,23,Makkah,5,54836.0,54163.0,1,0,0,5,647.0,0
581,23,Jeddah,8,62920.0,13254.0,1,0,0,9,618.0,0
582,65,Dammam,12,53054.0,31876.0,2,1,1,14,742.0,0
583,24,Riyadh,10,37028.0,65305.0,3,1,0,16,597.0,0
584,20,Riyadh,1,23586.0,5230.0,2,1,0,12,614.0,0
585,41,Riyadh,6,37420.0,35570.0,4,1,1,23,593.0,1
586,70,Jeddah,11,24646.0,35414.0,1,1,1,21,655.0,0
587,57,Riyadh,3,51179.0,77902.0,2,1,1,20,834.0,0
588,23,Jeddah,14,60077.0,130555.0,1,1,1,21,341.0,0
589,65,Jeddah,12,83986.0,155637.0,3,1,1,11,654.0,0
590,66,Riyadh,12,48334.0,49583.0,3,1,0,12,761.0,0
591,63,Riyadh,1,63722.0,17146.0,1,1,1,21,610.0,0
592,69,Dammam,8,34594.0,49448.0,3,1,0,14,701.0,0
593,31,Jeddah,7,31598.0,13346.0,2,1,0,21,759.0,0
594,73,Dammam,9,50860.0,63710.0,1,1,1,14,630.0,0
595,36,Makkah,12,,77916.0,2,1,0,10,595.0,0
596,63,Makkah,5,45917.0,48669.0,4,0,0,11,739.0,0
597,51,Dammam,8,23609.0,32592.0,1,1,0,16,697.0,0
598,62,Dammam,10,25827.0,39999.0,1,1,1,21,647.0,0
599,53,Jeddah,11,55144.0,107189.0,4,1,1,17,711.0,0
600,54,Jeddah,11,62526.0,65972.0,1,1,0,15,743.0,1
601,999,Riyadh,5,24518.0,23641.0,1,1,0,10,648.0,1
602,62,Madinah,14,56123.0,29115.0,2,1,1,12,683.0,0
603,60,Makkah,0,30750.0,28945.0,2,1,1,20,700.0,1
604,25,Dammam,7,40467.0,26160.0,1,0,0,13,612.0,0
605,65,Dammam,9,81509.0,92902.0,1,1,0,10,765.0,1
606,48,Jeddah,0,60099.0,69805.0,3,1,1,17,563.0,1
607,36,Riyadh,6,59751.0,5863.0,2,1,0,8,644.0,0
608,47,Riyadh,8,104234.0,126618.0,2,0,1,9,729.0,0
609,73,Riyadh,9,28228.0,12340.0,3,0,0,10,558.0,0
610,66,Makkah,1,24516.0,11715.0,1,1,1,23,731.0,0
611,65,Dammam,4,27971.0,3368.0,3,0,1,23,670.0,0
612,44,Jeddah,3,35339.0,12018.0,2,0,1,12,773.0,0
613,62,Riyadh,9,12366.0,26548.0,3,1,1,18,706.0,0
614,39,Makkah,4,36181.0,65033.0,1,1,0,12,639.0,0
615,57,Makkah,8,30568.0,46809.0,1,1,0,7,674.0,0
616,54,Makkah,10,59390.0,83490.0,2,1,1,26,680.0,0
617,32,Jeddah,11,47868.0,87303.0,3,1,1,20,837.0,0
618,33,Jeddah,2,29722.0,44137.0,4,1,1,20,661.0,0
619,21,Jeddah,13,53905.0,71421.0,1,1,0,14,643.0,0
620,25,Riyadh,2,57620.0,6412.0,2,0,1,16,638.0,0
621,42,Jeddah,0,27330.0,29479.0,1,1,0,13,670.0,1
622,45,Jeddah,0,31366.0,46349.0,2,1,0,16,551.0,0
623,27,Dammam,3,13191.0,6435.0,3,0,0,4,617.0,0
624,41,Jeddah,13,23264.0,27715.0,2,1,1,16,561.0,0
625,52,Riyadh,3,27688.0,18272.0,1,1,1,17,573.0,0
626,31,Jeddah,10,41651.0,38497.0,4,1,1,23,727.0,0
627,37,Jeddah,6,,35645.0,1,1,1,15,655.0,0
628,38,Dammam,0,31048.0,18588.0,2,1,0,10,586.0,0
629,46,Makkah,6,21749.0,39995.0,2,1,0,10,639.0,0
630,38,Riyadh,0,43720.0,52246.0,2,1,0,7,632.0,1
631,60,Jeddah,7,49655.0,6039.0,2,0,0,10,,0
632,36,Jeddah,8,49079.0,84988.0,2,0,1,23,519.0,0
633,42,Dammam,7,40384.0,63822.0,1,0,0,10,556.0,0
634,39,Makkah,4,18573.0,17806.0,1,1,1,20,522.0,0
635,28,Jeddah,11,29437.0,35151.0,2,0,1,30,572.0,0
636,57,Makkah,8,32740.0,57823.0,2,0,1,15,588.0,0
637,31,Riyadh,3,32806.0,25124.0,2,1,0,9,560.0,0
638,34,Madinah,6,41668.0,15233.0,1,1,1,17,723.0,0
639,63,Makkah,1,81860.0,43295.0,1,1,0,10,824.0,0
640,72,Riyadh,13,60237.0,43190.0,2,1,0,11,,0
641,56,Dammam,11,24495.0,39392.0,2,0,1,20,602.0,0
642,70,Jeddah,4,56342.0,20916.0,2,1,1,12,,0
643,66,Madinah,10,55279.0,81668.0,2,1,1,17,650.0,0
644,45,Riyadh,10,26822.0,29195.0,1,1,1,25,598.0,0
645,61,Dammam,9,61355.0,112764.0,1,1,0,8,775.0,1
646,36,Jeddah,0,37042.0,27902.0,1,1,1,21,834.0,0
647,44,Riyadh,13,19831.0,45751.0,2,0,0,14,520.0,0
648,48,Makkah,14,50393.0,116139.0,1,0,1,33,785.0,0
649,72,Dammam,14,44734.0,24234.0,1,0,1,20,601.0,0
650,66,Jeddah,14,35816.0,63624.0,4,1,0,9,630.0,0
651,45,Madinah,13,39390.0,23476.0,1,0,0,11,679.0,1
652,55,Madinah,11,28014.0,54008.0,2,1,0,9,792.0,0
653,29,Makkah,0,54451.0,52915.0,1,0,1,22,681.0,0
654,63,Riyadh,6,39272.0,24326.0,1,1,0,11,691.0,1
655,49,Madinah,3,43618.0,20628.0,1,1,1,22,731.0,0
656,48,Riyadh,3,47982.0,37129.0,3,0,0,18,746.0,0
657,61,Jeddah,12,22532.0,43660.0,2,0,1,16,698.0,0
658,54,Madinah,12,25664.0,49457.0,2,1,0,10,744.0,1
659,22,Riyadh,7,13293.0,1766.0,4,0,1,22,598.0,0
660,34,Riyadh,11,53230.0,40289.0,1,0,1,23,499.0,0
661,28,Makkah,1,21892.0,15243.0,2,1,0,10,816.0,0
662,59,Riyadh,3,42885.0,44341.0,1,1,0,17,561.0,1
663,20,Riyadh,12,48315.0,20626.0,2,1,1,21,607.0,0
664,29,Riyadh,6,54240.0,37806.0,3,1,1,20,626.0,0
665,52,Dammam,8,21982.0,41057.0,1,1,1,11,607.0,0
666,57,Jeddah,6,38848.0,37422.0,4,1,0,13,589.0,0
667,46,Jeddah,3,92516.0,120119.0,2,1,1,16,701.0,0
668,67,Madinah,12,94576.0,113934.0,1,1,1,19,702.0,0
669,70,Makkah,11,65753.0,73811.0,1,1,1,26,712.0,0
670,25,Dammam,10,47512.0,67832.0,2,1,0,14,705.0,0
671,72,Riyadh,5,24281.0,12932.0,2,1,0,13,615.0,0
672,53,Makkah,9,57487.0,34360.0,1,1,1,22,618.0,0
673,54,Riyadh,14,37086.0,93596.0,2,1,1,16,754.0,0
674,23,Madinah,9,53118.0,100901.0,1,1,1,23,608.0,0
675,53,Riyadh,7,29248.0,44213.0,4,0,1,17,604.0,1
676,59,Makkah,4,36810.0,10993.0,1,1,0,16,737.0,0
677,51,Madinah,7,43568.0,5519.0,2,1,1,20,653.0,0
678,22,Riyadh,5,45394.0,17269.0,2,1,1,29,609.0,0
679,47,Riyadh,9,51373.0,105010.0,2,1,1,16,611.0,0
680,71,Riyadh,0,30044.0,37063.0,3,1,1,22,754.0,0
681,59,Riyadh,2,,18234.0,3,1,1,13,705.0,1
682,25,Jeddah,11,90436.0,203918.0,1,1,0,16,680.0,0
683,72,Riyadh,5,139334.0,45727.0,1,0,1,21,559.0,0
684,72,Riyadh,6,50197.0,56170.0,2,1,1,20,677.0,0
685,27,Jeddah,8,20702.0,9149.0,1,1,0,12,633.0,0
686,63,Riyadh,6,27266.0,17522.0,2,0,1,12,571.0,0
687,41,Makkah,11,51770.0,113400.0,1,1,0,20,601.0,1
688,51,Riyadh,3,78477.0,118136.0,3,1,0,12,721.0,0
689,43,Riyadh,11,21885.0,6703.0,2,0,1,20,764.0,0
690,62,Riyadh,3,37716.0,17863.0,2,1,1,17,559.0,0
691,74,Riyadh,5,44266.0,50465.0,1,1,1,19,571.0,0
692,63,Riyadh,8,61839.0,12031.0,4,1,1,25,719.0,0
693,71,Riyadh,13,33799.0,47271.0,2,0,1,22,617.0,1
694,71,Riyadh,3,18363.0,18953.0,3,1,0,10,702.0,1
695,23,Jeddah,8,54754.0,36174.0,3,1,1,19,617.0,0
696,32,Jeddah,0,70432.0,33457.0,1,1,1,26,709.0,0
697,59,Dammam,1,38511.0,15453.0,1,0,1,13,530.0,0
698,51,Madinah,11,49149.0,107166.0,1,0,1,22,704.0,0
699,20,Dammam,10,31658.0,29151.0,2,1,0,6,464.0,0
700,23,Riyadh,5,26294.0,29536.0,2,1,0,6,736.0,0
701,47,Jeddah,9,67051.0,47376.0,1,0,1,18,654.0,0
702,53,Dammam,5,48715.0,65087.0,4,1,1,12,695.0,1
703,27,Jeddah,4,51287.0,12130.0,1,1,1,16,676.0,0
704,27,Riyadh,6,85055.0,17015.0,2,1,0,13,505.0,1
705,25,Makkah,4,23685.0,32094.0,2,1,1,20,775.0,0
706,50,Riyadh,12,30454.0,53778.0,1,1,1,16,683.0,0
707,18,Riyadh,6,43433.0,24519.0,1,1,0,8,722.0,0
708,50,Dammam,4,30268.0,20515.0,2,1,1,24,581.0,0
709,45,Madinah,8,59371.0,119528.0,2,1,1,22,678.0,0
710,44,Madinah,11,36545.0,11401.0,1,0,1,22,536.0,0
711,56,Madinah,4,24434.0,9253.0,2,1,1,16,666.0,0
712,47,Jeddah,14,41477.0,47493.0,2,1,1,18,570.0,0
713,59,Jeddah,6,43703.0,26080.0,1,1,0,10,850.0,0
714,61,Riyadh,9,64045.0,92035.0,2,0,0,9,711.0,0
715,70,Jeddah,14,48853.0,87317.0,1,1,0,11,775.0,0
716,63,Makkah,6,50543.0,53436.0,3,1,1,24,633.0,0
717,47,Riyadh,2,47106.0,48513.0,2,1,1,18,691.0,0
718,46,Riyadh,11,36530.0,38415.0,1,1,1,24,735.0,0
719,31,Madinah,0,28054.0,32334.0,2,1,1,21,556.0,0
720,52,Riyadh,6,,6694.0,1,0,1,17,594.0,0
721,25,Riyadh,14,33977.0,29094.0,3,0,0,7,741.0,0
722,71,Madinah,6,93425.0,126605.0,2,1,0,16,640.0,0
723,66,Riyadh,10,78519.0,62185.0,1,0,1,19,591.0,0
724,24,Makkah,7,55073.0,12184.0,2,1,1,21,599.0,0
725,62,Riyadh,3,48496.0,30689.0,1,1,1,31,545.0,0
726,24,Riyadh,4,38408.0,49854.0,3,1,1,22,477.0,0
727,59,Riyadh,7,21363.0,6543.0,3,1,1,21,499.0,0
728,22,Riyadh,1,36023.0,41634.0,2,1,0,8,658.0,0
729,45,Jeddah,6,42222.0,64462.0,2,1,1,19,715.0,0
730,55,Dammam,6,45014.0,56832.0,2,0,1,23,850.0,0
731,59,Jeddah,12,50755.0,32819.0,1,0,1,18,651.0,1
732,41,Jeddah,1,63619.0,81341.0,1,1,0,6,541.0,0
733,70,Riyadh,12,28394.0,16398.0,3,1,1,19,650.0,1
734,62,Dammam,6,28523.0,50556.0,1,1,0,12,716.0,1
735,29,Riyadh,9,82903.0,129181.0,1,1,0,8,751.0,1
736,56,Riyadh,8,59012.0,10686.0,1,1,1,12,740.0,0
737,59,Madinah,4,33012.0,47892.0,4,0,1,16,705.0,0
738,37,Madinah,13,38040.0,49229.0,3,0,1,17,662.0,0
739,60,Riyadh,3,38126.0,30969.0,1,1,0,11,720.0,0
740,69,Riyadh,0,40773.0,26900.0,1,1,0,17,547.0,0
741,64,Jeddah,11,50835.0,73248.0,3,1,1,23,474.0,1
742,61,Jeddah,9,142557.0,227510.0,1,1,1,23,850.0,0
743,54,Madinah,13,44129.0,98237.0,4,1,1,23,650.0,0
744,33,Jeddah,6,55899.0,32394.0,3,1,0,14,704.0,1
745,63,Riyadh,0,17271.0,16660.0,2,0,1,15,400.0,0
746,38,Jeddah,0,31494.0,32917.0,1,0,0,11,792.0,0
747,48,Riyadh,6,,99194.0,2,0,0,12,761.0,0
748,35,Jeddah,3,49078.0,43168.0,4,0,1,17,514.0,0
749,35,Jeddah,13,8000.0,8144.0,1,1,0,7,622.0,0
750,26,Madinah,1,56219.0,68206.0,3,1,1,22,680.0,0
751,72,Riyadh,13,104724.0,83808.0,1,0,1,26,547.0,0
752,26,Dammam,3,14795.0,5984.0,4,0,1,22,695.0,0
753,22,Riyadh,1,85793.0,75800.0,2,0,0,9,753.0,0
754,71,Makkah,4,10037.0,5276.0,1,0,1,17,680.0,1
755,49,Riyadh,2,64151.0,6929.0,2,0,1,15,515.0,0
756,42,Riyadh,6,39962.0,6483.0,1,0,1,22,561.0,0
757,60,Riyadh,4,12395.0,15733.0,1,0,1,21,640.0,1
758,39,Makkah,7,50165.0,98947.0,3,1,1,15,633.0,0
759,25,Riyadh,8,71355.0,70857.0,1,1,1,15,637.0,0
760,59,Dammam,0,48144.0,12673.0,4,0,0,9,631.0,0
761,28,Riyadh,1,53767.0,69791.0,1,1,0,19,493.0,0
762,49,Dammam,2,32668.0,15419.0,2,0,1,19,726.0,0
763,72,Madinah,2,15824.0,25999.0,4,1,1,16,708.0,0
764,71,Riyadh,1,56723.0,51622.0,2,1,0,9,703.0,0
765,38,Dammam,4,96267.0,44743.0,3,1,1,11,698.0,0
766,62,Jeddah,8,70600.0,76028.0,4,1,0,10,631.0,1
767,52,Jeddah,4,14855.0,9560.0,2,1,1,21,597.0,0
768,45,Riyadh,4,18818.0,26652.0,2,0,1,20,560.0,0
769,25,Riyadh,7,26292.0,7221.0,1,1,1,22,791.0,0
770,39,Makkah,8,18097.0,32750.0,1,1,1,25,650.0,0
771,55,Riyadh,4,41031.0,57245.0,1,1,0,6,505.0,1
772,74,Riyadh,3,48860.0,72988.0,3,0,1,15,652.0,0
773,18,Riyadh,6,19631.0,34395.0,2,1,1,31,464.0,1
774,58,Dammam,0,59193.0,22681.0,2,1,0,9,678.0,0
775,66,Madinah,7,54206.0,58942.0,3,1,0,12,668.0,1
776,72,Makkah,14,30513.0,66520.0,1,1,1,21,604.0,0
777,42,Makkah,5,36818.0,27485.0,4,1,0,14,569.0,0
778,24,Madinah,1,15140.0,2187.0,1,1,1,19,702.0,0
779,33,Dammam,10,33992.0,24111.0,1,1,1,24,646.0,1
780,66,Jeddah,1,40283.0,16952.0,2,0,0,9,479.0,0
781,68,Jeddah,2,43668.0,63002.0,1,0,1,19,763.0,0
782,54,Madinah,2,48506.0,38554.0,2,1,1,20,570.0,0
783,24,Riyadh,13,45348.0,77902.0,2,1,1,23,536.0,0
784,24,Jeddah,14,35166.0,86390.0,3,1,1,21,776.0,0
785,45,Makkah,8,46309.0,31367.0,1,1,0,11,750.0,0
786,51,Riyadh,9,66238.0,110811.0,1,1,1,24,619.0,1
787,19,Makkah,9,38263.0,4605.0,1,1,0,7,541.0,1
788,57,Makkah,9,47042.0,13708.0,2,0,1,22,573.0,0
789,49,Jeddah,8,36567.0,14575.0,1,1,1,28,614.0,1
790,18,Makkah,14,29046.0,24838.0,1,1,0,20,762.0,1
791,23,Riyadh,10,52127.0,49599.0,3,0,1,19,772.0,1
792,43,Madinah,1,30406.0,23679.0,3,1,1,17,668.0,0
793,59,Riyadh,5,48682.0,24690.0,3,0,1,14,713.0,0
794,65,Riyadh,14,40706.0,10104.0,1,0,1,15,635.0,0
795,42,Jeddah,6,34476.0,46271.0,2,1,0,12,575.0,0
796,34,Dammam,3,34062.0,3302.0,1,1,0,15,518.0,0
797,73,Dammam,13,31130.0,62856.0,1,0,0,8,682.0,1
798,44,Jeddah,9,17625.0,35709.0,1,1,1,22,733.0,0
799,35,Makkah,8,48603.0,73490.0,3,0,1,13,609.0,0
800,43,Dammam,6,45061.0,53550.0,2,1,1,15,761.0,1
801,18,Makkah,1,61380.0,64622.0,1,1,1,22,621.0,0
802,35,Riyadh,5,30769.0,38297.0,2,1,1,20,661.0,0
803,47,Madinah,6,103538.0,188570.0,4,1,0,8,640.0,0
804,70,Madinah,13,33194.0,79320.0,1,1,0,6,765.0,0
805,60,Madinah,4,25912.0,20794.0,3,1,1,17,697.0,0
806,62,Jeddah,2,24420.0,25378.0,1,0,0,13,647.0,0
807,49,Madinah,6,16866.0,26619.0,1,0,1,23,659.0,0
808,24,Riyadh,14,86363.0,7562.0,3,1,0,11,552.0,0
809,40,Riyadh,7,79661.0,87558.0,1,1,1,23,457.0,0
810,74,Jeddah,5,54197.0,67521.0,2,0,1,25,608.0,0
811,20,Madinah,10,25641.0,41921.0,1,1,1,20,635.0,0
812,68,Madinah,9,99273.0,84172.0,2,1,1,23,708.0,0
813,57,Jeddah,4,33663.0,19337.0,2,1,1,22,639.0,0
814,34,Makkah,14,35084.0,18734.0,3,1,0,14,611.0,0
815,62,Jeddah,8,,99004.0,3,1,1,12,393.0,0
816,65,Riyadh,0,55796.0,77165.0,2,1,0,22,703.0,0
817,20,Dammam,6,120638.0,211589.0,1,1,0,17,681.0,0
818,24,Riyadh,13,45450.0,42892.0,1,0,1,19,728.0,0
819,55,Dammam,5,32908.0,17437.0,2,1,0,13,656.0,0
820,74,Riyadh,8,29558.0,49399.0,2,1,0,10,756.0,0
821,19,Riyadh,9,15939.0,25451.0,1,1,1,23,602.0,0
822,55,Dammam,10,34916.0,40995.0,4,1,1,21,650.0,1
823,25,Jeddah,13,71132.0,72075.0,1,1,1,18,679.0,0
824,55,Makkah,2,54145.0,13669.0,1,1,0,9,715.0,0
825,53,Dammam,7,40544.0,65049.0,3,0,1,18,692.0,0
826,23,Riyadh,8,24405.0,32299.0,2,1,1,22,695.0,0
827,56,Makkah,2,44956.0,29497.0,2,1,1,20,679.0,0
828,69,Riyadh,10,66596.0,138078.0,1,0,0,13,639.0,1
829,67,Dammam,1,49780.0,52610.0,1,1,1,16,736.0,0
830,19,Jeddah,6,43624.0,79248.0,2,1,1,24,504.0,0
831,32,Riyadh,4,26944.0,23858.0,1,1,0,16,596.0,0
832,31,Jeddah,2,61920.0,48305.0,2,1,0,13,799.0,0
833,43,Madinah,12,8384.0,18901.0,1,1,1,19,590.0,0
834,26,Riyadh,3,48602.0,80580.0,1,1,0,8,648.0,0
835,66,Madinah,3,145097.0,240800.0,1,1,0,13,789.0,0
836,62,Jeddah,12,18879.0,37377.0,1,1,1,15,641.0,0
837,64,Riyadh,13,35572.0,42288.0,1,0,0,8,579.0,1
838,29,Dammam,0,39976.0,14189.0,2,0,0,12,762.0,0
839,18,Dammam,4,31847.0,23159.0,2,1,1,22,627.0,0
840,69,Jeddah,10,67386.0,142575.0,1,1,1,24,,0
841,34,Riyadh,11,50829.0,45471.0,2,1,1,22,477.0,0
842,55,Makkah,14,43310.0,84468.0,1,0,0,11,643.0,0
843,69,Makkah,8,59793.0,116220.0,1,0,0,8,717.0,1
844,20,Makkah,0,,58970.0,3,1,1,24,615.0,0
845,18,Makkah,13,196798.0,462438.0,2,0,1,13,554.0,0
846,18,Jeddah,2,43290.0,40706.0,2,1,1,14,611.0,1
847,26,Jeddah,1,44251.0,35462.0,1,1,0,12,599.0,1
848,20,Dammam,10,17065.0,37938.0,1,1,0,12,629.0,0
849,64,Riyadh,9,30585.0,16247.0,2,1,0,6,606.0,0
850,52,Dammam,0,71231.0,22931.0,2,0,1,14,807.0,0
851,73,Riyadh,2,20584.0,32755.0,2,1,1,20,679.0,0
852,63,Makkah,8,13646.0,20047.0,4,0,0,9,495.0,0
853,72,Riyadh,3,40789.0,38822.0,1,1,1,16,661.0,1
854,31,Makkah,10,79648.0,28849.0,3,1,1,23,654.0,0
855,34,Riyadh,6,40994.0,42325.0,2,1,1,17,762.0,0
856,66,Madinah,8,33926.0,67403.0,1,1,1,21,639.0,0
857,31,Dammam,7,15847.0,19772.0,1,0,0,12,635.0,0
858,21,Jeddah,5,50318.0,40048.0,2,0,1,23,823.0,0
859,56,Riyadh,5,55862.0,59290.0,1,1,0,8,559.0,1
860,63,Dammam,10,16467.0,32973.0,2,1,0,13,723.0,0
861,73,Jeddah,7,70775.0,131245.0,2,1,0,4,663.0,0
862,70,Makkah,8,58856.0,51922.0,2,1,1,28,611.0,1
863,24,Makkah,8,70697.0,92215.0,2,1,0,14,599.0,0
864,62,Dammam,3,53732.0,28106.0,2,1,1,20,778.0,0
865,66,Riyadh,13,55650.0,64650.0,2,0,1,20,697.0,0
866,57,Riyadh,8,52071.0,26887.0,3,1,1,20,709.0,0
867,64,Jeddah,10,61959.0,76269.0,1,1,1,17,736.0,0
868,65,Jeddah,13,16165.0,23697.0,4,1,1,16,682.0,0
869,43,Dammam,13,18948.0,16878.0,1,1,1,12,556.0,0
870,20,Jeddah,10,27778.0,18524.0,1,1,1,20,511.0,1
871,44,Jeddah,11,37612.0,15682.0,2,1,1,13,792.0,0
872,29,Jeddah,7,48731.0,16601.0,1,1,1,20,674.0,0
873,24,Jeddah,11,47209.0,79146.0,1,1,0,13,662.0,0
874,25,Makkah,4,70161.0,31267.0,1,1,1,14,819.0,0
875,57,Riyadh,10,71271.0,23633.0,2,1,1,19,561.0,0
876,46,Riyadh,1,25947.0,40822.0,2,0,1,26,425.0,0
877,48,Riyadh,13,45220.0,31851.0,1,1,0,7,491.0,0
878,60,Riyadh,3,26267.0,40757.0,2,0,0,12,605.0,0
879,49,Dammam,9,36530.0,49437.0,1,0,1,16,664.0,0
880,53,Makkah,0,47141.0,51235.0,4,1,1,16,780.0,0
881,22,Dammam,2,8000.0,7597.0,1,0,1,21,727.0,0
882,66,Madinah,14,134004.0,71116.0,2,1,1,22,433.0,0
883,43,Riyadh,12,53274.0,108954.0,2,1,1,15,850.0,0
884,26,Riyadh,3,29797.0,42852.0,2,1,0,14,616.0,0
885,64,Riyadh,1,105207.0,61535.0,4,1,1,22,771.0,0
886,59,Dammam,12,33735.0,62482.0,1,1,0,16,703.0,1
887,21,Jeddah,14,42884.0,61049.0,2,1,1,20,655.0,0
888,29,Riyadh,2,31459.0,47344.0,1,0,0,8,632.0,0
889,18,Riyadh,9,91674.0,161386.0,2,1,0,16,559.0,0
890,33,Madinah,4,38082.0,5001.0,1,1,1,25,538.0,0
891,23,Riyadh,11,43250.0,88821.0,1,1,0,8,639.0,1
892,58,Riyadh,6,73269.0,138533.0,1,1,1,15,532.0,0
893,47,Jeddah,1,53775.0,63585.0,1,1,1,18,804.0,0
894,73,Jeddah,4,39059.0,10493.0,4,0,0,16,663.0,1
895,60,Dammam,8,69926.0,119502.0,2,0,1,24,845.0,0
896,52,Dammam,11,142806.0,218883.0,1,1,0,10,625.0,1
897,47,Makkah,0,47038.0,25462.0,2,1,1,17,602.0,0
898,21,Makkah,14,42548.0,96334.0,2,1,1,13,707.0,0
899,22,Jeddah,9,43709.0,55143.0,1,1,1,24,631.0,0
900,53,Makkah,13,77282.0,164080.0,1,1,0,8,745.0,1
901,18,Dammam,13,29745.0,50143.0,2,1,1,17,782.0,0
902,20,Makkah,2,34921.0,17991.0,1,0,1,19,752.0,0
903,30,Jeddah,1,18607.0,28598.0,2,1,1,19,775.0,0
904,68,Riyadh,11,22205.0,30217.0,1,1,1,17,726.0,0
905,44,Dammam,2,30980.0,27238.0,1,1,0,11,604.0,0
906,58,Madinah,2,39028.0,27265.0,2,1,0,16,756.0,1
907,41,Madinah,7,97202.0,32504.0,2,1,1,26,723.0,0
908,27,Riyadh,13,52470.0,90472.0,4,0,0,14,600.0,1
909,39,Jeddah,11,25437.0,26600.0,1,1,1,27,608.0,0
910,23,Makkah,7,27890.0,52907.0,2,1,0,10,645.0,0
911,61,Jeddah,2,79808.0,127240.0,3,0,0,21,758.0,0
912,28,Jeddah,5,70496.0,102491.0,2,1,1,24,668.0,1
913,39,Madinah,10,40704.0,24521.0,4,1,0,11,654.0,1
914,73,Jeddah,2,32168.0,38505.0,4,1,1,30,639.0,0
915,51,Riyadh,7,70436.0,7570.0,3,1,1,24,625.0,1
916,44,Riyadh,0,24424.0,30488.0,4,1,0,10,548.0,0
917,48,Jeddah,4,48826.0,44866.0,2,1,0,10,726.0,0
918,62,Jeddah,3,125033.0,202493.0,2,1,0,15,571.0,0
919,32,Madinah,10,44475.0,39878.0,3,1,1,12,661.0,0
920,54,Makkah,13,27233.0,19394.0,3,1,0,14,616.0,1
921,67,Riyadh,2,49276.0,80917.0,1,0,1,21,724.0,0
922,50,Makkah,11,31729.0,40302.0,1,1,1,27,622.0,0
923,43,Riyadh,9,19989.0,37726.0,1,1,0,8,561.0,0
924,26,Riyadh,14,56984.0,132816.0,3,0,0,3,745.0,0
925,32,Jeddah,13,70187.0,92853.0,1,1,0,5,583.0,0
926,71,Jeddah,1,34357.0,25641.0,1,1,0,13,667.0,1
927,48,Riyadh,11,33236.0,43875.0,2,0,0,11,768.0,0
928,35,Jeddah,8,24815.0,44441.0,1,1,1,24,587.0,1
929,41,Madinah,1,37236.0,56643.0,4,1,0,12,644.0,1
930,50,Dammam,3,30297.0,18329.0,2,1,0,12,614.0,1
931,48,Riyadh,13,24209.0,44779.0,1,1,1,18,664.0,0
932,57,Madinah,8,,67120.0,1,0,1,24,654.0,0
933,32,Riyadh,5,50678.0,59286.0,2,1,1,23,738.0,0
934,55,Riyadh,4,53434.0,78031.0,2,1,1,13,599.0,0
935,43,Riyadh,12,62424.0,133378.0,2,1,0,16,771.0,0
936,71,Riyadh,4,59013.0,49616.0,1,1,1,16,800.0,1
937,27,Riyadh,2,32645.0,21048.0,3,0,1,14,676.0,0
938,26,Riyadh,8,45994.0,26884.0,2,0,1,24,583.0,0
939,44,Jeddah,14,35083.0,14520.0,2,1,0,12,650.0,0
940,46,Riyadh,2,49973.0,31835.0,1,0,1,16,644.0,0
941,57,Riyadh,3,47612.0,71967.0,4,1,1,25,814.0,0
942,41,Dammam,7,33146.0,29411.0,2,1,0,15,644.0,0
943,70,Jeddah,2,20648.0,11585.0,1,0,1,19,777.0,0
944,45,Dammam,9,43179.0,70232.0,4,1,0,15,664.0,0
945,25,Riyadh,3,36238.0,15111.0,3,1,1,21,658.0,0
946,24,Makkah,1,15597.0,6905.0,2,0,0,9,620.0,1
947,73,Madinah,3,51732.0,83709.0,2,1,1,17,632.0,1
948,25,Riyadh,13,65034.0,18060.0,1,0,1,26,737.0,0
949,72,Dammam,14,,157297.0,2,1,1,12,598.0,0
950,33,Makkah,7,33005.0,39490.0,1,1,0,5,740.0,1
951,23,Jeddah,6,30658.0,15300.0,2,1,1,21,783.0,0
952,35,Riyadh,12,23047.0,16869.0,1,1,0,10,599.0,0
953,53,Riyadh,2,44548.0,18213.0,1,1,0,17,763.0,1
954,42,Dammam,9,44407.0,35448.0,3,1,0,14,749.0,1
955,62,Jeddah,10,26752.0,54286.0,1,0,0,9,731.0,0
956,52,Makkah,10,36774.0,37278.0,3,0,1,22,596.0,0
957,40,Riyadh,3,14923.0,11255.0,1,0,0,12,641.0,1
958,54,Riyadh,10,63780.0,58411.0,1,1,1,18,646.0,0
959,73,Jeddah,9,27301.0,57320.0,1,1,1,17,841.0,0
960,41,Jeddah,13,39445.0,14324.0,1,0,1,18,653.0,0
961,26,Dammam,2,19666.0,28430.0,2,1,0,10,635.0,0
962,41,Riyadh,9,29996.0,22808.0,1,1,1,16,550.0,0
963,65,Jeddah,12,34899.0,80237.0,2,0,1,26,566.0,0
964,30,Makkah,4,39909.0,24284.0,2,0,0,19,592.0,0
965,72,Madinah,11,51015.0,13456.0,1,1,0,14,688.0,1
966,51,Madinah,1,82416.0,69581.0,1,0,0,8,530.0,0
967,52,Jeddah,10,57893.0,33034.0,1,1,1,18,596.0,0
968,36,Madinah,9,64931.0,107504.0,1,1,0,8,489.0,0
969,70,Jeddah,2,82706.0,91258.0,1,1,0,8,784.0,1
970,20,Riyadh,0,53362.0,55784.0,2,1,1,14,665.0,0
971,35,Madinah,11,39405.0,20190.0,2,0,1,23,682.0,0
972,41,Riyadh,3,66473.0,82369.0,3,1,0,8,559.0,0
973,45,Riyadh,7,68631.0,46458.0,2,1,1,21,761.0,0
974,45,Riyadh,0,55508.0,83155.0,2,1,0,11,791.0,0
975,26,Jeddah,14,19393.0,36630.0,1,1,0,14,658.0,0
976,30,Jeddah,8,26351.0,33427.0,1,0,0,10,610.0,0
977,23,Dammam,13,34981.0,75457.0,2,1,0,12,703.0,0
978,50,Riyadh,2,59267.0,58968.0,1,1,1,23,722.0,0
979,37,Riyadh,3,39709.0,38883.0,1,1,0,12,732.0,0
980,50,Riyadh,9,70858.0,40492.0,4,1,1,21,717.0,0
981,51,Riyadh,9,77468.0,116065.0,1,1,1,13,745.0,0
982,58,Riyadh,11,73100.0,67216.0,1,1,0,10,595.0,1
983,49,Riyadh,13,73333.0,13609.0,3,1,1,18,739.0,0
984,54,Madinah,12,23897.0,47155.0,1,0,1,23,612.0,0
985,51,Makkah,2,51089.0,7037.0,1,1,1,19,429.0,1
986,55,Jeddah,4,29621.0,36428.0,1,1,0,11,611.0,0
987,53,Jeddah,13,17597.0,8050.0,1,1,1,30,602.0,0
988,36,Madinah,8,34761.0,32957.0,4,1,0,16,675.0,1
989,32,Dammam,13,77837.0,166406.0,2,0,0,15,733.0,0
990,62,Makkah,8,50532.0,13223.0,2,1,1,17,672.0,0
991,37,Makkah,0,110074.0,111986.0,1,0,0,16,842.0,1
992,49,Riyadh,7,43854.0,55550.0,1,0,1,17,607.0,1
993,29,Riyadh,12,136476.0,285599.0,2,1,0,15,485.0,0
994,42,Riyadh,9,43860.0,19109.0,1,0,1,19,679.0,0
995,48,Jeddah,1,40589.0,51555.0,1,1,0,14,605.0,0
996,53,Madinah,3,21169.0,17106.0,2,1,0,11,554.0,0
997,48,Riyadh,12,69932.0,75139.0,3,1,1,18,630.0,0
998,38,Makkah,14,31224.0,30500.0,3,0,0,16,583.0,1
999,72,Dammam,11,29041.0,27417.0,3,0,0,14,591.0,0
1000,47,Dammam,1,76162.0,64291.0,2,1,1,21,795.0,0
1001,64,Dammam,9,71619.0,21274.0,2,1,1,29,668.0,0
1002,59,Jeddah,12,70688.0,75364.0,3,1,1,23,633.0,0
1003,49,Dammam,9,33487.0,48331.0,1,1,0,14,797.0,0
1004,68,Makkah,8,39125.0,42307.0,1,0,0,7,627.0,1
1005,25,Jeddah,7,38952.0,15274.0,1,1,1,15,543.0,0
1006,70,Riyadh,3,59353.0,39344.0,4,1,0,12,537.0,1
1007,66,Jeddah,4,87272.0,72502.0,3,0,1,13,652.0,1
1008,46,Jeddah,11,48246.0,76267.0,3,1,1,16,507.0,0
1009,59,Makkah,1,107737.0,153409.0,1,0,1,15,555.0,0
1010,47,Riyadh,1,62856.0,55970.0,4,0,0,15,622.0,0
1011,33,Riyadh,5,35689.0,45982.0,1,1,1,15,755.0,0
1012,63,Jeddah,11,60740.0,15245.0,1,1,1,24,772.0,0
1013,32,Makkah,9,94181.0,195827.0,2,1,1,24,719.0,0
1014,35,Jeddah,8,109005.0,77380.0,2,1,0,11,661.0,0
1015,47,Riyadh,8,72653.0,57339.0,3,1,1,21,606.0,0
1016,65,Dammam,1,40653.0,15927.0,1,1,0,13,689.0,0
1017,39,Jeddah,4,36014.0,7467.0,1,1,0,8,814.0,1
1018,46,Jeddah,1,53532.0,67201.0,2,0,1,27,668.0,0
1019,20,Jeddah,11,92687.0,57281.0,1,1,0,8,618.0,0
1020,24,Dammam,11,,35539.0,3,1,1,15,641.0,0
1021,21,Riyadh,3,50376.0,18168.0,1,1,1,23,631.0,0
1022,22,Riyadh,4,41180.0,72324.0,1,1,1,17,704.0,0
1023,67,Dammam,4,34066.0,48340.0,1,1,1,22,585.0,0
1024,65,Riyadh,13,37010.0,85393.0,2,1,0,9,690.0,1
1025,64,Riyadh,7,,75343.0,3,0,0,9,705.0,0
1026,21,Jeddah,11,94755.0,200350.0,1,1,0,11,690.0,0
1027,22,Dammam,6,35602.0,34462.0,1,0,1,25,556.0,0
1028,33,Makkah,10,41205.0,18374.0,3,1,1,20,,0
1029,50,Makkah,7,26038.0,18418.0,2,1,0,12,605.0,0
1030,37,Riyadh,4,57430.0,32670.0,1,1,0,15,649.0,1
1031,45,Riyadh,13,79486.0,142935.0,1,1,0,13,598.0,0
1032,27,Madinah,10,90423.0,11831.0,4,1,1,19,771.0,0
1033,59,Riyadh,11,44431.0,17628.0,2,1,0,11,671.0,0
1034,35,Makkah,14,53486.0,94580.0,1,0,1,20,510.0,0
1035,21,Riyadh,3,37169.0,9788.0,1,0,0,9,534.0,0
1036,60,Jeddah,1,52261.0,6586.0,1,1,0,13,764.0,0
1037,69,Dammam,8,46957.0,13698.0,1,1,1,22,638.0,0
1038,18,Jeddah,4,41321.0,52138.0,1,0,1,15,619.0,0
1039,42,Jeddah,6,42997.0,14087.0,1,1,0,11,756.0,0
1040,65,Riyadh,3,50310.0,15167.0,1,1,0,10,641.0,1
1041,58,Riyadh,5,34646.0,16627.0,1,1,0,9,546.0,1
1042,66,Jeddah,5,35552.0,50609.0,2,0,1,30,552.0,0
1043,41,Makkah,5,94248.0,40116.0,2,1,1,19,716.0,1
1044,39,Jeddah,11,155636.0,24436.0,3,0,1,23,,0
1045,58,Jeddah,8,21978.0,41954.0,1,0,1,21,728.0,0
1046,26,Madinah,7,,38120.0,3,1,1,24,618.0,0
1047,31,Jeddah,1,24870.0,8304.0,3,1,0,13,632.0,1
1048,52,Jeddah,8,38115.0,23199.0,4,0,0,13,658.0,1
1049,56,Riyadh,2,62811.0,22345.0,1,0,0,10,474.0,1
1050,24,Makkah,4,53940.0,70769.0,1,1,1,14,658.0,0
1051,46,Riyadh,6,43740.0,23456.0,2,1,0,11,707.0,0
1052,38,Riyadh,2,52285.0,80554.0,1,0,1,24,815.0,0
1053,46,Riyadh,5,28395.0,44370.0,1,0,1,24,751.0,1
1054,72,Riyadh,4,35523.0,38500.0,1,1,1,23,827.0,0
1055,22,Jeddah,12,39734.0,4003.0,2,0,1,24,805.0,1
1056,74,Riyadh,12,18177.0,38719.0,3,1,1,18,777.0,0
1057,43,Jeddah,0,22457.0,24821.0,1,1,1,19,655.0,0
1058,62,Jeddah,9,22907.0,39608.0,3,1,1,27,683.0,0
1059,42,Riyadh,9,58809.0,13145.0,2,1,0,9,506.0,0
1060,35,Riyadh,5,45373.0,61107.0,1,1,1,16,666.0,0
1061,61,Riyadh,7,54477.0,89478.0,1,0,1,19,706.0,0
1062,57,Dammam,11,15997.0,35634.0,1,1,1,17,626.0,1
1063,26,Dammam,5,19115.0,21306.0,3,0,1,16,513.0,0
1064,58,Riyadh,0,55916.0,43987.0,2,1,0,13,798.0,0
1065,60,Riyadh,5,10003.0,8338.0,2,0,1,20,688.0,0
1066,40,Riyadh,3,74037.0,90836.0,2,1,0,9,812.0,0
1067,70,Makkah,5,16128.0,27925.0,1,0,1,22,718.0,1
1068,54,Madinah,3,61186.0,64710.0,3,1,1,19,779.0,0
1069,37,Jeddah,2,25738.0,10746.0,3,1,1,19,757.0,0
1070,18,Madinah,14,67809.0,8701.0,2,0,0,9,596.0,0
1071,56,Riyadh,1,199602.0,198624.0,2,1,1,20,624.0,0
1072,29,Dammam,10,12880.0,25187.0,1,0,0,14,613.0,0
1073,61,Dammam,10,56823.0,12416.0,1,1,0,15,569.0,0
1074,47,Jeddah,9,16251.0,14762.0,1,1,0,10,810.0,1
1075,44,Dammam,13,49681.0,115834.0,2,1,1,14,659.0,0
1076,27,Jeddah,0,36193.0,28138.0,2,1,0,11,695.0,0
1077,58,Makkah,4,42826.0,19012.0,3,1,0,13,534.0,1
1078,27,Riyadh,2,25442.0,15751.0,1,1,1,17,726.0,0
1079,41,Riyadh,8,59294.0,53277.0,1,1,1,26,619.0,0
1080,65,Jeddah,9,19454.0,6208.0,1,1,1,22,765.0,0
1081,70,Riyadh,13,74669.0,124208.0,4,1,1,22,596.0,1
1082,74,Riyadh,5,32708.0,37150.0,2,1,0,12,773.0,0
1083,72,Riyadh,3,19904.0,22642.0,2,0,1,19,737.0,1
1084,49,Jeddah,13,89096.0,137548.0,2,1,0,14,617.0,0
1085,29,Dammam,10,38806.0,4318.0,2,0,1,15,781.0,0
1086,65,Jeddah,11,104174.0,48921.0,1,1,0,15,764.0,1
1087,63,Jeddah,6,73916.0,27874.0,1,1,1,19,701.0,0
1088,74,Riyadh,6,26928.0,6722.0,1,1,1,21,563.0,0
1089,55,Jeddah,5,,53680.0,1,0,1,20,726.0,0
1090,26,Riyadh,11,42639.0,14817.0,2,0,0,11,660.0,0
1091,46,Riyadh,3,86090.0,100873.0,1,1,1,21,663.0,0
1092,43,Jeddah,14,49949.0,26210.0,2,1,0,9,662.0,0
1093,66,Riyadh,2,43833.0,10682.0,2,1,1,24,652.0,0
1094,40,Riyadh,6,36318.0,13487.0,2,1,0,9,576.0,0
1095,36,Madinah,4,39133.0,36966.0,4,0,1,21,518.0,0
1096,22,Dammam,9,77057.0,110163.0,1,1,1,11,503.0,0
1097,65,Madinah,10,40209.0,74022.0,2,1,1,16,681.0,1
1098,61,Dammam,13,32942.0,12850.0,1,0,1,21,435.0,0
1099,20,Riyadh,11,30265.0,44259.0,2,1,1,24,718.0,0
1100,42,Dammam,3,30428.0,41013.0,2,0,0,16,699.0,0
1101,45,Makkah,3,19909.0,11516.0,1,0,1,24,625.0,0
1102,44,Madinah,13,27579.0,7535.0,1,0,1,21,745.0,0
1103,70,Jeddah,7,84898.0,31647.0,2,1,1,23,635.0,0
1104,26,Riyadh,1,36196.0,6946.0,2,1,0,9,691.0,1
1105,35,Dammam,12,57080.0,122056.0,2,0,1,20,479.0,0
1106,28,Riyadh,9,11622.0,10047.0,1,1,1,17,449.0,0
1107,31,Riyadh,0,53325.0,43132.0,2,1,1,15,634.0,0
1108,69,Riyadh,11,37024.0,66833.0,2,1,1,22,692.0,0
1109,71,Riyadh,9,,26929.0,1,0,1,16,739.0,1
1110,20,Jeddah,9,43936.0,63147.0,2,0,0,14,638.0,0
1111,54,Madinah,12,31322.0,8078.0,2,0,1,15,675.0,1
1112,31,Dammam,7,13878.0,14001.0,3,1,0,15,722.0,1
1113,28,Dammam,6,63648.0,15717.0,1,1,1,22,645.0,0
1114,34,Makkah,9,45320.0,26944.0,1,0,0,8,707.0,1
1115,29,Riyadh,2,34304.0,17937.0,4,1,1,19,552.0,0
1116,45,Jeddah,2,24758.0,29698.0,3,0,0,8,503.0,0
1117,74,Dammam,12,19246.0,31639.0,1,0,0,11,604.0,0
1118,51,Riyadh,3,44889.0,58502.0,3,1,1,15,724.0,0
1119,59,Jeddah,7,,16940.0,1,0,0,16,595.0,0
1120,46,Dammam,4,44426.0,79496.0,3,0,0,9,713.0,0
1121,18,Makkah,3,20103.0,2980.0,1,1,1,24,560.0,1
1122,22,Jeddah,8,44916.0,78435.0,1,1,1,9,602.0,0
1123,33,Dammam,12,39079.0,70242.0,4,1,0,11,676.0,0
1124,31,Dammam,6,61822.0,72979.0,1,1,1,28,596.0,0
1125,65,Madinah,2,54359.0,41040.0,3,1,0,16,611.0,1
1126,66,Makkah,3,9019.0,11905.0,2,1,1,13,416.0,1
1127,66,Riyadh,2,52713.0,65104.0,1,1,0,12,731.0,0
1128,54,Dammam,13,24301.0,9980.0,4,1,1,19,642.0,1
1129,49,Madinah,4,19715.0,28373.0,2,0,1,9,567.0,0
1130,55,Jeddah,5,36525.0,7483.0,3,1,1,23,819.0,0
1131,41,Makkah,1,49290.0,40151.0,3,0,1,39,584.0,0
1132,56,Jeddah,6,17670.0,22635.0,1,1,1,26,605.0,0
1133,63,Jeddah,13,57085.0,116932.0,1,1,1,16,569.0,0
1134,61,Jeddah,6,58787.0,55140.0,1,1,0,17,755.0,0
1135,52,Jeddah,9,41089.0,23441.0,2,1,0,10,783.0,1
1136,21,Riyadh,2,26009.0,21785.0,1,1,1,13,773.0,0
1137,59,Makkah,2,24595.0,11168.0,1,0,0,18,772.0,1
1138,38,Jeddah,10,67035.0,82116.0,3,1,0,11,603.0,0
1139,60,Madinah,0,18852.0,13585.0,1,0,0,12,802.0,0
1140,48,Riyadh,6,68339.0,104986.0,2,1,0,11,639.0,0
1141,68,Makkah,4,,17655.0,2,1,0,16,515.0,1
1142,37,Riyadh,0,38257.0,13007.0,1,1,1,12,615.0,0
1143,71,Makkah,7,17085.0,17012.0,1,1,1,27,681.0,0
1144,66,Makkah,14,37296.0,7813.0,1,0,0,10,596.0,0
1145,36,Makkah,1,54546.0,21910.0,2,0,1,19,669.0,0
1146,45,Jeddah,12,20574.0,18529.0,1,1,0,10,700.0,1
1147,48,Riyadh,8,51499.0,54583.0,3,0,1,15,692.0,0
1148,61,Madinah,10,41961.0,27737.0,3,1,1,17,713.0,0
1149,57,Riyadh,1,29089.0,26357.0,1,1,1,23,637.0,0
1150,66,Riyadh,13,61533.0,134395.0,3,1,1,29,591.0,0
1151,39,Riyadh,0,13345.0,11189.0,4,0,1,18,519.0,0
1152,46,Dammam,13,47731.0,36694.0,1,0,1,25,647.0,1
1153,42,Makkah,9,90194.0,18293.0,4,1,0,14,611.0,1
1154,69,Makkah,5,,25577.0,1,1,1,23,648.0,0
1155,35,Jeddah,0,48772.0,42128.0,2,1,1,20,469.0,0
1156,51,Dammam,9,34515.0,52118.0,1,1,1,22,517.0,0
1157,24,Madinah,1,29205.0,3742.0,3,1,1,25,699.0,0
1158,66,Dammam,9,34494.0,15958.0,3,0,0,20,506.0,1
1159,39,Jeddah,11,52675.0,41857.0,4,1,1,23,638.0,0
1160,37,Madinah,4,26806.0,16523.0,4,1,1,19,578.0,0
1161,51,Madinah,3,58613.0,97042.0,1,1,0,10,575.0,1
1162,46,Dammam,3,116609.0,46327.0,2,1,1,23,669.0,0
1163,66,Jeddah,3,38912.0,6294.0,1,1,1,16,656.0,0
1164,48,Madinah,1,20492.0,12090.0,1,1,1,15,701.0,0
1165,47,Makkah,3,20489.0,5771.0,1,0,1,15,553.0,0
1166,23,Riyadh,9,59177.0,20040.0,3,0,0,12,576.0,1
1167,19,Madinah,4,38954.0,29954.0,2,1,1,22,755.0,0
1168,40,Dammam,11,62219.0,47667.0,1,1,0,8,636.0,1
1169,74,Dammam,12,30736.0,9000.0,4,1,1,16,686.0,1
1170,70,Jeddah,11,60798.0,87286.0,3,1,0,8,611.0,0
1171,53,Riyadh,8,37081.0,40361.0,1,1,1,17,695.0,1
1172,53,Riyadh,4,27827.0,5403.0,2,0,1,15,429.0,0
1173,40,Riyadh,13,32843.0,70501.0,2,1,0,11,757.0,0
1174,28,Jeddah,3,22059.0,11741.0,2,0,0,6,611.0,0
1175,18,Dammam,6,,203712.0,2,1,1,17,548.0,0
1176,37,Jeddah,6,38247.0,69646.0,2,1,0,9,558.0,0
1177,36,Jeddah,11,55396.0,58339.0,1,0,1,22,632.0,0
1178,28,Riyadh,8,30686.0,16386.0,2,1,0,11,643.0,0
1179,32,Makkah,11,23719.0,46343.0,1,1,1,20,665.0,0
1180,19,Makkah,13,35705.0,33808.0,1,1,0,13,546.0,0
1181,52,Jeddah,5,,24984.0,1,0,0,12,735.0,1
1182,70,Riyadh,13,30935.0,43378.0,2,0,0,16,606.0,0
1183,57,Riyadh,2,25971.0,21701.0,1,1,1,19,601.0,0
1184,43,Dammam,13,43379.0,91797.0,1,1,1,14,634.0,1
1185,41,Makkah,2,51509.0,62748.0,1,1,1,19,715.0,0
1186,35,Makkah,12,91256.0,192791.0,4,0,1,16,656.0,0
1187,26,Makkah,5,47900.0,66780.0,1,1,0,6,606.0,0
1188,52,Makkah,14,55381.0,92373.0,1,1,0,10,626.0,0
1189,50,Jeddah,1,57506.0,46811.0,1,0,1,15,765.0,0
1190,18,Riyadh,6,22550.0,43443.0,2,1,0,13,747.0,0
1191,41,Jeddah,13,24793.0,58940.0,1,1,0,11,685.0,0
1192,33,Riyadh,0,23343.0,29899.0,1,1,1,18,666.0,0
1193,27,Riyadh,3,20618.0,27841.0,3,1,0,9,850.0,0
1194,58,Riyadh,1,59738.0,55666.0,2,0,1,20,698.0,0
1195,47,Riyadh,4,46399.0,23755.0,2,1,1,25,671.0,0
1196,54,Riyadh,5,41762.0,68875.0,2,0,1,17,636.0,0
1197,58,Makkah,9,10978.0,1046.0,4,1,0,14,683.0,1
1198,73,Jeddah,3,112166.0,48989.0,4,1,1,13,387.0,0
1199,63,Jeddah,2,25665.0,17939.0,2,1,0,8,745.0,1
1200,53,Riyadh,2,111961.0,110833.0,2,1,0,11,547.0,0
1201,68,Jeddah,14,19446.0,28538.0,3,1,0,8,587.0,1
1202,45,Madinah,14,26737.0,13860.0,4,0,0,13,527.0,0
1203,74,Riyadh,3,13341.0,3098.0,1,1,1,15,585.0,0
1204,61,Makkah,2,48101.0,19703.0,4,1,1,20,624.0,1
1205,55,Madinah,0,23141.0,12858.0,2,1,1,21,732.0,0
1206,69,Makkah,14,23471.0,2808.0,2,1,0,12,768.0,0
1207,47,Jeddah,10,20206.0,31948.0,1,1,0,11,827.0,0
1208,59,Riyadh,11,59200.0,37549.0,1,1,0,7,665.0,1
1209,34,Riyadh,4,57281.0,38461.0,3,1,1,18,636.0,0
1210,72,Dammam,9,99312.0,77129.0,2,1,0,15,730.0,0
1211,53,Madinah,0,28485.0,22564.0,1,1,1,20,576.0,1
1212,62,Dammam,10,44775.0,87090.0,2,0,0,9,568.0,0
1213,44,Riyadh,8,21064.0,7862.0,1,1,1,22,619.0,0
1214,67,Riyadh,4,33944.0,22161.0,2,1,1,14,650.0,0
1215,22,Jeddah,10,30964.0,48928.0,2,1,0,14,467.0,0
1216,24,Madinah,9,50626.0,8378.0,2,1,1,24,751.0,0
1217,46,Riyadh,6,66737.0,108749.0,1,1,1,17,678.0,1
1218,59,Riyadh,2,65876.0,104684.0,1,1,1,12,728.0,0
1219,64,Jeddah,0,26333.0,24518.0,1,1,1,33,511.0,0
1220,43,Riyadh,14,66120.0,161517.0,2,0,1,23,597.0,0
1221,55,Riyadh,4,39260.0,30573.0,3,1,1,17,590.0,1
1222,49,Riyadh,4,34122.0,26689.0,2,1,1,21,635.0,0
1223,72,Jeddah,10,28162.0,8620.0,2,1,1,20,650.0,0
1224,55,Riyadh,3,30334.0,3537.0,1,1,0,12,731.0,1
1225,41,Riyadh,5,95909.0,48498.0,1,1,1,12,668.0,0
1226,73,Jeddah,10,46803.0,52182.0,3,1,1,19,588.0,0
1227,24,Dammam,8,43796.0,48202.0,2,1,1,24,850.0,0
1228,74,Dammam,9,35203.0,18656.0,1,0,1,18,630.0,0
1229,26,Dammam,0,136351.0,127975.0,2,1,1,25,582.0,0
1230,34,Jeddah,6,77073.0,31336.0,2,0,1,16,488.0,0
1231,64,Makkah,7,27986.0,19760.0,1,1,0,7,661.0,0
1232,59,Riyadh,9,35003.0,16941.0,1,1,1,13,716.0,0
1233,73,Riyadh,2,36058.0,42050.0,2,1,1,25,551.0,0
1234,60,Dammam,2,,37945.0,1,1,1,17,711.0,1
1235,54,Riyadh,11,28265.0,48952.0,1,1,1,20,660.0,0
1236,37,Riyadh,10,49982.0,9972.0,3,1,0,12,495.0,0
1237,18,Riyadh,12,82954.0,88499.0,4,1,0,15,715.0,0
1238,25,Makkah,4,20810.0,36262.0,1,0,0,12,628.0,0
1239,34,Makkah,14,22832.0,4958.0,1,0,0,16,551.0,0
1240,20,Riyadh,4,31521.0,24838.0,2,1,0,9,739.0,0
1241,46,Riyadh,9,32261.0,5079.0,1,1,0,13,738.0,1
1242,62,Riyadh,2,109014.0,31495.0,3,1,1,20,558.0,1
1243,72,Riyadh,13,66228.0,78751.0,2,0,0,11,683.0,0
1244,45,Riyadh,4,64354.0,21499.0,1,0,0,14,675.0,0
1245,67,Riyadh,12,35165.0,45135.0,2,1,1,22,647.0,0
1246,74,Dammam,4,34782.0,57931.0,1,1,0,21,607.0,0
1247,67,Madinah,11,19422.0,10253.0,2,0,1,18,639.0,0
1248,44,Riyadh,6,59330.0,15844.0,3,0,1,13,740.0,0
1249,36,Riyadh,0,51304.0,63958.0,1,0,0,11,692.0,1
1250,73,Dammam,2,76344.0,60245.0,1,1,1,25,484.0,0
1251,31,Riyadh,10,36119.0,72046.0,3,1,0,16,461.0,1
1252,41,Riyadh,2,37388.0,20312.0,2,1,1,20,487.0,0
1253,22,Riyadh,4,43696.0,50334.0,1,1,1,29,532.0,1
1254,63,Jeddah,8,62689.0,121888.0,1,1,0,12,588.0,0
1255,55,Riyadh,3,19243.0,6616.0,1,1,1,18,611.0,0
1256,22,Riyadh,1,57990.0,73741.0,2,1,1,24,650.0,0
1257,150,Dammam,9,39726.0,55627.0,1,1,0,12,651.0,0
1258,49,Riyadh,10,,43572.0,1,1,0,12,,0
1259,48,Madinah,10,14153.0,6316.0,1,1,1,26,754.0,0
1260,63,Jeddah,14,37488.0,43300.0,2,1,0,17,503.0,1
1261,33,Riyadh,1,82773.0,20582.0,3,1,1,24,688.0,0
1262,70,Riyadh,6,92720.0,173827.0,2,0,1,20,689.0,0
1263,43,Madinah,3,47939.0,7768.0,2,1,1,19,541.0,0
1264,64,Riyadh,13,107045.0,25602.0,3,1,0,9,709.0,1
1265,31,Riyadh,8,39282.0,74371.0,1,1,1,12,687.0,0
1266,20,Riyadh,1,64644.0,32995.0,1,0,1,20,653.0,0
1267,21,Madinah,10,32029.0,43992.0,1,1,1,17,436.0,0
1268,39,Madinah,0,31030.0,14486.0,1,1,1,9,740.0,0
1269,72,Dammam,4,28602.0,34003.0,4,1,1,18,673.0,0
1270,20,Riyadh,10,14325.0,7071.0,1,1,0,11,688.0,0
1271,39,Riyadh,7,76385.0,73768.0,3,0,0,12,352.0,0
1272,24,Riyadh,11,29120.0,37172.0,1,0,1,27,605.0,0
1273,71,Riyadh,8,26884.0,20090.0,2,1,1,17,524.0,0
1274,56,Madinah,12,22248.0,14771.0,1,0,1,20,,0
1275,61,Dammam,8,36236.0,12850.0,1,1,1,15,554.0,0
1276,58,Riyadh,0,96930.0,104094.0,1,1,1,16,793.0,0
1277,55,Makkah,1,114335.0,35296.0,2,1,1,21,747.0,0
1278,62,Riyadh,11,17493.0,12841.0,2,0,1,17,672.0,0
1279,18,Jeddah,0,33617.0,18103.0,3,1,1,19,756.0,0
1280,67,Riyadh,5,23928.0,21201.0,3,1,1,10,567.0,0
1281,60,Jeddah,0,65786.0,70307.0,2,0,1,13,588.0,1
1282,60,Riyadh,4,46319.0,37269.0,4,0,1,13,738.0,0
1283,40,Riyadh,8,29194.0,53668.0,1,1,1,16,568.0,0
1284,63,Madinah,2,41618.0,47414.0,1,0,1,26,535.0,0
1285,39,Madinah,6,31612.0,52019.0,1,0,1,20,624.0,0
1286,20,Jeddah,14,89960.0,166499.0,2,1,1,21,580.0,0
1287,69,Makkah,1,52758.0,14709.0,2,1,1,28,823.0,1
1288,31,Riyadh,0,56101.0,82356.0,2,0,1,24,725.0,0
1289,23,Jeddah,4,10578.0,15112.0,3,1,1,17,,0
1290,53,Riyadh,12,38817.0,54682.0,1,1,1,26,564.0,0
1291,31,Riyadh,6,113733.0,42816.0,3,1,1,18,692.0,0
1292,66,Jeddah,9,77891.0,33926.0,2,1,1,18,765.0,0
1293,43,Dammam,0,15938.0,14994.0,2,0,1,15,678.0,0
1294,18,Dammam,11,34313.0,34756.0,1,0,1,21,568.0,0
1295,72,Jeddah,1,22010.0,23804.0,1,1,1,11,523.0,0
1296,47,Jeddah,10,,83568.0,1,1,1,22,625.0,1
1297,32,Dammam,2,45349.0,39589.0,2,1,1,17,683.0,0
1298,56,Madinah,12,27340.0,14109.0,2,1,1,30,610.0,0
1299,48,Riyadh,4,40826.0,13475.0,1,1,0,13,745.0,1
1300,19,Jeddah,2,10898.0,1914.0,2,1,0,15,699.0,0
1301,61,Madinah,5,23331.0,36119.0,2,1,1,21,674.0,0
1302,40,Jeddah,0,40873.0,34959.0,3,1,1,14,700.0,0
1303,57,Makkah,2,61257.0,95909.0,2,1,1,24,531.0,0
1304,69,Jeddah,8,15204.0,24197.0,2,1,1,19,607.0,0
1305,52,Madinah,4,33171.0,46361.0,2,1,1,15,560.0,0
1306,56,Madinah,5,66492.0,65506.0,2,1,0,17,691.0,0
1307,32,Jeddah,12,19424.0,38301.0,1,1,1,11,560.0,0
1308,31,Riyadh,1,45008.0,66918.0,1,1,0,13,662.0,0
1309,41,Jeddah,5,41481.0,56856.0,4,1,0,11,639.0,0
1310,66,Riyadh,2,94579.0,21130.0,2,1,1,19,713.0,0
1311,47,Riyadh,7,35772.0,48001.0,2,0,1,15,546.0,0
1312,37,Jeddah,4,36835.0,9929.0,2,1,0,9,694.0,0
1313,62,Jeddah,0,61542.0,9968.0,2,1,1,19,560.0,0
1314,66,Makkah,1,20678.0,22900.0,1,1,1,15,565.0,0
1315,69,Riyadh,12,35938.0,72476.0,1,0,1,15,641.0,0
1316,35,Riyadh,0,31957.0,8958.0,1,1,0,8,761.0,0
1317,58,Dammam,11,37442.0,9141.0,1,1,0,8,578.0,0
1318,51,Dammam,13,61341.0,135165.0,1,0,1,17,496.0,0
1319,43,Riyadh,6,52949.0,16637.0,2,1,1,19,570.0,0
1320,40,Riyadh,4,27602.0,3341.0,1,1,1,23,618.0,0
1321,24,Riyadh,11,42974.0,72973.0,3,0,0,12,823.0,0
1322,33,Madinah,14,84560.0,183886.0,3,0,1,20,693.0,0
1323,49,Riyadh,1,26485.0,22136.0,1,1,1,24,585.0,0
1324,68,Jeddah,14,43156.0,61105.0,2,1,0,14,642.0,0
1325,67,Madinah,14,36440.0,33356.0,2,1,0,15,795.0,0
1326,28,Riyadh,2,38890.0,16931.0,3,0,1,17,632.0,0
1327,56,Makkah,0,17759.0,20336.0,2,0,1,19,631.0,0
1328,22,Dammam,10,81258.0,156194.0,1,1,0,14,622.0,0
1329,56,Jeddah,1,27250.0,14758.0,1,0,0,13,715.0,0
1330,37,Madinah,9,67039.0,43455.0,3,1,1,17,609.0,1
1331,43,Riyadh,0,29417.0,12893.0,1,0,1,16,731.0,0
1332,58,Makkah,10,29356.0,5432.0,3,1,0,7,749.0,0
1333,42,Riyadh,3,73612.0,38734.0,1,1,0,10,713.0,1
1334,64,Jeddah,1,65969.0,6040.0,2,1,0,7,636.0,0
1335,48,Riyadh,0,44548.0,53154.0,2,0,1,18,,0
1336,74,Jeddah,2,58722.0,27200.0,1,1,1,20,636.0,0
1337,54,Riyadh,8,34743.0,51107.0,1,1,1,29,593.0,0
1338,34,Riyadh,1,39967.0,35151.0,1,1,1,30,584.0,0
1339,62,Riyadh,12,28830.0,58321.0,2,0,1,20,631.0,0
1340,41,Riyadh,9,63072.0,131927.0,2,0,1,20,699.0,0
1341,48,Riyadh,4,28376.0,19837.0,1,1,0,14,597.0,1
1342,25,Dammam,14,84337.0,25534.0,2,1,0,15,535.0,0
1343,24,Dammam,9,34272.0,56502.0,1,1,1,26,567.0,0
1344,50,Dammam,10,40549.0,4920.0,2,1,0,15,806.0,1
1345,28,Dammam,2,58651.0,24084.0,2,1,1,19,705.0,0
1346,74,Riyadh,10,40617.0,7751.0,3,1,1,23,568.0,0
1347,66,Riyadh,8,34581.0,65470.0,3,1,0,14,769.0,0
1348,57,Dammam,14,39537.0,3877.0,1,0,1,15,,0
1349,59,Jeddah,7,62750.0,64761.0,1,0,1,15,850.0,0
1350,51,Dammam,10,28813.0,28732.0,3,1,1,26,676.0,1
1351,21,Riyadh,5,,46934.0,1,1,0,16,705.0,0
1352,40,Jeddah,0,40342.0,18966.0,1,1,1,12,729.0,0
1353,46,Jeddah,1,61839.0,85505.0,1,0,1,17,790.0,0
1354,70,Dammam,13,38180.0,70229.0,2,0,1,21,614.0,0
1355,30,Madinah,11,99126.0,103991.0,2,1,1,19,786.0,0
1356,46,Jeddah,5,37113.0,26403.0,4,1,1,18,598.0,0
1357,-1,Makkah,10,35638.0,65915.0,1,1,0,17,621.0,1
1358,25,Dammam,0,36845.0,42288.0,1,0,1,24,654.0,0
1359,23,Madinah,0,20779.0,13061.0,1,1,0,12,735.0,0
1360,38,Makkah,7,23900.0,17584.0,2,1,1,27,623.0,0
1361,22,Riyadh,9,30781.0,4748.0,1,1,0,14,802.0,0
1362,21,Riyadh,14,70821.0,20284.0,3,0,0,12,776.0,0
1363,37,Madinah,11,39476.0,7843.0,2,1,1,24,658.0,0
1364,29,Jeddah,3,31498.0,3094.0,2,0,1,26,566.0,0
1365,49,Jeddah,12,74107.0,32212.0,3,1,1,29,748.0,0
1366,19,Dammam,7,87168.0,152139.0,2,0,1,23,470.0,0
1367,35,Riyadh,12,75184.0,145235.0,2,1,1,22,724.0,0
1368,43,Makkah,2,26198.0,36774.0,1,0,1,15,578.0,0
1369,72,Jeddah,0,31331.0,29906.0,3,1,1,21,766.0,1
1370,54,Makkah,0,99396.0,94912.0,3,1,1,23,535.0,0
1371,68,Dammam,14,45278.0,17681.0,2,0,1,10,595.0,0
1372,37,Riyadh,1,35108.0,39204.0,1,0,0,13,693.0,0
1373,43,Madinah,14,57479.0,44561.0,4,1,0,11,710.0,1
1374,41,Jeddah,10,66413.0,79986.0,3,1,0,16,600.0,1
1375,68,Makkah,2,30160.0,47586.0,2,1,1,22,623.0,1
1376,72,Riyadh,12,44789.0,94049.0,4,1,1,27,740.0,0
1377,72,Jeddah,2,63785.0,27233.0,2,0,0,8,747.0,0
1378,60,Dammam,2,22468.0,27635.0,1,1,0,11,621.0,0
1379,46,Dammam,8,40383.0,11360.0,2,0,0,15,599.0,0
1380,48,Madinah,4,22990.0,2449.0,1,1,1,19,529.0,0
1381,73,Makkah,4,24544.0,2676.0,2,1,0,11,675.0,0
1382,34,Riyadh,2,30286.0,9890.0,2,1,1,24,726.0,0
1383,37,Makkah,9,50948.0,78135.0,1,0,1,8,669.0,0
1384,69,Madinah,0,34166.0,19707.0,1,0,1,19,570.0,0
1385,40,Madinah,3,29021.0,2440.0,2,1,1,16,814.0,0
1386,31,Madinah,8,41183.0,85483.0,2,1,1,23,465.0,1
1387,49,Dammam,7,22618.0,25142.0,4,1,1,25,731.0,0
1388,36,Makkah,10,49732.0,46335.0,1,1,1,22,674.0,0
1389,68,Dammam,3,70664.0,65200.0,3,0,1,14,,0
1390,69,Riyadh,9,38576.0,44970.0,1,1,1,23,583.0,0
1391,35,Makkah,11,36267.0,41140.0,1,1,1,21,640.0,0
1392,48,Riyadh,5,48374.0,56765.0,2,1,0,5,681.0,0
1393,74,Jeddah,3,14556.0,22333.0,1,1,1,28,644.0,1
1394,60,Riyadh,8,52492.0,35825.0,2,0,1,25,494.0,0
1395,30,Riyadh,8,189272.0,200353.0,1,1,1,26,823.0,0
1396,51,Makkah,1,37747.0,2191.0,1,1,1,21,712.0,1
1397,53,Jeddah,8,37814.0,68648.0,2,1,1,23,657.0,0
1398,55,Jeddah,2,58209.0,31603.0,1,1,1,23,665.0,0
1399,19,Jeddah,8,91369.0,56716.0,1,1,1,20,811.0,0
1400,35,Dammam,13,65348.0,161351.0,1,1,1,24,590.0,0
1401,66,Riyadh,8,13660.0,17161.0,1,1,0,8,564.0,0
1402,31,Jeddah,11,53194.0,18833.0,2,0,0,9,732.0,1
1403,35,Riyadh,4,145214.0,75804.0,1,1,1,19,706.0,0
1404,36,Madinah,13,54788.0,50821.0,2,1,0,14,565.0,0
1405,28,Riyadh,12,22532.0,53348.0,2,1,1,18,750.0,0
1406,26,Madinah,13,46208.0,51419.0,2,1,0,7,681.0,0
1407,37,Riyadh,11,21156.0,12582.0,2,0,1,14,571.0,0
1408,67,Riyadh,9,74340.0,94439.0,2,1,1,18,702.0,0
1409,18,Madinah,7,24886.0,21397.0,3,1,1,21,683.0,0
1410,34,Dammam,13,41653.0,8913.0,1,1,1,26,646.0,0
1411,21,Riyadh,12,26137.0,54295.0,3,1,1,20,687.0,0
1412,50,Jeddah,6,30539.0,2888.0,1,1,1,28,709.0,1
1413,32,Riyadh,1,84379.0,119855.0,2,1,0,13,741.0,0
1414,63,Riyadh,0,42266.0,50643.0,2,1,0,16,664.0,0
1415,51,Riyadh,3,30345.0,5582.0,1,1,0,8,629.0,0
1416,62,Riyadh,0,22638.0,24885.0,1,1,1,18,674.0,1
1417,54,Riyadh,3,15743.0,21144.0,1,1,1,17,759.0,0
1418,42,Jeddah,1,21469.0,20814.0,1,1,0,10,709.0,0
1419,67,Makkah,14,42446.0,64049.0,2,1,1,24,625.0,1
1420,45,Jeddah,1,65520.0,8396.0,1,0,0,11,662.0,0
1421,72,Jeddah,9,30328.0,5993.0,3,1,0,19,803.0,0
1422,74,Riyadh,5,88016.0,121525.0,3,1,0,13,726.0,1
1423,51,Madinah,2,28036.0,6263.0,1,1,1,21,666.0,0
1424,56,Riyadh,10,35632.0,21415.0,1,1,0,15,756.0,1
1425,32,Riyadh,14,23393.0,30753.0,1,1,1,14,603.0,0
1426,64,Madinah,11,65866.0,29406.0,3,1,1,18,686.0,1
1427,56,Jeddah,14,114549.0,232758.0,1,0,1,24,830.0,0
1428,69,Riyadh,8,16632.0,28424.0,1,0,0,8,710.0,1
1429,33,Dammam,10,33756.0,64361.0,4,1,1,16,799.0,0
1430,62,Riyadh,2,75538.0,10127.0,2,1,1,24,650.0,1
1431,44,Riyadh,12,19468.0,20883.0,1,0,1,16,609.0,0
1432,28,Jeddah,11,53281.0,105547.0,3,0,0,15,760.0,0
1433,27,Madinah,3,73920.0,49021.0,3,0,0,7,493.0,0
1434,50,Madinah,5,41736.0,55245.0,2,0,1,17,670.0,0
1435,36,Dammam,9,52846.0,69302.0,1,1,0,13,748.0,0
1436,23,Riyadh,0,96805.0,53577.0,2,1,1,18,710.0,0
1437,42,Jeddah,12,106320.0,76684.0,1,1,0,10,471.0,0
1438,55,Madinah,4,38910.0,46528.0,2,1,1,36,533.0,0
1439,36,Dammam,1,30755.0,7872.0,1,0,1,17,643.0,0
1440,-1,Riyadh,4,25337.0,39440.0,2,1,1,20,695.0,0
1441,62,Madinah,12,65413.0,92713.0,2,1,1,20,703.0,0
1442,47,Madinah,4,20214.0,5135.0,4,0,1,15,651.0,0
1443,71,Riyadh,8,35373.0,52994.0,3,0,0,10,719.0,1
1444,42,Dammam,12,42249.0,45637.0,1,1,1,12,694.0,0
1445,25,Makkah,0,31210.0,10796.0,1,0,1,18,642.0,0
1446,20,Riyadh,11,46162.0,103288.0,2,0,1,37,703.0,0
1447,71,Madinah,4,144677.0,189843.0,1,1,1,27,606.0,0
1448,72,Riyadh,10,37767.0,51543.0,1,1,1,19,711.0,0
1449,60,Jeddah,2,32283.0,45485.0,2,0,1,21,577.0,0
1450,23,Madinah,2,,61510.0,1,1,0,17,701.0,0
1451,34,Madinah,11,45242.0,48396.0,1,0,0,13,696.0,0
1452,20,Riyadh,12,82427.0,42822.0,2,1,0,14,631.0,0
1453,20,Makkah,14,43580.0,20182.0,4,1,1,22,712.0,0
1454,32,Dammam,10,35447.0,35962.0,2,1,0,21,792.0,1
1455,50,Makkah,6,16451.0,15209.0,1,1,0,9,560.0,0
1456,21,Jeddah,2,17857.0,21868.0,2,1,1,12,738.0,0
1457,74,Madinah,4,16029.0,13292.0,3,1,0,13,749.0,1
1458,43,Dammam,9,48517.0,64024.0,1,1,0,10,636.0,0
1459,33,Makkah,5,,31916.0,2,1,0,8,724.0,0
1460,47,Jeddah,7,75191.0,151281.0,2,1,0,8,635.0,1
1461,63,Jeddah,2,40746.0,23202.0,2,1,0,14,767.0,0
1462,35,Riyadh,6,35522.0,62703.0,1,0,0,10,407.0,1
1463,20,Riyadh,3,26320.0,36890.0,3,1,0,9,783.0,0
1464,20,Madinah,1,54783.0,8548.0,1,0,1,13,555.0,0
1465,66,Jeddah,1,26843.0,15066.0,1,1,1,21,661.0,1
1466,24,Jeddah,7,24522.0,12170.0,1,1,1,15,579.0,0
1467,54,Riyadh,5,72706.0,92096.0,2,1,1,23,792.0,1
1468,39,Dammam,1,47921.0,43030.0,1,0,1,14,634.0,1
1469,62,Jeddah,7,35687.0,36978.0,2,1,1,17,605.0,0
1470,21,Makkah,2,55310.0,70403.0,3,1,1,18,756.0,0
1471,69,Riyadh,0,40314.0,21499.0,1,1,0,10,720.0,0
1472,57,Riyadh,1,48606.0,30876.0,3,1,0,7,625.0,0
1473,43,Riyadh,6,26678.0,45265.0,4,0,0,12,563.0,0
1474,29,Riyadh,14,113006.0,280424.0,1,1,1,21,560.0,0
1475,73,Dammam,3,30037.0,40612.0,2,1,1,26,768.0,0
1476,35,Dammam,4,87379.0,38246.0,4,0,0,14,696.0,1
1477,45,Jeddah,3,36518.0,8960.0,2,1,0,14,669.0,1
1478,40,Makkah,5,60087.0,26539.0,2,1,1,13,700.0,0
1479,31,Madinah,10,57937.0,57619.0,3,1,1,14,480.0,0
1480,41,Dammam,4,71213.0,33602.0,2,1,0,13,628.0,0
1481,26,Dammam,9,26362.0,51852.0,1,0,1,23,626.0,0
1482,18,Jeddah,13,68722.0,115948.0,1,1,1,20,745.0,0
1483,34,Jeddah,14,101035.0,112375.0,2,1,1,15,528.0,0
1484,24,Riyadh,8,35265.0,22070.0,1,1,1,19,748.0,0
1485,41,Riyadh,10,40837.0,36873.0,1,1,1,20,816.0,0
1486,67,Riyadh,13,30893.0,37734.0,1,1,0,15,498.0,0
1487,27,Jeddah,11,33752.0,56765.0,3,1,1,21,655.0,0
1488,18,Riyadh,4,94439.0,20347.0,2,1,1,20,704.0,0
1489,24,Jeddah,1,24292.0,32669.0,1,1,1,20,731.0,0
1490,46,Makkah,1,25058.0,6182.0,1,1,1,18,458.0,0
1491,33,Jeddah,13,89810.0,63802.0,1,1,1,24,689.0,0
1492,45,Riyadh,8,54845.0,114461.0,1,1,0,14,636.0,0
1493,19,Jeddah,4,115865.0,45299.0,2,1,0,12,636.0,0
1494,36,Jeddah,5,32041.0,7876.0,1,1,1,23,839.0,0
1495,41,Riyadh,4,42751.0,50054.0,4,1,0,10,635.0,0
1496,42,Jeddah,12,28844.0,28615.0,1,1,1,23,693.0,0
1497,49,Riyadh,9,43116.0,11451.0,1,1,1,23,643.0,0
1498,62,Jeddah,13,16530.0,1512.0,3,1,0,9,673.0,1
1499,44,Dammam,4,56527.0,11178.0,1,0,0,17,705.0,1
1500,65,Jeddah,7,47181.0,51463.0,1,0,1,14,735.0,0
1501,48,Madinah,1,38996.0,15756.0,1,1,0,11,,1
1502,32,Riyadh,14,33018.0,66091.0,2,0,0,13,667.0,0
1503,31,Jeddah,7,25658.0,44801.0,1,1,1,19,669.0,0
1504,36,Riyadh,8,57749.0,21021.0,3,0,0,12,507.0,1
1505,52,Madinah,6,22347.0,15649.0,2,0,1,21,566.0,0
1506,31,Riyadh,4,51842.0,16332.0,3,1,1,20,735.0,1
1507,70,Jeddah,14,113236.0,89649.0,2,1,1,12,620.0,0
1508,45,Jeddah,7,84353.0,45191.0,2,1,1,23,850.0,0
1509,67,Madinah,10,18910.0,33781.0,2,1,0,14,739.0,0
1510,56,Jeddah,0,,16907.0,2,0,1,24,694.0,0
1511,37,Jeddah,4,49549.0,45698.0,2,0,1,16,791.0,0
1512,31,Jeddah,12,38749.0,63682.0,2,1,1,21,723.0,0
1513,60,Dammam,1,19936.0,26004.0,1,1,0,13,669.0,0
1514,36,Riyadh,1,48662.0,24871.0,2,1,0,8,528.0,0
1515,32,Riyadh,12,39934.0,22578.0,1,1,0,17,714.0,0
1516,71,Riyadh,4,104523.0,184223.0,2,1,0,13,786.0,0
1517,45,Jeddah,4,35362.0,21820.0,1,1,0,9,600.0,1
1518,20,Jeddah,8,71970.0,103080.0,1,0,1,19,493.0,0
1519,46,Madinah,2,21300.0,24200.0,1,0,0,10,556.0,0
1520,44,Jeddah,0,24004.0,19091.0,1,0,0,7,811.0,0
1521,67,Riyadh,0,57574.0,21950.0,1,1,1,20,663.0,0
1522,58,Jeddah,1,69000.0,18483.0,1,1,1,17,788.0,0
1523,28,Jeddah,2,24867.0,20684.0,2,0,0,23,654.0,0
1524,26,Dammam,10,,48188.0,1,0,0,13,609.0,0
1525,52,Dammam,4,20115.0,28275.0,4,0,1,17,844.0,0
1526,20,Dammam,1,36658.0,41542.0,3,1,1,22,620.0,0
1527,36,Madinah,0,60990.0,83706.0,1,1,1,13,634.0,0
1528,25,Riyadh,7,32290.0,63545.0,1,1,1,17,695.0,0
1529,19,Makkah,12,35436.0,62673.0,1,1,1,28,627.0,0
1530,70,Makkah,5,22813.0,4589.0,1,0,1,18,722.0,1
1531,23,Riyadh,0,29022.0,18499.0,2,1,0,11,693.0,0
1532,18,Makkah,3,96670.0,103696.0,2,1,1,21,703.0,0
1533,71,Riyadh,7,41625.0,50899.0,2,0,1,17,599.0,0
1534,28,Jeddah,2,24315.0,8374.0,1,1,1,21,503.0,1
1535,64,Riyadh,14,34290.0,52188.0,2,1,0,14,579.0,0
1536,19,Riyadh,11,18057.0,15591.0,1,0,1,15,585.0,0
1537,26,Dammam,5,24171.0,16359.0,3,1,1,28,679.0,0
1538,24,Jeddah,14,79235.0,169628.0,4,1,0,11,585.0,0
1539,58,Riyadh,4,37375.0,29682.0,1,1,0,14,522.0,0
1540,53,Dammam,2,103297.0,92574.0,2,1,0,17,557.0,0
1541,45,Jeddah,14,38266.0,56346.0,3,0,1,29,689.0,0
1542,31,Riyadh,14,39419.0,58056.0,2,1,0,8,716.0,0
1543,23,Makkah,4,55296.0,23823.0,1,0,1,19,610.0,0
1544,50,Madinah,8,10548.0,13574.0,2,0,1,22,615.0,0
1545,31,Riyadh,2,44466.0,26178.0,1,0,1,20,710.0,0
1546,51,Madinah,9,39164.0,56775.0,1,1,1,18,669.0,0
1547,57,Madinah,10,84374.0,33066.0,2,1,1,27,765.0,0
1548,66,Jeddah,10,65013.0,145447.0,1,1,1,18,642.0,0
1549,46,Madinah,8,22769.0,37278.0,1,1,1,16,577.0,0
1550,18,Makkah,10,74688.0,73383.0,4,1,0,7,755.0,0
1551,33,Makkah,8,35201.0,23998.0,1,1,0,7,626.0,0
1552,66,Riyadh,12,25534.0,25016.0,2,1,1,12,582.0,0
1553,48,Makkah,2,44292.0,53386.0,2,0,0,11,735.0,0
1554,53,Riyadh,7,36265.0,48974.0,1,0,1,23,784.0,0
1555,44,Dammam,6,86615.0,120260.0,2,1,0,14,675.0,0
1556,27,Riyadh,8,47587.0,89210.0,2,1,1,21,564.0,0
1557,69,Makkah,2,44482.0,34820.0,2,0,0,4,793.0,0
1558,62,Madinah,4,62964.0,77129.0,2,1,0,9,690.0,0
1559,74,Jeddah,14,69316.0,81330.0,4,1,1,28,677.0,0
1560,66,Jeddah,1,59385.0,60810.0,3,1,1,20,620.0,1
1561,34,Riyadh,9,81612.0,87391.0,1,0,1,18,760.0,0
1562,32,Riyadh,9,54412.0,92796.0,1,0,1,15,556.0,0
1563,32,Madinah,7,43644.0,3395.0,2,1,1,15,546.0,0
1564,70,Dammam,0,74577.0,27055.0,3,1,0,18,828.0,1
1565,49,Makkah,0,38352.0,18403.0,3,1,0,9,576.0,0
1566,43,Makkah,4,40808.0,69577.0,1,0,1,20,740.0,0
1567,73,Jeddah,1,94920.0,78259.0,3,0,0,10,784.0,0
1568,52,Jeddah,1,90306.0,54836.0,1,1,1,22,678.0,0
1569,69,Riyadh,2,39971.0,27975.0,1,0,1,23,575.0,0
1570,74,Riyadh,2,31991.0,24814.0,2,1,0,11,710.0,0
1571,22,Makkah,12,83415.0,174618.0,1,1,1,18,,0
1572,38,Makkah,9,59887.0,125512.0,2,1,1,20,687.0,0
1573,59,Riyadh,0,46995.0,59873.0,1,0,0,14,588.0,0
1574,64,Jeddah,9,34169.0,62942.0,2,1,1,20,681.0,0
1575,26,Jeddah,2,47375.0,17644.0,4,1,1,16,530.0,1
1576,36,Dammam,6,39702.0,22688.0,1,1,1,21,566.0,0
1577,49,Dammam,0,28791.0,26323.0,2,1,0,16,630.0,0
1578,63,Riyadh,1,42810.0,45013.0,2,1,1,14,660.0,0
1579,24,Dammam,1,45831.0,16550.0,1,0,0,10,546.0,0
1580,52,Makkah,6,33266.0,48959.0,2,1,0,21,676.0,0
1581,34,Riyadh,6,63064.0,27870.0,2,1,1,27,703.0,0
1582,30,Dammam,5,76452.0,41223.0,1,1,1,26,638.0,0
1583,47,Jeddah,9,65183.0,46771.0,3,1,1,21,462.0,0
1584,41,Madinah,10,34957.0,66944.0,1,1,1,19,663.0,0
1585,54,Madinah,10,58566.0,97646.0,1,0,0,11,819.0,0
1586,36,Jeddah,8,41730.0,47876.0,1,0,1,25,695.0,0
1587,64,Jeddah,8,21636.0,37519.0,2,1,0,12,654.0,0
1588,22,Madinah,7,56183.0,93197.0,3,1,1,26,622.0,0
1589,67,Riyadh,3,43177.0,30550.0,1,0,0,12,706.0,0
1590,19,Jeddah,7,146792.0,234451.0,1,1,0,12,683.0,0
1591,59,Jeddah,0,83169.0,29030.0,1,1,1,20,722.0,0
1592,37,Riyadh,14,57272.0,75912.0,2,1,0,11,557.0,0
1593,39,Madinah,5,45460.0,12584.0,1,0,1,22,665.0,0
1594,19,Riyadh,11,43559.0,45159.0,1,0,1,21,613.0,0
1595,58,Makkah,14,24298.0,33232.0,1,1,1,19,686.0,1
1596,27,Makkah,7,16823.0,3767.0,2,1,1,16,477.0,0
1597,55,Dammam,12,25945.0,29921.0,2,0,1,21,617.0,0
1598,59,Riyadh,7,39189.0,52637.0,2,1,1,15,703.0,0
1599,66,Jeddah,1,14006.0,13830.0,1,1,0,10,715.0,0
1600,58,Madinah,0,30572.0,3938.0,2,1,1,15,650.0,0
1601,35,Jeddah,2,35461.0,7343.0,2,1,1,18,459.0,0
1602,60,Riyadh,14,36036.0,34274.0,2,1,1,19,711.0,0
1603,65,Dammam,7,28829.0,49501.0,1,1,1,18,795.0,0
1604,36,Dammam,4,33835.0,53235.0,1,1,0,13,578.0,0
1605,25,Jeddah,6,95030.0,61638.0,2,0,1,18,621.0,0
1606,68,Jeddah,3,55886.0,70207.0,1,1,0,17,728.0,0
1607,26,Riyadh,13,30329.0,44399.0,2,1,1,28,728.0,0
1608,51,Riyadh,14,38786.0,97319.0,1,1,1,20,753.0,0
1609,31,Jeddah,1,,7779.0,1,1,1,29,745.0,0
1610,25,Madinah,10,27338.0,34627.0,2,1,0,14,515.0,0
1611,62,Makkah,5,27322.0,31051.0,1,0,1,21,610.0,0
1612,26,Dammam,0,66520.0,33002.0,1,1,0,12,713.0,1
1613,56,Jeddah,13,32536.0,6339.0,3,0,0,15,645.0,0
1614,57,Dammam,0,23217.0,2915.0,1,0,0,9,685.0,0
1615,21,Jeddah,3,39278.0,31969.0,3,1,1,23,642.0,0
1616,27,Makkah,0,42574.0,44877.0,1,1,1,22,615.0,0
1617,63,Jeddah,7,14968.0,21525.0,3,1,1,28,630.0,0
1618,46,Riyadh,8,39325.0,17200.0,3,1,0,12,553.0,1
1619,24,Jeddah,4,61944.0,96191.0,1,1,1,24,591.0,0
1620,74,Riyadh,1,50293.0,31520.0,2,1,1,17,649.0,0
1621,33,Jeddah,1,122381.0,186111.0,2,1,0,10,658.0,0
1622,18,Makkah,14,75023.0,28228.0,2,0,1,18,709.0,0
1623,70,Dammam,12,82823.0,167350.0,1,1,1,14,633.0,0
1624,18,Riyadh,14,162762.0,378268.0,3,1,1,12,817.0,0
1625,49,Dammam,7,58634.0,98381.0,2,0,1,15,767.0,0
1626,74,Riyadh,8,43544.0,74545.0,4,0,1,25,609.0,1
1627,50,Dammam,11,65308.0,58094.0,3,0,1,21,674.0,0
1628,51,Riyadh,9,30345.0,47712.0,3,1,0,8,762.0,1
1629,40,Dammam,6,42355.0,49008.0,2,1,1,21,,0
1630,25,Makkah,4,29031.0,23184.0,2,1,1,19,586.0,0
1631,50,Riyadh,7,48971.0,98506.0,3,0,0,10,772.0,0
1632,69,Dammam,0,28971.0,13650.0,2,1,1,22,715.0,0
1633,23,Dammam,2,28468.0,20325.0,1,1,1,19,749.0,0
1634,68,Makkah,11,49352.0,103969.0,2,1,0,18,,0
1635,41,Madinah,13,37464.0,28995.0,1,1,1,14,631.0,0
1636,48,Jeddah,1,15310.0,4363.0,3,1,1,21,531.0,0
1637,27,Riyadh,1,19384.0,10166.0,2,1,0,15,664.0,0
1638,53,Dammam,1,22615.0,27331.0,2,1,0,13,763.0,0
1639,28,Jeddah,11,25810.0,51879.0,1,1,1,18,765.0,0
1640,33,Makkah,4,49376.0,12795.0,2,1,1,22,751.0,0
1641,59,Makkah,4,44778.0,51127.0,1,1,1,29,725.0,0
1642,20,Dammam,0,68367.0,59655.0,2,0,1,12,850.0,0
1643,43,Jeddah,14,58478.0,101377.0,2,1,0,7,516.0,0
1644,51,Jeddah,6,68593.0,91225.0,2,1,1,26,678.0,0
1645,25,Madinah,11,54404.0,121533.0,1,1,0,12,571.0,0
1646,34,Jeddah,10,44571.0,36936.0,2,1,1,21,794.0,0
1647,37,Jeddah,2,69541.0,37074.0,2,1,1,16,607.0,0
1648,55,Dammam,12,63558.0,90789.0,3,1,0,11,747.0,0
1649,73,Riyadh,8,48438.0,45615.0,3,1,1,17,614.0,0
1650,65,Makkah,9,75776.0,80972.0,2,1,1,18,695.0,0
1651,28,Riyadh,3,12421.0,2149.0,1,0,1,21,641.0,1
1652,19,Madinah,12,34709.0,14714.0,1,0,1,25,652.0,0
1653,20,Jeddah,13,34445.0,79926.0,3,1,0,15,683.0,0
1654,51,Riyadh,6,,13836.0,4,1,1,17,740.0,0
1655,26,Makkah,1,88053.0,83738.0,1,1,1,27,649.0,0
1656,31,Makkah,12,19437.0,35582.0,2,1,1,21,732.0,0
1657,66,Riyadh,13,81274.0,9012.0,1,1,0,9,752.0,0
1658,67,Riyadh,7,22343.0,11250.0,1,1,1,17,,0
1659,65,Jeddah,8,22683.0,18951.0,4,1,1,12,822.0,1
1660,32,Dammam,3,35698.0,32222.0,3,1,0,13,721.0,0
1661,53,Riyadh,1,34231.0,19600.0,4,1,0,7,615.0,0
1662,52,Jeddah,14,18413.0,31022.0,1,0,0,14,707.0,0
1663,28,Jeddah,7,55544.0,28365.0,2,1,1,19,749.0,0
1664,49,Makkah,4,56370.0,5882.0,3,0,0,21,709.0,0
1665,47,Makkah,10,67984.0,5331.0,2,0,1,15,675.0,0
1666,40,Riyadh,0,32315.0,17805.0,1,1,0,16,343.0,1
1667,60,Dammam,1,39348.0,23732.0,2,1,0,16,567.0,0
1668,56,Jeddah,3,39529.0,64800.0,1,1,0,16,715.0,0
1669,48,Jeddah,6,93339.0,13946.0,2,1,0,16,570.0,0
1670,59,Riyadh,5,9729.0,9955.0,3,1,1,23,697.0,1
1671,61,Dammam,2,24873.0,24291.0,1,1,1,20,732.0,0
1672,50,Makkah,5,40246.0,53525.0,1,1,1,19,644.0,0
1673,33,Riyadh,5,23323.0,28459.0,2,1,1,21,494.0,0
1674,61,Riyadh,7,35272.0,2943.0,2,1,1,12,587.0,0
1675,58,Dammam,8,37683.0,50973.0,1,0,0,8,715.0,1
1676,74,Madinah,13,28887.0,24664.0,1,1,1,20,766.0,0
1677,26,Dammam,12,41450.0,77638.0,2,1,0,4,467.0,0
1678,41,Riyadh,4,54944.0,21305.0,1,1,1,23,663.0,0
1679,70,Makkah,13,35663.0,64052.0,2,1,1,21,521.0,0
1680,47,Jeddah,7,31997.0,41337.0,2,1,1,26,661.0,0
1681,71,Jeddah,2,36942.0,40466.0,1,1,1,23,640.0,0
1682,18,Riyadh,5,39986.0,15251.0,2,1,0,14,850.0,0
1683,20,Riyadh,11,16812.0,26588.0,2,1,0,7,603.0,0
1684,63,Jeddah,12,50553.0,90479.0,2,0,1,24,749.0,0
1685,38,Makkah,5,32032.0,30416.0,2,1,0,15,744.0,0
1686,47,Makkah,2,75415.0,45089.0,1,1,0,16,640.0,0
1687,42,Madinah,2,53935.0,17295.0,1,0,0,9,666.0,0
1688,41,Jeddah,1,72044.0,35587.0,2,1,1,16,657.0,0
1689,71,Dammam,10,24209.0,42035.0,2,1,1,19,585.0,0
1690,23,Dammam,7,33333.0,28963.0,1,1,0,12,579.0,0
1691,62,Jeddah,6,21564.0,29966.0,1,1,0,12,615.0,1
1692,68,Riyadh,10,28209.0,47524.0,2,0,1,16,550.0,0
1693,55,Makkah,12,75061.0,123406.0,1,0,0,9,612.0,0
1694,40,Riyadh,11,84436.0,134361.0,3,1,0,14,641.0,0
1695,27,Madinah,2,22605.0,23266.0,2,0,1,23,667.0,0
1696,56,Makkah,8,31916.0,35822.0,1,1,1,24,693.0,0
1697,44,Riyadh,13,38635.0,21472.0,2,1,0,6,636.0,0
1698,26,Riyadh,11,53788.0,106054.0,1,1,1,18,586.0,0
1699,38,Dammam,4,16649.0,28933.0,3,1,1,22,690.0,0
1700,72,Jeddah,5,18007.0,16350.0,3,0,1,25,723.0,0
1701,33,Dammam,13,51268.0,118699.0,3,1,0,13,611.0,1
1702,28,Riyadh,0,15146.0,22675.0,2,1,0,10,563.0,0
1703,56,Madinah,7,32100.0,32717.0,3,1,1,15,613.0,1
1704,29,Jeddah,1,43523.0,50283.0,2,1,0,11,638.0,0
1705,70,Jeddah,13,49406.0,80174.0,3,0,0,8,758.0,1
1706,66,Madinah,0,37389.0,14733.0,1,1,0,14,716.0,0
1707,74,Makkah,0,33427.0,3954.0,3,0,0,21,653.0,0
1708,70,Dammam,4,61223.0,51968.0,2,1,1,21,827.0,0
1709,31,Makkah,3,46286.0,63419.0,1,0,0,8,651.0,0
1710,30,Madinah,7,29042.0,20444.0,4,1,1,15,780.0,0
1711,37,Makkah,4,40899.0,58278.0,2,0,0,16,764.0,0
1712,44,Makkah,5,48610.0,60730.0,3,1,1,19,758.0,0
1713,68,Riyadh,8,94762.0,140432.0,1,0,1,17,688.0,0
1714,59,Makkah,8,59466.0,38656.0,2,0,0,11,666.0,0
1715,54,Madinah,14,73665.0,91615.0,2,0,1,18,658.0,0
1716,68,Jeddah,7,29575.0,12516.0,1,0,1,16,729.0,0
1717,54,Dammam,8,30881.0,17619.0,2,1,0,14,582.0,0
1718,39,Dammam,10,35679.0,9648.0,2,1,1,26,630.0,1
1719,41,Jeddah,2,37355.0,9608.0,1,0,1,13,804.0,1
1720,47,Riyadh,10,24246.0,12920.0,2,1,1,10,709.0,0
1721,23,Dammam,12,75581.0,107789.0,1,1,0,7,743.0,0
1722,60,Jeddah,4,62422.0,51667.0,3,0,0,16,546.0,1
1723,55,Jeddah,2,34446.0,16561.0,3,1,0,11,615.0,1
1724,59,Madinah,5,55318.0,89796.0,2,1,0,7,686.0,0
1725,48,Riyadh,4,44867.0,43690.0,2,1,0,10,,1
1726,62,Madinah,8,57521.0,111816.0,1,1,1,19,545.0,1
1727,72,Jeddah,12,20493.0,31828.0,1,1,0,21,720.0,1
1728,50,Madinah,8,37316.0,3808.0,3,1,0,15,751.0,0
1729,43,Riyadh,1,38987.0,56269.0,1,1,0,10,628.0,0
1730,23,Riyadh,4,54821.0,85081.0,1,1,1,15,727.0,0
1731,62,Dammam,10,29313.0,42701.0,1,1,1,24,836.0,0
1732,69,Jeddah,4,11499.0,11390.0,2,1,1,26,788.0,1
1733,57,Dammam,8,23369.0,23122.0,3,1,1,21,631.0,0
1734,67,Dammam,10,38928.0,43745.0,1,1,0,26,555.0,0
1735,67,Jeddah,4,41438.0,57949.0,1,0,0,13,,0
1736,63,Madinah,9,93141.0,107241.0,1,0,1,29,850.0,0
1737,46,Riyadh,5,53711.0,20493.0,1,0,0,10,776.0,1
1738,23,Riyadh,2,41805.0,6178.0,1,0,0,16,654.0,0
1739,18,Makkah,5,39490.0,11500.0,2,1,1,29,795.0,0
1740,29,Jeddah,6,69709.0,37571.0,2,1,0,13,762.0,0
1741,42,Jeddah,0,29880.0,17426.0,1,0,0,11,482.0,0
1742,60,Dammam,13,37416.0,82974.0,2,1,1,27,749.0,0
1743,43,Riyadh,7,23280.0,12467.0,2,0,0,15,663.0,0
1744,19,Jeddah,0,81589.0,41889.0,1,1,0,14,580.0,0
1745,29,Riyadh,13,48837.0,30087.0,1,1,0,10,663.0,0
1746,73,Riyadh,12,28176.0,37928.0,2,0,0,17,690.0,1
1747,74,Riyadh,0,37903.0,35810.0,1,1,1,17,582.0,1
1748,39,Riyadh,2,51783.0,46799.0,3,1,1,21,644.0,0
1749,63,Makkah,5,35406.0,63297.0,3,1,1,21,624.0,1
1750,59,Madinah,7,30723.0,61936.0,3,1,1,18,725.0,0
1751,71,Riyadh,10,28937.0,54874.0,1,1,1,17,626.0,0
1752,68,Dammam,6,47547.0,75266.0,1,0,1,17,502.0,0
1753,53,Jeddah,9,33556.0,28258.0,3,1,1,17,613.0,1
1754,40,Riyadh,0,31988.0,28491.0,2,0,1,17,568.0,0
1755,53,Riyadh,9,20578.0,16698.0,1,1,1,23,536.0,1
1756,36,Dammam,13,41724.0,81740.0,2,1,1,18,760.0,0
1757,37,Riyadh,7,36658.0,14805.0,1,1,1,20,726.0,0
1758,52,Madinah,6,34172.0,16178.0,2,1,1,21,566.0,0
1759,50,Makkah,4,44329.0,5644.0,3,1,0,10,540.0,1
1760,51,Dammam,14,58338.0,92526.0,2,1,1,23,647.0,0
1761,39,Makkah,0,56999.0,59757.0,2,1,1,14,537.0,0
1762,41,Riyadh,4,52911.0,3484.0,4,1,1,15,634.0,0
1763,18,Dammam,2,35584.0,30948.0,2,0,1,14,660.0,0
1764,52,Riyadh,12,30227.0,28847.0,1,1,1,18,680.0,0
1765,50,Jeddah,7,23814.0,38545.0,2,1,1,13,683.0,0
1766,71,Jeddah,13,29835.0,5237.0,1,0,0,15,583.0,0
1767,46,Riyadh,9,40531.0,7077.0,1,1,0,15,660.0,0
1768,44,Dammam,8,27088.0,36001.0,2,1,0,6,768.0,0
1769,21,Riyadh,7,42109.0,51610.0,1,1,0,10,465.0,0
1770,29,Riyadh,3,24767.0,35747.0,1,1,0,12,682.0,0
1771,37,Makkah,8,17492.0,22255.0,2,1,1,17,546.0,0
1772,39,Riyadh,10,60458.0,129373.0,1,1,1,18,782.0,0
1773,38,Riyadh,14,31659.0,27225.0,2,1,0,16,727.0,0
1774,40,Riyadh,8,26410.0,23182.0,1,0,1,17,723.0,0
1775,61,Jeddah,14,23227.0,57951.0,2,1,0,14,576.0,1
1776,25,Makkah,14,49589.0,17358.0,3,1,1,16,679.0,0
1777,36,Makkah,7,79814.0,129736.0,1,1,1,15,692.0,0
1778,27,Dammam,6,32809.0,2848.0,2,1,1,20,440.0,0
1779,35,Jeddah,2,36034.0,29944.0,1,0,0,6,667.0,1
1780,57,Madinah,4,68584.0,22421.0,1,1,0,11,712.0,1
1781,20,Makkah,13,16233.0,24597.0,1,1,0,17,524.0,0
1782,37,Madinah,2,107305.0,142510.0,1,0,1,29,715.0,0
1783,19,Riyadh,5,136223.0,16672.0,1,1,1,14,673.0,0
1784,72,Dammam,10,10372.0,4472.0,2,1,1,20,775.0,0
1785,59,Riyadh,3,38225.0,24036.0,2,0,1,18,617.0,0
1786,31,Jeddah,14,28016.0,20047.0,4,1,0,11,669.0,0
1787,29,Makkah,9,35158.0,30876.0,3,1,1,20,684.0,0
1788,23,Dammam,0,32559.0,46566.0,1,1,1,19,401.0,0
1789,44,Makkah,3,60227.0,13627.0,1,0,1,14,624.0,0
1790,60,Riyadh,11,,39032.0,1,0,1,14,662.0,0
1791,51,Jeddah,12,25452.0,29027.0,2,1,0,11,440.0,1
1792,68,Madinah,13,36824.0,27737.0,3,1,0,11,714.0,0
1793,37,Riyadh,12,51917.0,37699.0,1,0,0,20,663.0,0
1794,33,Riyadh,1,22206.0,25331.0,1,1,1,14,659.0,0
1795,45,Jeddah,10,17622.0,25002.0,1,0,1,26,717.0,0
1796,29,Makkah,1,108703.0,140231.0,3,1,0,12,624.0,0
1797,73,Jeddah,1,29109.0,19480.0,2,1,1,17,657.0,0
1798,28,Riyadh,10,37471.0,52257.0,2,0,1,17,732.0,0
1799,45,Dammam,7,32896.0,59762.0,2,1,1,19,658.0,0
1800,47,Dammam,9,52788.0,98313.0,1,1,1,23,489.0,0
1801,21,Dammam,12,97382.0,215648.0,1,1,1,26,664.0,0
1802,44,Riyadh,1,53636.0,24781.0,2,1,0,15,661.0,0
1803,43,Riyadh,7,18785.0,37504.0,2,0,1,21,733.0,0
1804,32,Jeddah,12,20089.0,39656.0,1,0,1,20,621.0,0
1805,25,Jeddah,6,,51394.0,1,1,0,7,565.0,0
1806,20,Riyadh,7,35097.0,48233.0,1,1,0,14,566.0,0
1807,18,Makkah,7,16967.0,33802.0,1,0,1,15,,0
1808,45,Madinah,13,60456.0,68856.0,1,1,1,18,682.0,0
1809,23,Riyadh,0,23315.0,26235.0,1,0,1,25,778.0,0
1810,72,Jeddah,13,84681.0,148565.0,2,0,1,18,797.0,0
1811,31,Jeddah,12,99739.0,177380.0,3,1,0,8,593.0,0
1812,55,Jeddah,12,35450.0,64639.0,2,1,1,19,580.0,0
1813,56,Jeddah,6,49985.0,21222.0,2,1,0,17,644.0,0
1814,46,Jeddah,7,21677.0,16274.0,4,0,1,22,707.0,1
1815,68,Jeddah,5,54822.0,42403.0,4,1,1,20,529.0,0
1816,24,Riyadh,3,31285.0,40820.0,1,0,0,17,694.0,0
1817,31,Dammam,13,23304.0,41857.0,1,1,1,21,689.0,0
1818,32,Jeddah,7,34729.0,58998.0,1,1,1,25,552.0,0
1819,25,Riyadh,10,31797.0,56918.0,3,1,1,19,555.0,0
1820,34,Jeddah,1,34113.0,32747.0,1,1,1,24,693.0,0
1821,35,Riyadh,11,64527.0,25297.0,1,1,1,14,843.0,0
1822,61,Jeddah,9,27102.0,38174.0,2,0,0,17,626.0,0
1823,35,Riyadh,14,95560.0,217074.0,2,0,0,10,689.0,0
1824,67,Dammam,2,20691.0,22364.0,2,1,1,24,598.0,0
1825,62,Jeddah,8,90014.0,169957.0,2,0,1,18,680.0,0
1826,69,Jeddah,7,24143.0,48845.0,2,0,1,25,596.0,0
1827,23,Jeddah,8,40115.0,32059.0,3,0,1,20,631.0,1
1828,74,Dammam,0,31411.0,34513.0,1,1,1,19,850.0,0
1829,52,Makkah,7,33797.0,38004.0,3,1,0,13,663.0,1
1830,73,Jeddah,4,59915.0,51027.0,2,1,0,11,515.0,0
1831,38,Jeddah,9,84958.0,49006.0,1,1,0,11,716.0,0
1832,72,Madinah,3,72785.0,34032.0,4,1,1,22,759.0,0
1833,51,Dammam,6,,13560.0,3,0,1,15,714.0,0
1834,22,Jeddah,9,44008.0,61620.0,3,1,1,17,638.0,0
1835,41,Dammam,0,27145.0,6948.0,3,1,1,29,570.0,1
1836,25,Riyadh,11,24446.0,25596.0,1,1,1,17,572.0,0
1837,71,Riyadh,10,22626.0,27451.0,1,1,0,13,635.0,1
1838,35,Dammam,0,32248.0,22104.0,1,1,1,14,620.0,0
1839,30,Dammam,0,45470.0,58640.0,3,0,1,26,604.0,0
1840,49,Jeddah,12,15430.0,17099.0,3,1,0,15,761.0,1
1841,42,Riyadh,4,39215.0,8005.0,4,1,1,20,737.0,1
1842,23,Madinah,12,85649.0,204008.0,3,0,0,9,773.0,0
1843,64,Dammam,7,70330.0,121077.0,2,0,0,15,586.0,1
1844,66,Jeddah,5,29954.0,37707.0,1,1,1,17,570.0,0
1845,60,Riyadh,4,19962.0,27468.0,1,1,1,22,659.0,0
1846,53,Jeddah,9,50509.0,17275.0,2,1,1,16,692.0,0
1847,40,Riyadh,1,12598.0,15352.0,2,0,1,17,658.0,0
1848,48,Jeddah,6,69918.0,31925.0,1,1,1,13,688.0,0
1849,47,Madinah,5,36070.0,34222.0,3,0,1,15,796.0,0
1850,27,Dammam,2,100273.0,33981.0,2,1,0,7,640.0,0
1851,22,Madinah,5,,24180.0,1,0,0,17,724.0,0
1852,32,Jeddah,7,63518.0,34866.0,3,0,1,22,703.0,0
1853,43,Riyadh,10,38168.0,23883.0,2,1,1,22,662.0,0
1854,27,Madinah,1,34012.0,7442.0,2,0,0,17,722.0,0
1855,24,Makkah,13,20233.0,36552.0,1,1,0,9,583.0,0
1856,66,Jeddah,13,54061.0,42725.0,1,0,0,7,568.0,1
1857,39,Riyadh,10,56279.0,67662.0,1,1,0,13,695.0,0
1858,51,Dammam,13,97984.0,85970.0,2,0,1,12,,0
1859,47,Riyadh,6,66438.0,101339.0,2,1,1,20,703.0,1
1860,59,Madinah,12,29824.0,18057.0,4,0,1,9,551.0,0
1861,60,Dammam,10,24296.0,51539.0,3,1,1,19,789.0,1
1862,34,Riyadh,8,20247.0,14625.0,1,0,1,19,616.0,0
1863,66,Riyadh,2,83836.0,18498.0,4,1,0,17,789.0,1
1864,39,Riyadh,8,27198.0,15172.0,1,1,1,20,634.0,0
1865,65,Makkah,13,84130.0,21824.0,1,0,1,20,636.0,0
1866,41,Riyadh,14,52184.0,64731.0,2,0,1,19,733.0,0
1867,24,Jeddah,6,47332.0,25404.0,3,0,1,19,681.0,0
1868,61,Jeddah,3,34426.0,52843.0,3,0,1,23,647.0,0
1869,19,Jeddah,11,55845.0,69234.0,3,1,0,13,619.0,1
1870,62,Dammam,1,39826.0,16241.0,1,1,0,19,618.0,0
1871,20,Riyadh,2,33369.0,25854.0,1,1,0,7,850.0,1
1872,29,Riyadh,8,56840.0,26594.0,1,1,1,18,505.0,0
1873,52,Riyadh,14,37347.0,19628.0,2,0,1,21,,0
1874,71,Madinah,4,26926.0,15702.0,2,0,0,11,759.0,0
1875,41,Jeddah,6,54172.0,14580.0,1,0,0,11,755.0,0
1876,24,Riyadh,4,38871.0,15092.0,2,0,1,13,571.0,1
1877,31,Jeddah,6,51249.0,93951.0,2,1,1,20,497.0,0
1878,69,Riyadh,0,31987.0,32526.0,2,0,1,19,768.0,0
1879,59,Makkah,8,21926.0,42533.0,1,0,0,10,558.0,0
1880,23,Riyadh,8,95563.0,56516.0,1,0,1,19,615.0,0
1881,39,Madinah,4,86969.0,134907.0,2,1,1,14,667.0,0
1882,33,Dammam,3,62436.0,41307.0,2,0,1,13,560.0,0
1883,28,Dammam,11,33061.0,13277.0,1,1,0,13,737.0,0
1884,66,Riyadh,2,34539.0,46231.0,1,1,1,19,655.0,0
1885,53,Riyadh,0,80111.0,10935.0,3,1,1,23,579.0,0
1886,28,Riyadh,0,33627.0,21422.0,2,1,1,18,582.0,0
1887,55,Makkah,13,29253.0,59755.0,1,1,0,11,770.0,1
1888,41,Madinah,5,102346.0,120886.0,2,1,1,17,635.0,0
1889,21,Riyadh,1,39189.0,32968.0,2,1,1,19,709.0,0
1890,43,Madinah,13,97170.0,90229.0,1,1,0,12,659.0,0
1891,28,Dammam,2,19946.0,3485.0,1,1,0,13,494.0,0
1892,31,Makkah,5,52005.0,96658.0,4,0,0,19,722.0,0
1893,68,Madinah,0,113045.0,34300.0,2,1,0,13,758.0,0
1894,58,Madinah,10,40736.0,25676.0,1,1,0,7,820.0,1
1895,25,Jeddah,10,35172.0,20685.0,2,1,0,13,482.0,0
1896,66,Jeddah,11,22385.0,47414.0,2,1,1,19,368.0,0
1897,50,Dammam,3,68952.0,91772.0,2,1,1,16,714.0,0
1898,67,Riyadh,4,27308.0,23369.0,1,1,1,17,599.0,0
1899,60,Jeddah,14,38277.0,93400.0,1,1,1,13,525.0,1
1900,37,Makkah,12,21650.0,4383.0,1,1,0,16,662.0,0
1901,48,Riyadh,0,87417.0,117648.0,4,1,1,24,618.0,0
1902,48,Jeddah,10,71499.0,14759.0,2,0,1,28,542.0,1
1903,59,Riyadh,12,39506.0,39009.0,3,0,1,16,646.0,0
1904,32,Jeddah,8,22537.0,4048.0,1,1,0,12,703.0,0
1905,36,Riyadh,9,86505.0,187961.0,2,0,1,21,674.0,0
1906,31,Madinah,0,33424.0,45987.0,2,0,1,20,670.0,0
1907,34,Makkah,0,23096.0,20739.0,2,1,1,18,692.0,0
1908,27,Riyadh,0,16630.0,6084.0,1,1,1,18,499.0,0
1909,20,Riyadh,2,29057.0,14426.0,2,0,1,30,648.0,0
1910,71,Riyadh,14,19393.0,23138.0,1,0,1,26,674.0,0
1911,22,Riyadh,9,29395.0,22080.0,1,1,1,21,619.0,0
1912,68,Jeddah,11,58233.0,7303.0,2,1,1,22,581.0,0
1913,18,Riyadh,4,33266.0,39982.0,1,1,1,20,586.0,0
1914,62,Jeddah,14,47947.0,76576.0,1,0,1,26,628.0,0
1915,36,Riyadh,2,27954.0,41858.0,3,1,1,17,735.0,1
1916,47,Riyadh,13,41464.0,50726.0,1,1,0,7,792.0,0
1917,-1,Madinah,0,104867.0,57659.0,2,1,1,17,780.0,0
1918,45,Makkah,0,33717.0,26694.0,3,1,1,19,513.0,0
1919,43,Riyadh,1,48641.0,16972.0,2,1,1,30,570.0,1
1920,48,Dammam,11,18347.0,27216.0,1,1,1,23,711.0,1
1921,40,Riyadh,3,85824.0,115135.0,2,1,1,12,776.0,0
1922,48,Makkah,6,31615.0,11200.0,2,1,1,13,566.0,0
1923,65,Makkah,7,67864.0,46876.0,1,1,1,23,673.0,0
1924,42,Dammam,11,37738.0,76528.0,2,1,0,13,552.0,0
1925,38,Dammam,5,54491.0,53334.0,4,1,1,23,680.0,0
1926,25,Makkah,0,56135.0,46096.0,1,1,0,12,598.0,0
1927,38,Riyadh,5,32009.0,43912.0,1,1,0,7,670.0,0
1928,25,Dammam,4,69283.0,73823.0,2,1,1,16,548.0,0
1929,28,Riyadh,10,27461.0,6215.0,2,1,1,22,506.0,0
1930,72,Riyadh,11,59217.0,111589.0,2,1,0,17,850.0,0
1931,23,Dammam,1,33021.0,48129.0,1,0,0,10,660.0,0
1932,45,Riyadh,11,47800.0,9428.0,1,0,1,17,847.0,1
1933,65,Riyadh,1,31857.0,7553.0,2,1,1,19,,0
1934,72,Riyadh,9,41150.0,63717.0,4,0,0,10,507.0,1
1935,26,Madinah,5,23451.0,27159.0,1,1,1,28,685.0,0
1936,27,Riyadh,4,45423.0,32958.0,3,0,1,12,538.0,0
1937,39,Jeddah,7,41031.0,46081.0,1,1,1,12,627.0,0
1938,49,Riyadh,4,30636.0,39331.0,1,1,0,7,483.0,0
1939,72,Madinah,11,39046.0,47297.0,2,1,1,24,512.0,0
1940,29,Riyadh,14,42916.0,18478.0,1,1,1,20,577.0,0
1941,27,Jeddah,12,29490.0,8478.0,2,1,0,14,604.0,1
1942,32,Jeddah,6,37632.0,33577.0,1,0,1,24,657.0,1
1943,67,Dammam,7,24276.0,45494.0,2,1,0,14,559.0,0
1944,19,Madinah,6,129685.0,144782.0,1,0,0,10,676.0,0
1945,39,Riyadh,11,68156.0,60154.0,3,1,0,13,759.0,0
1946,24,Riyadh,8,46007.0,88088.0,3,1,0,14,679.0,0
1947,26,Jeddah,7,72118.0,59732.0,1,1,1,16,651.0,0
1948,70,Jeddah,6,14919.0,15288.0,1,1,1,14,682.0,0
1949,18,Madinah,5,11172.0,3057.0,4,1,1,24,522.0,0
1950,36,Riyadh,8,32871.0,51506.0,1,0,1,22,739.0,0
1951,70,Makkah,10,20145.0,32195.0,3,1,0,8,544.0,0
1952,52,Riyadh,6,35657.0,55702.0,2,0,1,21,793.0,0
1953,22,Riyadh,12,44481.0,37117.0,3,1,1,22,724.0,0
1954,44,Dammam,12,63590.0,69418.0,1,1,0,8,706.0,0
1955,73,Makkah,6,22717.0,8685.0,1,1,1,18,706.0,0
1956,40,Riyadh,13,49012.0,117142.0,1,1,1,21,655.0,0
1957,48,Madinah,2,40425.0,7773.0,1,0,1,20,583.0,0
1958,48,Riyadh,13,47751.0,78086.0,1,0,0,9,570.0,0
1959,55,Madinah,4,30950.0,39837.0,4,1,0,16,811.0,0
1960,28,Riyadh,8,80143.0,31272.0,1,0,1,21,667.0,0
1961,65,Riyadh,4,38111.0,26512.0,1,1,1,14,553.0,0
1962,74,Makkah,6,97450.0,14256.0,1,1,1,22,706.0,1
1963,26,Riyadh,5,27033.0,28962.0,1,1,1,24,684.0,0
1964,64,Jeddah,10,58187.0,130280.0,2,1,0,13,626.0,0
1965,64,Makkah,1,38955.0,27541.0,1,1,1,12,573.0,0
1966,60,Riyadh,12,34069.0,80976.0,2,1,1,12,720.0,0
1967,39,Dammam,13,55059.0,21170.0,3,1,1,24,741.0,0
1968,44,Jeddah,8,34559.0,29952.0,1,1,0,11,682.0,0
1969,65,Riyadh,8,10604.0,20158.0,2,1,0,15,657.0,1
1970,26,Riyadh,10,8678.0,17198.0,1,0,0,9,580.0,0
1971,65,Riyadh,2,75827.0,43307.0,1,1,0,12,701.0,0
1972,70,Jeddah,11,,118991.0,3,1,0,8,600.0,1
1973,56,Jeddah,3,103122.0,158310.0,3,1,0,10,546.0,1
1974,37,Dammam,10,39785.0,69344.0,1,1,1,15,755.0,0
1975,49,Jeddah,4,21030.0,24259.0,2,1,1,20,559.0,0
1976,20,Jeddah,11,32539.0,13680.0,1,0,0,13,483.0,0
1977,71,Makkah,11,40365.0,9751.0,2,0,0,16,772.0,0
1978,37,Jeddah,3,24257.0,26255.0,2,1,1,17,495.0,0
1979,21,Madinah,9,91518.0,102896.0,1,1,1,27,624.0,0
1980,63,Jeddah,7,122977.0,65603.0,3,1,1,18,564.0,0
1981,55,Madinah,4,50978.0,29028.0,2,1,1,16,590.0,0
1982,53,Madinah,8,39917.0,34566.0,1,1,0,11,850.0,1
1983,21,Jeddah,14,21005.0,27442.0,3,1,1,26,,0
1984,60,Dammam,0,86961.0,53557.0,2,1,1,17,691.0,0
1985,54,Riyadh,14,41696.0,43350.0,1,0,1,20,725.0,0
1986,63,Jeddah,12,34732.0,12104.0,2,1,1,16,595.0,0
1987,65,Jeddah,7,51051.0,89946.0,3,1,1,22,752.0,0
1988,30,Jeddah,9,29946.0,40524.0,4,0,0,14,687.0,0
1989,30,Riyadh,5,43193.0,14138.0,1,1,0,15,722.0,0
1990,70,Makkah,1,19512.0,13616.0,2,0,0,10,587.0,0
1991,48,Riyadh,8,69116.0,63306.0,3,1,1,28,697.0,0
1992,42,Makkah,12,38093.0,56128.0,4,1,1,24,653.0,0
1993,34,Madinah,3,71639.0,76854.0,1,0,0,6,759.0,0
1994,54,Riyadh,10,,53657.0,2,1,1,23,605.0,1
1995,60,Jeddah,11,37493.0,61715.0,3,1,1,21,837.0,0
1996,18,Jeddah,11,21891.0,6782.0,1,0,0,10,683.0,0
1997,49,Madinah,5,58681.0,36099.0,1,1,1,22,645.0,0
1998,74,Makkah,5,25902.0,2433.0,2,1,1,17,631.0,1
1999,33,Jeddah,6,31470.0,29015.0,2,1,1,20,653.0,1
2000,34,Madinah,12,40156.0,43219.0,2,1,1,14,597.0,0
2001,68,Riyadh,13,42643.0,78437.0,1,0,0,11,714.0,1
2002,21,Riyadh,6,17102.0,6499.0,2,1,1,13,651.0,0
2003,40,Jeddah,14,35760.0,58705.0,1,1,1,23,829.0,1
2004,44,Makkah,8,59732.0,41370.0,3,0,0,14,617.0,0
2005,63,Riyadh,5,33217.0,25070.0,1,1,0,12,642.0,0
2006,25,Dammam,0,,39204.0,1,1,1,17,614.0,0
2007,42,Riyadh,9,43530.0,9704.0,4,1,1,27,823.0,1
2008,26,Riyadh,9,37685.0,29892.0,2,1,1,13,524.0,0
2009,62,Madinah,14,23974.0,25163.0,1,1,0,13,661.0,0
2010,54,Dammam,10,39412.0,64311.0,1,1,1,17,682.0,0
2011,46,Jeddah,0,,22357.0,2,1,1,27,555.0,0
2012,40,Dammam,8,23728.0,47296.0,4,0,0,9,850.0,0
2013,26,Jeddah,11,33282.0,77213.0,1,1,0,9,570.0,1
2014,70,Riyadh,7,20114.0,33601.0,3,0,1,19,655.0,0
2015,54,Jeddah,6,,40481.0,1,0,1,28,808.0,0
2016,36,Madinah,12,38324.0,62091.0,2,0,0,10,620.0,0
2017,41,Riyadh,9,,6489.0,1,1,1,20,666.0,0
2018,59,Riyadh,10,42030.0,82800.0,1,1,0,14,623.0,0
2019,59,Dammam,6,21987.0,22815.0,3,1,1,12,,0
2020,44,Jeddah,4,23939.0,8786.0,1,1,0,13,750.0,1
2021,35,Riyadh,7,19340.0,13701.0,3,1,1,18,614.0,0
2022,55,Jeddah,14,23544.0,48473.0,1,0,1,17,413.0,0
2023,55,Madinah,9,79116.0,150491.0,1,0,1,15,655.0,0
2024,52,Riyadh,10,27818.0,33531.0,3,0,1,22,658.0,0
2025,22,Riyadh,1,50671.0,39715.0,2,1,0,6,673.0,0
2026,44,Jeddah,14,26419.0,51136.0,1,0,0,13,636.0,0
2027,52,Jeddah,3,58675.0,84209.0,2,1,0,11,578.0,0
2028,72,Riyadh,14,24028.0,47344.0,1,1,1,21,630.0,1
2029,47,Jeddah,6,40930.0,32320.0,3,1,1,12,813.0,0
2030,37,Jeddah,13,41210.0,66690.0,1,1,0,10,650.0,0
2031,49,Dammam,13,128528.0,274245.0,2,1,1,19,722.0,0
2032,28,Jeddah,11,55007.0,23025.0,1,0,1,22,562.0,0
2033,23,Riyadh,13,29838.0,30170.0,2,1,1,20,627.0,0
2034,56,Riyadh,9,56530.0,10828.0,3,0,0,8,566.0,0
2035,74,Makkah,12,,120245.0,3,1,1,27,778.0,0
2036,66,Dammam,2,17768.0,22864.0,1,0,1,25,512.0,1
2037,51,Jeddah,1,26338.0,9284.0,1,1,1,24,686.0,0
2038,20,Dammam,8,35652.0,41714.0,1,1,1,16,684.0,0
2039,74,Riyadh,12,32580.0,5372.0,3,1,0,7,678.0,0
2040,43,Makkah,11,33983.0,71193.0,1,1,1,16,442.0,0
2041,34,Dammam,7,20908.0,34972.0,2,0,1,19,470.0,0
2042,68,Riyadh,7,80982.0,88597.0,1,1,0,9,669.0,1
2043,60,Riyadh,9,19706.0,30671.0,4,1,1,20,569.0,0
2044,60,Riyadh,13,36312.0,12024.0,2,0,1,23,596.0,1
2045,33,Riyadh,12,67705.0,138178.0,2,0,1,19,619.0,1
2046,74,Jeddah,1,39534.0,45127.0,3,0,0,17,559.0,1
2047,43,Riyadh,8,24595.0,7711.0,4,0,1,14,542.0,0
2048,48,Dammam,5,20448.0,37624.0,2,1,1,21,652.0,0
2049,60,Jeddah,11,35775.0,4584.0,2,0,0,8,482.0,0
2050,55,Riyadh,7,27487.0,35673.0,2,1,0,15,607.0,0
2051,27,Riyadh,14,44472.0,22609.0,1,0,0,9,594.0,0
2052,35,Riyadh,6,19916.0,28297.0,1,1,1,23,650.0,0
2053,38,Jeddah,10,60266.0,13749.0,2,0,0,11,850.0,0
2054,72,Jeddah,1,42522.0,7483.0,2,1,0,17,566.0,0
2055,58,Jeddah,13,44131.0,52873.0,1,1,0,7,691.0,0
2056,38,Riyadh,2,82499.0,135335.0,1,1,1,20,678.0,0
2057,59,Madinah,5,32244.0,18175.0,2,1,1,19,704.0,0
2058,60,Jeddah,12,27920.0,41910.0,1,1,1,16,634.0,0
2059,40,Jeddah,14,30519.0,41608.0,2,1,1,21,783.0,0
2060,40,Jeddah,7,36451.0,62548.0,2,1,0,11,715.0,1
2061,68,Riyadh,7,38350.0,24253.0,1,1,1,21,717.0,0
2062,50,Dammam,0,26493.0,22643.0,1,0,0,11,525.0,1
2063,26,Dammam,14,,35441.0,1,0,0,9,660.0,0
2064,59,Riyadh,0,30319.0,16137.0,1,0,0,14,607.0,1
2065,51,Riyadh,0,48046.0,33014.0,2,1,0,7,577.0,0
2066,47,Jeddah,7,42964.0,77651.0,2,0,0,11,598.0,0
2067,59,Jeddah,0,73114.0,38906.0,3,0,1,29,652.0,1
2068,69,Madinah,2,106696.0,70651.0,1,1,1,19,702.0,1
2069,36,Jeddah,9,58669.0,41767.0,2,1,0,7,,0
2070,41,Madinah,10,80118.0,147075.0,1,1,1,15,742.0,0
2071,28,Riyadh,4,,98865.0,3,1,1,25,682.0,1
2072,54,Jeddah,11,94367.0,141163.0,1,0,1,28,664.0,0
2073,40,Riyadh,9,101258.0,140109.0,2,1,0,17,631.0,0
2074,37,Madinah,3,64575.0,45708.0,2,0,1,12,634.0,0
2075,57,Jeddah,10,57136.0,5837.0,1,0,1,21,585.0,1
2076,41,Dammam,8,36221.0,15325.0,4,1,1,24,615.0,0
2077,44,Riyadh,12,39314.0,16593.0,1,0,0,18,686.0,0
2078,43,Jeddah,2,33897.0,8130.0,1,1,1,21,792.0,0
2079,32,Jeddah,3,54755.0,62866.0,2,1,0,14,642.0,0
2080,25,Riyadh,4,27996.0,8322.0,2,0,1,22,580.0,0
2081,65,Dammam,5,36477.0,7941.0,1,0,1,22,741.0,1
2082,23,Jeddah,13,12362.0,12335.0,1,0,0,11,471.0,0
2083,36,Jeddah,10,94992.0,58574.0,1,0,0,10,753.0,0
2084,56,Jeddah,8,35946.0,13160.0,3,1,1,20,525.0,0
2085,25,Dammam,8,50402.0,18479.0,2,1,1,17,714.0,0
2086,55,Riyadh,13,83191.0,57857.0,1,0,1,18,615.0,0
2087,59,Jeddah,6,46637.0,50226.0,1,0,1,21,684.0,0
2088,55,Madinah,3,82634.0,109211.0,3,1,0,13,846.0,1
2089,35,Riyadh,2,21572.0,30528.0,3,1,1,26,577.0,1
2090,19,Makkah,4,133078.0,181980.0,1,1,1,28,573.0,0
2091,68,Madinah,9,69117.0,96302.0,2,0,0,12,664.0,1
2092,36,Riyadh,7,44560.0,82176.0,1,1,0,9,792.0,0
2093,63,Riyadh,6,81841.0,85500.0,1,0,1,18,674.0,1
2094,29,Makkah,7,22375.0,29251.0,3,1,0,14,656.0,0
2095,27,Madinah,14,34742.0,38204.0,3,1,0,11,669.0,0
2096,62,Riyadh,14,82630.0,73706.0,1,1,1,17,568.0,0
2097,71,Madinah,2,15780.0,9217.0,3,0,1,19,668.0,1
2098,67,Riyadh,1,53116.0,14783.0,2,1,1,18,620.0,0
2099,60,Jeddah,3,52370.0,72576.0,2,0,0,13,774.0,0
2100,32,Madinah,12,107432.0,22395.0,2,1,1,14,733.0,0
2101,70,Riyadh,6,18188.0,24313.0,2,0,1,16,533.0,0
2102,56,Makkah,12,89753.0,187184.0,3,1,1,23,633.0,1
2103,27,Riyadh,9,30341.0,33932.0,1,0,1,12,701.0,0
2104,25,Jeddah,8,32096.0,6821.0,2,1,0,13,565.0,0
2105,67,Madinah,4,21785.0,17547.0,1,1,1,11,555.0,0
2106,33,Riyadh,5,23297.0,15949.0,3,1,1,18,611.0,0
2107,61,Dammam,2,49107.0,79894.0,1,0,1,9,686.0,0
2108,25,Madinah,7,23013.0,32693.0,1,1,1,22,746.0,0
2109,33,Makkah,4,58113.0,76428.0,2,0,0,10,677.0,1
2110,34,Madinah,4,28811.0,27588.0,1,1,1,22,850.0,1
2111,34,Madinah,0,21883.0,23604.0,1,0,1,14,591.0,1
2112,56,Riyadh,11,30825.0,52448.0,1,0,1,21,720.0,0
2113,70,Dammam,14,47494.0,11806.0,2,0,0,12,555.0,1
2114,69,Jeddah,7,34938.0,17583.0,1,0,0,7,798.0,0
2115,60,Dammam,8,,3933.0,1,0,0,9,776.0,0
2116,29,Dammam,13,56846.0,74026.0,2,1,0,13,720.0,0
2117,72,Riyadh,7,68955.0,122869.0,3,0,0,11,501.0,0
2118,48,Makkah,9,34370.0,46540.0,2,1,0,9,717.0,0
2119,49,Jeddah,6,23811.0,23999.0,1,1,0,17,579.0,1
2120,57,Dammam,7,41691.0,78382.0,3,1,0,13,695.0,0
2121,61,Jeddah,7,50783.0,20548.0,3,1,1,25,524.0,1
2122,72,Riyadh,10,19334.0,4587.0,2,1,1,16,676.0,0
2123,51,Dammam,9,25712.0,51453.0,2,1,0,24,621.0,1
2124,52,Jeddah,7,28013.0,51395.0,1,1,1,16,583.0,0
2125,60,Makkah,1,36174.0,39514.0,2,1,1,29,707.0,0
2126,32,Makkah,13,27432.0,18407.0,2,0,0,15,648.0,0
2127,35,Makkah,13,,137324.0,1,1,1,22,637.0,0
2128,53,Makkah,2,17988.0,22948.0,1,0,0,16,718.0,1
2129,21,Madinah,4,18218.0,22455.0,1,1,1,31,823.0,0
2130,36,Riyadh,14,33964.0,21549.0,2,1,0,17,678.0,0
2131,58,Dammam,4,36760.0,35024.0,1,0,1,20,491.0,0
2132,73,Riyadh,12,19393.0,38561.0,2,0,0,16,512.0,0
2133,47,Jeddah,11,29632.0,59588.0,3,1,0,13,659.0,0
2134,40,Makkah,12,32842.0,45405.0,1,0,1,24,746.0,0
2135,43,Dammam,0,32970.0,26641.0,1,0,0,13,665.0,1
2136,57,Jeddah,7,43301.0,62060.0,1,1,1,21,700.0,0
2137,49,Dammam,8,28831.0,32935.0,1,1,0,12,648.0,0
2138,19,Riyadh,12,84029.0,88148.0,3,1,1,18,745.0,0
2139,48,Madinah,3,51231.0,10243.0,2,1,1,27,711.0,1
2140,40,Riyadh,4,26808.0,7488.0,3,1,1,29,561.0,0
2141,57,Riyadh,2,42077.0,53338.0,4,1,1,21,695.0,0
2142,67,Riyadh,11,42702.0,5676.0,1,1,1,25,515.0,1
2143,72,Madinah,14,73671.0,15761.0,2,1,0,9,698.0,0
2144,52,Jeddah,2,29727.0,44528.0,2,1,1,22,628.0,1
2145,38,Jeddah,3,58904.0,72535.0,2,1,1,26,670.0,0
2146,43,Jeddah,4,40984.0,2759.0,1,0,0,18,683.0,0
2147,28,Riyadh,13,84608.0,70145.0,1,0,1,23,684.0,0
2148,71,Riyadh,6,76531.0,115092.0,2,0,1,14,785.0,1
2149,66,Riyadh,4,44289.0,34839.0,2,1,1,19,657.0,0
2150,66,Jeddah,4,35202.0,30827.0,1,1,0,12,671.0,0
2151,36,Riyadh,8,51705.0,51775.0,1,1,1,25,775.0,0
2152,36,Jeddah,5,36672.0,15727.0,2,1,0,11,824.0,1
2153,66,Jeddah,2,92981.0,112100.0,2,1,1,18,658.0,0
2154,49,Jeddah,12,41741.0,13314.0,2,1,1,20,608.0,0
2155,58,Madinah,6,32767.0,33461.0,1,1,0,14,612.0,1
2156,45,Riyadh,3,31895.0,10873.0,1,0,0,12,694.0,0
2157,43,Jeddah,10,21883.0,3856.0,2,1,1,18,634.0,0
2158,54,Riyadh,11,53012.0,21175.0,2,1,0,9,498.0,0
2159,64,Madinah,2,26635.0,38397.0,1,0,0,11,754.0,0
2160,37,Madinah,1,69499.0,22287.0,2,0,0,17,730.0,1
2161,64,Riyadh,0,21026.0,9538.0,1,0,1,24,755.0,0
2162,31,Riyadh,11,42771.0,16590.0,2,0,0,8,775.0,1
2163,40,Riyadh,9,71333.0,115487.0,1,0,1,14,674.0,0
2164,70,Riyadh,11,13683.0,14759.0,2,1,0,13,675.0,0
2165,72,Riyadh,9,110099.0,226418.0,3,1,0,19,752.0,0
2166,70,Riyadh,6,32447.0,42741.0,1,1,0,8,544.0,1
2167,36,Riyadh,8,43069.0,49474.0,1,0,0,6,623.0,0
2168,66,Riyadh,10,53408.0,80281.0,1,1,1,28,650.0,0
2169,71,Jeddah,5,57703.0,7834.0,1,1,0,13,739.0,1
2170,73,Riyadh,13,46025.0,108479.0,3,1,1,20,606.0,0
2171,19,Jeddah,13,66085.0,156672.0,4,1,1,29,593.0,0
2172,60,Madinah,12,52028.0,37494.0,1,1,0,16,616.0,1
2173,74,Jeddah,14,96804.0,158153.0,3,1,0,11,702.0,1
2174,61,Riyadh,5,52113.0,22329.0,1,1,1,15,649.0,0
2175,31,Madinah,1,107186.0,94970.0,2,1,0,17,530.0,1
2176,61,Riyadh,7,62978.0,99273.0,2,0,1,20,543.0,0
2177,23,Riyadh,11,16271.0,35629.0,1,0,1,23,664.0,0
2178,45,Dammam,11,148086.0,124376.0,2,1,0,8,680.0,0
2179,53,Riyadh,5,30116.0,39737.0,2,0,0,11,655.0,1
2180,44,Jeddah,4,84776.0,110767.0,1,1,1,21,616.0,0
2181,57,Makkah,6,40676.0,19600.0,4,0,0,10,725.0,1
2182,31,Jeddah,12,68224.0,105021.0,1,1,1,20,690.0,1
2183,52,Makkah,0,28446.0,28456.0,1,0,1,27,683.0,1
2184,54,Riyadh,4,54878.0,76253.0,3,1,1,20,689.0,0
2185,54,Riyadh,3,35362.0,60996.0,1,1,1,23,797.0,0
2186,34,Jeddah,12,88389.0,15321.0,1,1,0,7,567.0,0
2187,35,Jeddah,7,49978.0,23165.0,1,0,1,15,617.0,0
2188,32,Dammam,1,64085.0,17520.0,1,1,1,21,626.0,0
2189,44,Dammam,3,13602.0,4285.0,1,1,1,15,765.0,0
2190,51,Riyadh,0,38454.0,27251.0,1,0,1,21,620.0,0
2191,38,Madinah,7,49280.0,88075.0,2,0,1,17,584.0,1
2192,41,Riyadh,14,44883.0,53460.0,2,1,1,19,645.0,0
2193,34,Madinah,8,64898.0,92610.0,3,1,0,6,666.0,1
2194,30,Riyadh,13,33425.0,32866.0,3,1,1,24,761.0,0
2195,55,Dammam,11,41126.0,32734.0,1,0,1,21,620.0,0
2196,64,Dammam,13,72447.0,150574.0,4,1,0,11,595.0,1
2197,34,Jeddah,4,12844.0,15421.0,3,1,0,18,569.0,0
2198,67,Makkah,14,53889.0,51192.0,3,1,0,15,624.0,1
2199,50,Jeddah,3,33964.0,53726.0,2,1,1,26,850.0,0
2200,27,Dammam,6,25434.0,25553.0,1,1,0,9,687.0,0
2201,38,Makkah,10,47490.0,23009.0,1,1,1,13,709.0,0
2202,18,Riyadh,4,74141.0,66787.0,3,1,1,27,657.0,0
2203,20,Jeddah,3,67479.0,79798.0,2,1,1,17,669.0,0
2204,37,Dammam,1,37513.0,22937.0,3,0,0,4,725.0,0
2205,43,Riyadh,0,62185.0,79192.0,2,1,1,16,707.0,0
2206,63,Riyadh,7,61947.0,68831.0,1,1,1,22,688.0,0
2207,25,Riyadh,14,38419.0,47564.0,1,0,1,24,655.0,0
2208,65,Riyadh,3,28381.0,42271.0,4,1,0,10,621.0,1
2209,31,Dammam,6,29213.0,27390.0,1,1,1,23,691.0,0
2210,25,Dammam,14,61018.0,67518.0,2,0,1,12,664.0,0
2211,57,Riyadh,11,39298.0,12206.0,4,1,1,27,846.0,0
2212,62,Jeddah,0,23787.0,13692.0,1,0,1,20,747.0,1
2213,52,Riyadh,7,17285.0,14601.0,1,1,1,21,591.0,0
2214,24,Madinah,2,60835.0,20872.0,2,1,1,12,551.0,1
2215,24,Dammam,3,,31685.0,3,1,0,12,617.0,1
2216,40,Riyadh,3,47344.0,14078.0,2,1,1,23,557.0,0
2217,43,Riyadh,9,74597.0,40492.0,1,1,1,21,616.0,0
2218,74,Makkah,2,20859.0,19815.0,1,1,1,27,565.0,0
2219,34,Jeddah,3,39239.0,19856.0,1,1,1,20,624.0,0
2220,28,Jeddah,3,36852.0,41427.0,1,1,1,20,625.0,0
2221,71,Jeddah,5,48527.0,63767.0,1,1,1,18,668.0,0
2222,26,Jeddah,9,74576.0,52648.0,3,1,1,17,639.0,0
2223,19,Madinah,5,20646.0,4560.0,1,1,1,19,571.0,1
2224,42,Makkah,4,53364.0,48649.0,3,1,0,6,765.0,1
2225,40,Riyadh,7,67222.0,16762.0,3,1,1,21,693.0,0
2226,53,Dammam,9,36564.0,42260.0,2,1,1,14,605.0,0
2227,68,Makkah,0,37469.0,41329.0,2,0,1,20,574.0,0
2228,71,Riyadh,13,,77509.0,1,1,0,16,523.0,1
2229,34,Makkah,13,47687.0,55078.0,2,0,1,24,,0
2230,73,Jeddah,9,53700.0,110685.0,1,1,1,19,750.0,0
2231,54,Riyadh,8,53138.0,14695.0,1,0,1,22,740.0,0
2232,21,Madinah,10,24563.0,48856.0,2,1,1,20,600.0,0
2233,71,Dammam,6,65850.0,103598.0,1,0,1,22,780.0,0
2234,25,Riyadh,5,71926.0,59215.0,1,1,1,15,713.0,0
2235,51,Jeddah,5,44048.0,14957.0,2,1,1,15,673.0,0
2236,63,Dammam,2,19014.0,5773.0,2,1,1,28,729.0,0
2237,32,Dammam,12,37897.0,84078.0,1,1,1,15,709.0,0
2238,33,Riyadh,4,44232.0,20641.0,1,1,1,19,668.0,0
2239,45,Dammam,4,22645.0,35801.0,1,0,1,20,631.0,0
2240,68,Makkah,14,33521.0,44436.0,2,1,0,14,644.0,0
2241,30,Makkah,7,19837.0,19269.0,2,1,0,15,507.0,0
2242,55,Riyadh,9,54374.0,74765.0,1,1,1,20,583.0,0
2243,43,Madinah,3,43607.0,18144.0,2,1,1,21,816.0,0
2244,24,Riyadh,4,17626.0,14195.0,4,1,1,19,577.0,0
2245,58,Makkah,10,47846.0,101252.0,2,1,1,31,488.0,0
2246,65,Riyadh,6,39017.0,20059.0,2,1,1,19,735.0,0
2247,50,Madinah,2,51959.0,79234.0,2,1,0,17,678.0,0
2248,28,Makkah,12,32999.0,78754.0,3,1,0,18,681.0,0
2249,26,Madinah,6,26883.0,4378.0,3,1,1,24,639.0,0
2250,42,Riyadh,10,27298.0,33597.0,1,1,0,19,735.0,0
2251,46,Makkah,5,30666.0,11467.0,1,0,1,21,791.0,0
2252,49,Riyadh,8,40514.0,53968.0,1,1,1,26,607.0,0
2253,31,Jeddah,11,43217.0,99464.0,2,1,1,13,711.0,0
2254,46,Madinah,13,36484.0,81297.0,1,0,1,18,754.0,0
2255,34,Dammam,3,,51956.0,3,1,1,22,601.0,1
2256,57,Dammam,10,33668.0,18148.0,1,0,1,19,789.0,0
2257,63,Riyadh,13,140626.0,194064.0,2,1,1,22,764.0,0
2258,55,Jeddah,9,27300.0,15458.0,1,1,1,18,541.0,0
2259,18,Riyadh,2,30364.0,45230.0,2,0,1,20,797.0,0
2260,74,Riyadh,2,208340.0,74980.0,1,0,0,8,564.0,1
2261,19,Madinah,3,49539.0,15566.0,2,1,1,19,593.0,0
2262,74,Jeddah,1,20131.0,1430.0,2,0,1,29,714.0,0
2263,19,Riyadh,11,61166.0,29753.0,1,0,1,15,750.0,0
2264,47,Jeddah,14,25463.0,14075.0,2,1,0,13,661.0,0
2265,24,Riyadh,7,63230.0,13859.0,3,1,1,29,600.0,0
2266,23,Riyadh,8,36117.0,66149.0,2,1,1,21,630.0,0
2267,56,Makkah,11,,58966.0,2,1,1,22,619.0,0
2268,59,Riyadh,6,89732.0,48877.0,2,1,1,23,735.0,0
2269,24,Riyadh,7,53274.0,85277.0,3,1,0,11,619.0,0
2270,73,Riyadh,8,65284.0,60518.0,2,0,1,20,598.0,0
2271,36,Dammam,4,49884.0,70307.0,3,1,1,26,522.0,0
2272,36,Riyadh,0,32137.0,16659.0,3,1,1,26,600.0,1
2273,34,Riyadh,8,54485.0,66267.0,1,1,1,15,645.0,0
2274,44,Madinah,12,73468.0,70921.0,1,0,0,8,556.0,0
2275,28,Jeddah,1,42932.0,14521.0,2,1,1,23,497.0,0
2276,42,Riyadh,3,98797.0,102160.0,2,1,1,19,748.0,0
2277,29,Makkah,3,61405.0,80410.0,2,0,1,28,566.0,0
2278,20,Jeddah,12,44622.0,81534.0,4,1,0,11,537.0,1
2279,39,Makkah,7,45513.0,34815.0,2,0,1,15,796.0,0
2280,56,Riyadh,8,42986.0,48273.0,1,1,0,8,731.0,0
2281,61,Riyadh,9,21469.0,36032.0,2,1,0,17,744.0,0
2282,38,Riyadh,4,38367.0,5940.0,1,0,1,12,699.0,0
2283,36,Jeddah,10,44828.0,10371.0,2,1,0,14,773.0,0
2284,62,Jeddah,0,32596.0,19412.0,3,0,0,18,733.0,0
2285,56,Jeddah,1,47517.0,18662.0,1,1,1,24,624.0,0
2286,65,Jeddah,12,40565.0,38503.0,3,1,1,22,558.0,1
2287,69,Jeddah,9,59092.0,15932.0,3,1,1,14,540.0,0
2288,64,Jeddah,2,55913.0,55871.0,1,0,1,22,643.0,0
2289,71,Riyadh,6,43633.0,58086.0,3,1,1,26,555.0,0
2290,41,Jeddah,0,20260.0,24275.0,2,1,0,20,580.0,0
2291,40,Makkah,10,98259.0,146395.0,2,1,1,16,646.0,0
2292,36,Madinah,11,37386.0,36203.0,1,1,1,17,780.0,1
2293,31,Riyadh,4,38544.0,65015.0,1,1,0,19,518.0,0
2294,60,Jeddah,5,33818.0,46634.0,2,1,1,16,656.0,0
2295,58,Riyadh,3,31439.0,29471.0,1,1,0,6,541.0,0
2296,63,Jeddah,5,86858.0,37993.0,1,1,0,14,609.0,0
2297,27,Jeddah,4,80260.0,95447.0,3,0,0,11,742.0,1
2298,46,Makkah,3,50121.0,52336.0,2,1,1,23,579.0,0
2299,30,Madinah,6,38035.0,51464.0,2,1,0,6,630.0,0
2300,68,Riyadh,12,54697.0,103498.0,4,1,0,18,668.0,1
2301,33,Jeddah,11,41643.0,88869.0,1,1,1,16,717.0,0
2302,26,Jeddah,4,36493.0,62453.0,1,1,0,13,604.0,0
2303,50,Dammam,14,47527.0,77869.0,2,0,1,26,768.0,0
2304,68,Makkah,3,32190.0,53700.0,1,1,1,28,613.0,0
2305,70,Riyadh,13,45530.0,103038.0,1,1,1,19,698.0,0
2306,23,Riyadh,4,44450.0,2869.0,2,0,0,11,637.0,0
2307,36,Dammam,8,54256.0,74025.0,1,0,0,12,722.0,0
2308,26,Jeddah,3,29449.0,10457.0,2,0,0,7,835.0,0
2309,35,Dammam,11,57243.0,42414.0,2,1,0,8,631.0,0
2310,48,Riyadh,4,25510.0,14736.0,2,1,1,31,651.0,0
2311,33,Riyadh,13,30143.0,37329.0,1,0,0,15,614.0,0
2312,21,Riyadh,1,30808.0,2127.0,1,1,1,19,600.0,0
2313,47,Makkah,7,23482.0,12424.0,3,1,0,11,589.0,0
2314,21,Jeddah,2,66691.0,6766.0,3,1,1,27,655.0,1
2315,30,Riyadh,13,24723.0,40520.0,2,1,0,10,583.0,1
2316,18,Riyadh,6,28298.0,49276.0,1,1,0,13,586.0,0
2317,22,Makkah,10,75185.0,168805.0,2,1,1,20,373.0,0
2318,42,Jeddah,13,30173.0,34870.0,1,1,1,18,778.0,0
2319,66,Makkah,8,36531.0,21849.0,1,1,1,11,802.0,0
2320,62,Madinah,0,24197.0,31142.0,1,1,1,20,711.0,0
2321,23,Riyadh,3,60869.0,14985.0,1,1,1,18,577.0,0
2322,19,Madinah,3,61290.0,103092.0,1,1,1,20,542.0,0
2323,37,Jeddah,13,58074.0,104112.0,1,1,0,11,515.0,0
2324,55,Dammam,13,52510.0,67641.0,3,0,1,18,713.0,0
2325,60,Jeddah,7,41639.0,10688.0,2,1,0,11,768.0,1
2326,64,Dammam,13,30878.0,3892.0,1,0,1,17,668.0,0
2327,37,Dammam,3,26703.0,25782.0,1,0,1,21,730.0,0
2328,27,Riyadh,10,76493.0,74590.0,3,1,0,13,698.0,0
2329,19,Jeddah,5,58830.0,93530.0,1,0,1,23,587.0,0
2330,26,Riyadh,3,28377.0,32025.0,1,1,1,29,744.0,0
2331,21,Riyadh,3,40942.0,31840.0,2,1,0,12,739.0,0
2332,67,Jeddah,6,34542.0,16961.0,2,1,1,12,564.0,0
2333,33,Dammam,5,22831.0,21307.0,3,1,0,10,725.0,0
2334,64,Riyadh,3,43863.0,14444.0,1,0,1,19,641.0,1
2335,49,Riyadh,5,32606.0,41457.0,1,0,1,21,630.0,0
2336,48,Madinah,1,24928.0,24298.0,1,1,0,11,688.0,0
2337,43,Jeddah,14,19157.0,39882.0,2,0,0,13,684.0,0
2338,64,Dammam,5,18363.0,16109.0,1,1,1,16,732.0,1
2339,20,Riyadh,1,33332.0,15891.0,1,0,1,20,577.0,0
2340,23,Dammam,8,38463.0,67998.0,1,1,1,19,705.0,0
2341,42,Makkah,13,25909.0,44971.0,3,0,1,26,548.0,0
2342,40,Riyadh,5,55568.0,74651.0,1,1,0,9,639.0,0
2343,49,Jeddah,12,38841.0,50694.0,1,0,1,26,644.0,0
2344,60,Riyadh,9,53554.0,102515.0,3,1,1,14,743.0,0
2345,51,Riyadh,11,36627.0,21590.0,2,0,0,16,654.0,0
2346,32,Dammam,4,27077.0,20550.0,2,0,1,20,629.0,0
2347,36,Dammam,0,42491.0,51182.0,2,0,1,22,783.0,0
2348,60,Jeddah,5,21347.0,6479.0,1,1,1,17,614.0,0
2349,29,Jeddah,13,52560.0,105956.0,3,1,1,16,613.0,0
2350,150,Jeddah,11,25120.0,21853.0,1,1,0,11,484.0,0
2351,48,Jeddah,11,63520.0,22840.0,4,1,0,11,637.0,0
2352,60,Riyadh,13,33887.0,9213.0,1,1,1,16,569.0,0
2353,58,Riyadh,5,68273.0,108587.0,2,0,1,19,634.0,1
2354,44,Riyadh,4,22895.0,32392.0,2,1,1,22,674.0,0
2355,35,Madinah,13,28599.0,22068.0,1,1,0,11,555.0,0
2356,38,Riyadh,8,48556.0,14869.0,1,0,0,9,581.0,0
2357,41,Jeddah,4,72060.0,35323.0,2,0,1,17,513.0,0
2358,30,Jeddah,4,92347.0,39764.0,1,1,1,21,613.0,0
2359,53,Dammam,13,40974.0,75242.0,4,0,0,12,569.0,0
2360,29,Makkah,0,100597.0,36473.0,1,0,0,13,850.0,1
2361,54,Dammam,0,34723.0,12616.0,2,1,1,22,789.0,0
2362,60,Riyadh,11,69521.0,10430.0,2,0,0,11,778.0,0
2363,72,Riyadh,0,25057.0,22938.0,2,1,1,19,536.0,0
2364,24,Makkah,2,49518.0,57140.0,2,1,1,26,639.0,0
2365,61,Makkah,14,12446.0,21107.0,2,1,0,16,543.0,1
2366,22,Madinah,6,22907.0,26041.0,2,1,1,25,818.0,0
2367,37,Makkah,10,50683.0,110297.0,2,1,0,8,730.0,0
2368,28,Jeddah,7,20822.0,20674.0,2,1,0,15,557.0,0
2369,27,Riyadh,1,49686.0,67675.0,1,1,1,18,688.0,1
2370,27,Dammam,2,63148.0,68540.0,1,1,1,21,523.0,0
2371,20,Dammam,11,31236.0,8329.0,1,1,0,16,641.0,0
2372,64,Riyadh,1,24724.0,31792.0,2,1,0,12,637.0,0
2373,21,Dammam,8,31663.0,39779.0,3,1,0,12,720.0,0
2374,40,Madinah,5,24763.0,30880.0,1,0,1,16,741.0,0
2375,57,Riyadh,5,38154.0,14848.0,2,0,1,22,656.0,0
2376,74,Jeddah,14,42237.0,49139.0,1,1,1,21,634.0,0
2377,66,Jeddah,9,34441.0,66262.0,2,1,0,12,362.0,0
2378,25,Riyadh,9,92705.0,48711.0,2,1,1,21,800.0,0
2379,74,Makkah,5,28009.0,1757.0,2,1,1,26,594.0,1
2380,55,Dammam,5,80476.0,42591.0,2,0,0,21,667.0,1
2381,28,Riyadh,10,23846.0,27075.0,2,1,1,26,850.0,0
2382,43,Makkah,0,41622.0,51647.0,1,1,1,7,547.0,0
2383,70,Jeddah,3,72515.0,81956.0,2,1,1,15,659.0,0
2384,40,Jeddah,9,70663.0,141667.0,1,1,0,17,702.0,0
2385,28,Dammam,9,32528.0,33514.0,3,1,0,12,752.0,0
2386,67,Makkah,1,52973.0,34301.0,2,1,1,13,655.0,0
2387,72,Riyadh,11,49543.0,29608.0,1,1,1,21,761.0,0
2388,73,Jeddah,8,30639.0,15708.0,1,1,1,27,616.0,0
2389,72,Dammam,3,54610.0,70172.0,2,1,1,25,704.0,0
2390,67,Madinah,11,101849.0,26288.0,4,0,0,9,697.0,0
2391,43,Makkah,14,50810.0,34718.0,1,0,1,17,647.0,1
2392,28,Madinah,6,53273.0,92424.0,2,1,1,17,684.0,0
2393,53,Riyadh,4,56167.0,59753.0,1,1,1,29,577.0,0
2394,30,Jeddah,4,19332.0,2727.0,2,1,1,19,625.0,0
2395,44,Riyadh,8,50519.0,75760.0,2,1,1,21,539.0,1
2396,55,Jeddah,0,24140.0,18942.0,1,1,1,24,613.0,0
2397,71,Makkah,7,29883.0,52003.0,2,1,1,24,755.0,0
2398,34,Jeddah,0,118299.0,122975.0,1,1,0,11,700.0,0
2399,32,Riyadh,0,35361.0,1996.0,3,1,1,16,681.0,0
2400,59,Dammam,6,27720.0,12552.0,1,1,1,23,509.0,0
2401,18,Riyadh,11,71417.0,46940.0,2,1,1,21,686.0,0
2402,50,Riyadh,13,24988.0,44044.0,1,1,1,21,647.0,0
2403,60,Dammam,1,32090.0,26568.0,2,1,1,19,702.0,0
2404,49,Makkah,3,74946.0,97720.0,1,0,0,11,782.0,1
2405,39,Riyadh,6,41002.0,42304.0,2,1,0,12,617.0,0
2406,65,Jeddah,8,18383.0,13504.0,1,1,1,26,623.0,0
2407,39,Jeddah,14,52680.0,17939.0,1,0,1,18,738.0,0
2408,58,Riyadh,10,32918.0,16976.0,3,1,1,18,599.0,0
2409,44,Jeddah,8,,76585.0,2,0,1,16,667.0,0
2410,19,Riyadh,0,29641.0,25183.0,2,1,1,21,473.0,0
2411,48,Makkah,1,67888.0,100581.0,2,1,0,11,629.0,0
2412,20,Dammam,2,97524.0,42652.0,1,0,0,19,777.0,0
2413,71,Riyadh,9,26227.0,38631.0,3,1,1,26,683.0,0
2414,52,Riyadh,4,,11858.0,1,1,1,14,735.0,0
2415,39,Riyadh,3,48743.0,60816.0,3,1,1,24,741.0,0
2416,45,Madinah,10,26143.0,2606.0,3,1,1,19,774.0,1
2417,53,Makkah,12,45943.0,73588.0,1,0,0,15,623.0,0
2418,32,Makkah,6,35866.0,13366.0,1,0,1,20,738.0,0
2419,34,Jeddah,13,35506.0,18247.0,2,1,1,19,850.0,0
2420,41,Makkah,11,41129.0,54851.0,2,1,0,15,652.0,0
2421,32,Jeddah,10,41591.0,37079.0,1,1,1,25,535.0,0
2422,61,Riyadh,13,43562.0,52714.0,1,0,0,19,601.0,0
2423,23,Jeddah,2,29750.0,16293.0,1,1,1,21,695.0,0
2424,65,Jeddah,11,30407.0,67516.0,2,1,0,16,503.0,1
2425,37,Jeddah,14,37824.0,30315.0,2,1,0,8,585.0,0
2426,49,Riyadh,14,,55776.0,1,0,1,12,624.0,1
2427,26,Jeddah,8,32227.0,58149.0,2,1,1,18,663.0,0
2428,39,Jeddah,11,,74103.0,2,1,0,12,816.0,0
2429,61,Riyadh,13,16198.0,13845.0,3,0,1,21,714.0,0
2430,33,Riyadh,12,27855.0,37929.0,1,1,0,4,553.0,0
2431,25,Dammam,13,,9807.0,1,1,1,32,850.0,0
2432,47,Jeddah,12,26159.0,35210.0,1,0,1,19,651.0,0
2433,27,Jeddah,5,90635.0,76532.0,2,0,0,9,508.0,0
2434,35,Madinah,10,40515.0,69828.0,1,1,1,16,561.0,0
2435,43,Jeddah,6,43844.0,72926.0,1,0,1,24,561.0,0
2436,50,Riyadh,12,31520.0,17119.0,2,0,0,6,532.0,0
2437,54,Riyadh,12,39819.0,10718.0,2,1,1,14,700.0,0
2438,56,Riyadh,14,21859.0,22902.0,1,1,1,22,412.0,0
2439,66,Riyadh,8,36868.0,42558.0,1,1,0,8,742.0,0
2440,21,Makkah,7,25122.0,20225.0,1,1,0,16,726.0,0
2441,38,Madinah,2,34937.0,36948.0,1,1,1,20,612.0,1
2442,18,Jeddah,9,11159.0,12673.0,1,1,1,17,734.0,0
2443,18,Riyadh,8,22834.0,45014.0,1,0,0,7,554.0,0
2444,30,Riyadh,7,83447.0,72506.0,1,1,1,21,583.0,0
2445,52,Dammam,10,,15467.0,3,1,0,14,706.0,1
2446,68,Makkah,12,77615.0,60578.0,3,1,0,11,639.0,1
2447,62,Jeddah,2,80327.0,82046.0,1,1,1,25,602.0,0
2448,54,Makkah,6,56190.0,30770.0,2,1,0,8,645.0,0
2449,62,Riyadh,10,32002.0,21123.0,1,1,0,9,772.0,0
2450,27,Dammam,12,23894.0,20735.0,3,1,0,9,768.0,0
2451,65,Riyadh,11,71209.0,124933.0,3,1,1,22,695.0,0
2452,68,Jeddah,11,,90799.0,2,0,1,21,622.0,0
2453,23,Dammam,12,139666.0,124704.0,2,1,1,26,711.0,0
2454,44,Dammam,14,33438.0,18955.0,1,0,1,23,576.0,0
2455,65,Makkah,9,107629.0,102989.0,1,1,1,21,766.0,0
2456,45,Riyadh,3,37109.0,23905.0,2,0,0,9,739.0,0
2457,65,Riyadh,8,,162799.0,1,1,0,15,832.0,1
2458,71,Dammam,10,93746.0,101613.0,2,1,0,16,587.0,1
2459,45,Jeddah,1,24065.0,26152.0,2,1,1,23,569.0,0
2460,21,Madinah,11,31492.0,67117.0,1,1,0,11,703.0,0
2461,37,Makkah,8,23945.0,32254.0,2,0,0,15,628.0,0
2462,30,Jeddah,14,21699.0,15183.0,2,1,1,21,742.0,0
2463,45,Jeddah,3,56024.0,59966.0,2,1,1,21,774.0,0
2464,51,Dammam,13,36377.0,37977.0,2,1,1,18,807.0,0
2465,44,Riyadh,6,41200.0,35479.0,3,1,0,11,659.0,1
2466,29,Jeddah,8,53004.0,109084.0,1,1,0,16,735.0,0
2467,35,Riyadh,9,15856.0,10437.0,2,0,1,19,605.0,0
2468,56,Riyadh,8,76373.0,78048.0,1,1,1,16,677.0,0
2469,19,Makkah,13,33707.0,15673.0,1,0,1,23,649.0,0
2470,30,Jeddah,2,52376.0,17796.0,4,1,1,14,646.0,0
2471,68,Makkah,10,54740.0,75956.0,1,1,1,18,820.0,0
2472,23,Madinah,14,79650.0,154223.0,1,1,0,11,537.0,0
2473,41,Makkah,3,38085.0,42609.0,1,0,1,10,653.0,0
2474,29,Makkah,3,13880.0,8419.0,4,1,1,20,656.0,1
2475,23,Riyadh,7,41298.0,7607.0,3,1,0,15,712.0,0
2476,42,Riyadh,10,44372.0,48713.0,1,1,1,28,556.0,1
2477,47,Dammam,14,23930.0,31780.0,2,1,1,19,625.0,0
2478,28,Riyadh,11,43206.0,78183.0,1,1,0,11,601.0,1
2479,22,Jeddah,11,33506.0,50814.0,2,0,1,23,451.0,0
2480,25,Madinah,6,20509.0,35015.0,2,1,1,17,757.0,0
2481,55,Dammam,9,56148.0,96503.0,1,0,0,11,523.0,0
2482,67,Riyadh,3,30277.0,20213.0,2,1,1,25,509.0,0
2483,28,Dammam,6,32755.0,41164.0,3,1,1,19,739.0,0
2484,36,Makkah,2,31847.0,39711.0,1,0,0,13,623.0,0
2485,37,Madinah,0,74439.0,107004.0,1,0,1,17,630.0,0
2486,38,Dammam,12,39322.0,41676.0,3,1,1,15,629.0,0
2487,31,Riyadh,12,41754.0,66139.0,1,1,1,22,751.0,0
2488,21,Makkah,7,32199.0,26923.0,2,1,1,22,604.0,0
2489,47,Dammam,0,50586.0,56649.0,2,1,0,11,709.0,0
2490,38,Jeddah,1,78799.0,113550.0,1,1,1,14,555.0,0
2491,37,Makkah,1,55488.0,80570.0,1,1,1,19,685.0,0
2492,33,Jeddah,10,,23575.0,1,1,0,12,737.0,1
2493,70,Madinah,3,54345.0,21620.0,1,0,1,18,782.0,0
2494,52,Madinah,3,20128.0,26495.0,2,1,0,11,513.0,0
2495,41,Riyadh,12,25899.0,39987.0,3,0,0,12,626.0,0
2496,29,Jeddah,13,,81433.0,1,1,0,18,797.0,1
2497,63,Riyadh,11,27919.0,21854.0,2,1,0,7,736.0,0
2498,68,Riyadh,4,23570.0,36193.0,1,0,0,5,634.0,1
2499,19,Riyadh,8,15739.0,22948.0,1,1,0,12,652.0,0
2500,70,Jeddah,3,20470.0,7849.0,2,0,0,8,679.0,1
2501,57,Riyadh,12,35303.0,13185.0,1,1,0,17,620.0,0
2502,23,Makkah,1,38766.0,43511.0,2,1,0,14,703.0,0
2503,60,Riyadh,11,26997.0,11707.0,1,1,1,12,697.0,0
2504,24,Riyadh,7,41750.0,67735.0,2,1,0,16,554.0,0
2505,20,Riyadh,11,32308.0,42956.0,3,1,1,21,609.0,0
2506,24,Jeddah,6,69237.0,66737.0,1,1,0,9,616.0,0
2507,44,Riyadh,2,37019.0,18305.0,3,0,0,12,631.0,1
2508,53,Makkah,11,56850.0,130112.0,1,1,1,18,680.0,0
2509,41,Jeddah,9,44427.0,70677.0,1,1,0,12,671.0,0
2510,24,Madinah,6,19910.0,30495.0,1,0,1,20,587.0,1
2511,29,Riyadh,5,38356.0,55838.0,3,0,1,20,774.0,0
2512,66,Riyadh,5,21638.0,24257.0,2,0,0,7,653.0,0
2513,72,Makkah,7,38023.0,72508.0,4,0,0,4,786.0,0
2514,60,Jeddah,3,27651.0,28509.0,2,0,1,20,782.0,0
2515,23,Riyadh,4,48581.0,46875.0,1,1,0,12,560.0,0
2516,64,Riyadh,4,20513.0,11000.0,3,1,1,20,608.0,0
2517,57,Madinah,0,40431.0,18538.0,4,1,1,21,616.0,0
2518,47,Riyadh,13,53434.0,98612.0,2,0,0,12,684.0,0
2519,26,Jeddah,3,63183.0,38903.0,2,1,0,15,722.0,0
2520,74,Madinah,2,27390.0,33342.0,3,1,0,14,666.0,0
2521,43,Dammam,2,40493.0,63759.0,1,0,1,33,604.0,0
2522,20,Makkah,14,44006.0,51394.0,3,1,1,15,803.0,0
2523,29,Jeddah,7,86991.0,22445.0,4,1,0,12,619.0,0
2524,40,Dammam,4,19136.0,23342.0,2,0,1,22,719.0,0
2525,21,Jeddah,6,25449.0,2111.0,1,1,0,14,649.0,0
2526,36,Riyadh,1,163118.0,204014.0,1,1,0,15,660.0,0
2527,44,Jeddah,4,35012.0,34124.0,4,1,1,19,714.0,1
2528,72,Madinah,3,15592.0,13629.0,3,1,1,18,790.0,0
2529,22,Riyadh,12,29993.0,42023.0,2,1,1,19,680.0,0
2530,50,Jeddah,0,10052.0,8029.0,3,1,1,22,607.0,0
2531,70,Jeddah,6,45273.0,30574.0,2,1,1,24,788.0,0
2532,63,Dammam,11,60168.0,42731.0,3,1,1,19,700.0,1
2533,70,Dammam,12,25442.0,26548.0,1,1,1,19,668.0,0
2534,27,Jeddah,7,31718.0,57704.0,1,1,1,13,746.0,0
2535,63,Riyadh,3,63693.0,18040.0,2,1,1,17,685.0,0
2536,73,Riyadh,5,16729.0,10893.0,1,0,1,22,850.0,1
2537,36,Riyadh,3,20727.0,7838.0,1,0,1,20,652.0,0
2538,46,Dammam,9,35809.0,34755.0,2,0,1,19,757.0,0
2539,48,Jeddah,4,27552.0,8053.0,1,1,0,16,693.0,0
2540,46,Jeddah,9,34650.0,57937.0,2,1,1,24,693.0,0
2541,34,Jeddah,9,21335.0,6188.0,1,1,1,20,620.0,0
2542,73,Jeddah,14,44674.0,77057.0,3,1,1,19,622.0,0
2543,72,Dammam,5,37249.0,20402.0,1,1,1,14,698.0,0
2544,39,Dammam,14,52817.0,65966.0,2,1,0,9,577.0,0
2545,63,Makkah,6,44365.0,19608.0,2,0,1,19,603.0,0
2546,40,Riyadh,10,44504.0,74021.0,1,1,0,13,656.0,0
2547,63,Dammam,9,19474.0,40238.0,1,1,1,11,764.0,0
2548,51,Riyadh,12,51344.0,30521.0,1,1,1,21,662.0,0
2549,44,Riyadh,7,34015.0,65761.0,1,1,1,24,659.0,0
2550,25,Dammam,11,36927.0,29857.0,1,1,0,13,558.0,0
2551,55,Riyadh,5,67787.0,72776.0,1,1,1,25,809.0,0
2552,36,Riyadh,7,28009.0,40357.0,2,1,0,10,752.0,0
2553,30,Riyadh,7,78873.0,36090.0,1,0,0,12,768.0,0
2554,29,Dammam,10,82639.0,86140.0,1,1,1,23,528.0,0
2555,73,Riyadh,9,58477.0,12579.0,1,1,1,15,687.0,0
2556,23,Makkah,1,24580.0,27376.0,2,1,1,20,568.0,0
2557,63,Jeddah,12,13452.0,14078.0,2,1,1,16,721.0,0
2558,67,Riyadh,11,68832.0,143272.0,2,1,0,14,686.0,0
2559,19,Jeddah,1,42433.0,19929.0,2,1,0,12,701.0,0
2560,51,Makkah,14,27651.0,65303.0,2,1,1,12,588.0,0
2561,50,Dammam,9,72170.0,26633.0,1,0,1,29,564.0,0
2562,38,Riyadh,1,26088.0,25478.0,1,1,1,13,595.0,0
2563,56,Makkah,7,32465.0,21753.0,2,0,0,12,681.0,0
2564,41,Jeddah,12,52180.0,26180.0,1,1,0,10,633.0,0
2565,43,Madinah,4,22999.0,5139.0,3,1,1,24,675.0,0
2566,42,Jeddah,13,37997.0,62738.0,2,1,1,9,562.0,0
2567,63,Riyadh,6,69187.0,34906.0,2,1,0,17,656.0,0
2568,54,Makkah,3,44603.0,45168.0,2,1,0,11,780.0,1
2569,39,Riyadh,5,74885.0,137616.0,3,1,0,11,687.0,0
2570,70,Dammam,7,70742.0,48529.0,1,1,0,15,693.0,0
2571,63,Jeddah,10,40290.0,6084.0,1,1,1,19,690.0,0
2572,71,Riyadh,13,12477.0,5293.0,3,0,1,19,605.0,0
2573,59,Riyadh,2,23089.0,5664.0,2,1,0,12,799.0,0
2574,40,Riyadh,14,58786.0,72130.0,1,1,1,22,688.0,0
2575,62,Riyadh,7,18488.0,28197.0,1,1,1,18,668.0,0
2576,36,Jeddah,1,34086.0,17174.0,1,1,0,15,715.0,1
2577,33,Dammam,13,47536.0,20508.0,3,0,1,22,739.0,0
2578,43,Riyadh,5,83683.0,102419.0,1,1,1,17,546.0,0
2579,73,Riyadh,9,30106.0,21247.0,1,1,0,11,658.0,0
2580,50,Makkah,10,29093.0,38577.0,1,1,1,16,850.0,0
2581,39,Riyadh,0,39096.0,54890.0,4,1,0,15,803.0,1
2582,44,Makkah,3,47832.0,25988.0,2,0,1,26,,0
2583,34,Riyadh,10,37156.0,44203.0,2,1,1,22,719.0,0
2584,55,Makkah,4,67821.0,99280.0,3,1,1,17,627.0,0
2585,37,Dammam,0,26915.0,28341.0,1,1,0,17,685.0,0
2586,49,Riyadh,0,,48572.0,2,0,0,11,613.0,0
2587,39,Riyadh,12,50142.0,93884.0,2,0,1,19,612.0,0
2588,36,Riyadh,2,32856.0,30102.0,2,1,1,28,600.0,0
2589,73,Riyadh,1,61075.0,53053.0,2,1,1,29,808.0,0
2590,37,Jeddah,8,43238.0,66126.0,4,1,0,7,611.0,0
2591,22,Dammam,1,59541.0,66369.0,1,0,1,16,759.0,0
2592,39,Dammam,9,44225.0,65510.0,1,1,0,13,616.0,0
2593,48,Riyadh,8,48446.0,40972.0,3,1,0,9,606.0,0
2594,23,Dammam,9,29255.0,53084.0,1,1,1,27,688.0,0
2595,35,Riyadh,7,29279.0,15514.0,2,1,1,22,536.0,0
2596,27,Riyadh,11,74028.0,31648.0,1,0,1,13,717.0,0
2597,46,Riyadh,9,55147.0,44019.0,3,0,0,9,643.0,0
2598,59,Riyadh,6,24065.0,13079.0,2,0,1,22,603.0,0
2599,73,Riyadh,0,43933.0,44443.0,4,1,1,14,585.0,1
2600,40,Riyadh,4,12248.0,5658.0,2,1,0,14,829.0,0
2601,67,Jeddah,1,30123.0,31690.0,4,0,1,23,650.0,1
2602,30,Madinah,0,64894.0,51537.0,2,1,1,19,650.0,0
2603,62,Dammam,4,37700.0,12262.0,2,1,0,8,732.0,0
2604,50,Madinah,3,42572.0,20791.0,2,1,1,22,579.0,0
2605,61,Riyadh,1,8882.0,7522.0,2,1,1,20,753.0,0
2606,61,Makkah,4,32987.0,44058.0,2,1,1,21,650.0,0
2607,48,Riyadh,7,47531.0,40262.0,1,0,0,12,530.0,1
2608,32,Riyadh,2,50647.0,21594.0,1,1,1,19,607.0,0
2609,47,Riyadh,4,64937.0,37237.0,2,1,1,19,558.0,0
2610,65,Jeddah,0,36130.0,6790.0,1,1,1,15,661.0,0
2611,73,Riyadh,0,36945.0,3195.0,2,0,0,12,582.0,0
2612,70,Dammam,2,20618.0,33136.0,1,1,0,11,571.0,0
2613,28,Makkah,6,36233.0,8940.0,1,1,1,19,680.0,1
2614,52,Riyadh,9,21359.0,7157.0,2,1,1,24,656.0,0
2615,23,Makkah,11,15932.0,32421.0,1,0,1,12,760.0,0
2616,56,Riyadh,9,23328.0,34234.0,4,1,1,23,757.0,1
2617,74,Riyadh,9,85335.0,84426.0,4,0,1,15,664.0,0
2618,20,Riyadh,14,35057.0,59066.0,2,1,0,16,698.0,0
2619,55,Riyadh,3,44799.0,72421.0,1,0,1,25,528.0,0
2620,71,Riyadh,11,31047.0,9341.0,1,1,1,25,716.0,0
2621,66,Riyadh,14,16395.0,11243.0,2,0,0,10,689.0,0
2622,40,Riyadh,8,64091.0,116416.0,1,1,0,18,742.0,0
2623,23,Makkah,12,13547.0,25619.0,3,1,1,21,624.0,0
2624,70,Makkah,2,30412.0,49901.0,4,1,1,25,626.0,0
2625,70,Madinah,13,39054.0,32553.0,1,0,1,20,628.0,0
2626,51,Riyadh,8,45037.0,89539.0,2,0,1,20,784.0,1
2627,73,Riyadh,3,27911.0,17601.0,2,0,1,26,678.0,0
2628,18,Jeddah,0,16011.0,17402.0,2,0,1,17,517.0,0
2629,53,Dammam,10,26888.0,53641.0,1,1,1,28,711.0,0
2630,20,Riyadh,6,27601.0,10679.0,2,1,1,21,611.0,0
2631,71,Makkah,4,27268.0,11393.0,1,1,0,12,750.0,1
2632,56,Madinah,5,65188.0,72716.0,3,1,1,20,705.0,0
2633,70,Riyadh,14,21877.0,47364.0,2,1,1,22,764.0,0
2634,50,Madinah,6,46653.0,9975.0,2,1,0,15,748.0,0
2635,22,Riyadh,1,43441.0,58557.0,3,1,0,18,739.0,1
2636,19,Jeddah,4,64876.0,42625.0,2,1,0,20,759.0,0
2637,37,Riyadh,2,37550.0,26395.0,2,1,0,9,727.0,0
2638,60,Jeddah,10,59609.0,48534.0,1,0,1,25,594.0,0
2639,26,Riyadh,12,36823.0,80813.0,2,1,1,14,551.0,0
2640,66,Jeddah,12,49871.0,19123.0,1,1,1,12,580.0,0
2641,31,Riyadh,9,18930.0,24229.0,3,1,0,13,718.0,0
2642,46,Jeddah,11,10731.0,4404.0,1,1,0,11,451.0,0
2643,29,Dammam,6,48474.0,88000.0,1,0,1,33,653.0,0
2644,44,Riyadh,9,49791.0,87142.0,2,1,0,14,631.0,0
2645,43,Jeddah,1,50907.0,20795.0,1,1,0,15,765.0,1
2646,18,Madinah,8,30870.0,20822.0,3,1,1,15,643.0,0
2647,50,Makkah,8,84530.0,71384.0,1,1,1,23,625.0,0
2648,999,Madinah,0,31890.0,20341.0,1,1,1,13,772.0,0
2649,71,Riyadh,8,,85656.0,2,1,0,13,647.0,0
2650,36,Jeddah,10,54031.0,70395.0,2,1,0,9,633.0,0
2651,68,Makkah,5,94785.0,79445.0,3,1,1,13,615.0,1
2652,68,Madinah,8,34251.0,52420.0,1,1,1,22,679.0,1
2653,74,Riyadh,4,28952.0,24803.0,1,1,1,18,623.0,0
2654,39,Madinah,4,18976.0,5373.0,1,1,1,20,622.0,0
2655,66,Jeddah,1,87220.0,18853.0,1,1,0,11,789.0,1
2656,50,Makkah,4,49548.0,31075.0,2,1,1,10,659.0,1
2657,21,Jeddah,12,50339.0,74434.0,1,1,0,16,615.0,0
2658,33,Riyadh,14,190680.0,79587.0,2,1,0,13,580.0,0
2659,56,Riyadh,9,47218.0,58038.0,3,0,1,24,673.0,0
2660,27,Riyadh,9,20928.0,13380.0,1,0,0,11,602.0,0
2661,42,Dammam,9,36390.0,55844.0,2,0,0,14,620.0,0
2662,62,Jeddah,7,24652.0,3028.0,1,0,0,12,576.0,0
2663,26,Jeddah,6,32928.0,31252.0,3,1,0,14,671.0,0
2664,46,Dammam,9,32817.0,5985.0,1,1,1,26,536.0,0
2665,30,Jeddah,11,29926.0,24549.0,2,1,1,10,690.0,0
2666,48,Riyadh,6,19997.0,1887.0,1,1,0,14,603.0,1
2667,31,Riyadh,8,88987.0,90969.0,1,0,0,10,723.0,0
2668,73,Jeddah,7,46603.0,73117.0,1,1,1,22,698.0,0
2669,22,Jeddah,4,35856.0,8404.0,1,0,0,12,663.0,0
2670,72,Madinah,4,58619.0,78508.0,3,0,1,25,732.0,0
2671,63,Madinah,1,50794.0,47845.0,1,1,0,11,795.0,0
2672,66,Jeddah,6,46067.0,46812.0,4,0,1,23,769.0,0
2673,66,Riyadh,10,56528.0,77945.0,2,1,0,11,538.0,0
2674,28,Makkah,10,42915.0,34571.0,1,1,1,20,600.0,0
2675,71,Riyadh,14,56112.0,103021.0,1,1,1,15,612.0,0
2676,51,Jeddah,0,58487.0,69045.0,1,1,0,12,713.0,1
2677,72,Madinah,11,43537.0,79523.0,3,1,1,26,607.0,0
2678,68,Makkah,11,35947.0,24556.0,1,1,1,30,603.0,1
2679,51,Madinah,6,86267.0,111941.0,3,1,1,21,593.0,0
2680,39,Riyadh,4,31604.0,10040.0,1,1,1,19,680.0,0
2681,24,Jeddah,5,48808.0,46878.0,1,0,0,9,712.0,0
2682,23,Makkah,10,49363.0,3985.0,1,1,1,21,546.0,0
2683,40,Riyadh,12,29591.0,15657.0,2,0,0,12,607.0,0
2684,64,Makkah,9,26798.0,37537.0,2,0,1,19,482.0,0
2685,46,Riyadh,7,33627.0,59825.0,3,1,1,21,438.0,0
2686,45,Madinah,9,31379.0,5510.0,1,1,0,7,697.0,1
2687,31,Jeddah,1,19359.0,17479.0,1,0,1,18,680.0,0
2688,50,Riyadh,9,28977.0,40896.0,2,1,1,20,668.0,0
2689,54,Madinah,0,45849.0,64279.0,2,0,0,14,797.0,0
2690,73,Dammam,14,75582.0,128484.0,3,1,1,21,507.0,1
2691,59,Jeddah,13,52955.0,17422.0,1,1,1,19,468.0,0
2692,52,Madinah,7,10941.0,3881.0,2,1,1,20,550.0,0
2693,69,Dammam,5,55307.0,67188.0,1,0,1,23,465.0,1
2694,42,Jeddah,10,30361.0,16516.0,4,1,1,16,598.0,1
2695,71,Jeddah,9,50339.0,101899.0,1,1,1,16,707.0,0
2696,39,Makkah,10,39852.0,82792.0,3,1,1,14,681.0,0
2697,25,Jeddah,7,36449.0,70146.0,1,0,1,18,746.0,0
2698,41,Dammam,3,38135.0,20822.0,2,1,1,19,687.0,0
2699,25,Madinah,1,39687.0,45404.0,3,1,1,18,618.0,0
2700,24,Riyadh,4,,95400.0,3,1,0,11,611.0,1
2701,68,Makkah,7,39742.0,5452.0,2,1,1,16,693.0,0
2702,63,Makkah,6,69063.0,39061.0,1,1,1,29,519.0,0
2703,30,Riyadh,7,64212.0,30324.0,3,1,0,6,370.0,0
2704,65,Dammam,4,56023.0,39508.0,2,1,0,12,691.0,0
2705,21,Makkah,14,16427.0,39988.0,2,0,1,27,673.0,0
2706,34,Jeddah,5,70145.0,111892.0,1,1,0,5,798.0,0
2707,58,Riyadh,12,31922.0,24285.0,1,1,0,14,716.0,0
2708,35,Riyadh,5,57404.0,58735.0,1,1,0,15,684.0,0
2709,59,Riyadh,6,24680.0,10549.0,2,1,1,13,624.0,0
2710,67,Jeddah,9,22191.0,14553.0,1,1,1,18,579.0,0
2711,21,Dammam,3,107817.0,17886.0,1,1,1,16,636.0,0
2712,19,Jeddah,3,24872.0,28082.0,3,1,1,16,738.0,0
2713,71,Jeddah,5,71186.0,89208.0,2,1,1,21,699.0,1
2714,47,Jeddah,12,42583.0,86244.0,3,1,0,11,738.0,0
2715,46,Dammam,2,32531.0,47011.0,1,1,0,13,663.0,0
2716,44,Madinah,6,39245.0,14392.0,1,0,0,8,573.0,1
2717,42,Makkah,10,20941.0,35414.0,2,1,0,8,757.0,0
2718,57,Dammam,10,39860.0,14668.0,1,0,1,21,750.0,0
2719,51,Riyadh,6,23356.0,17971.0,2,1,1,17,669.0,0
2720,27,Madinah,1,32935.0,27580.0,1,1,1,23,703.0,0
2721,53,Makkah,0,63745.0,7760.0,2,0,1,11,701.0,0
2722,56,Madinah,7,45574.0,17061.0,1,1,1,20,612.0,0
2723,24,Dammam,12,19128.0,13562.0,2,1,1,21,629.0,0
2724,39,Riyadh,0,61436.0,14434.0,3,0,0,10,574.0,0
2725,63,Jeddah,13,39993.0,92677.0,1,1,1,20,630.0,0
2726,53,Riyadh,10,30605.0,21488.0,2,0,1,26,746.0,0
2727,25,Jeddah,0,58299.0,45281.0,2,0,0,13,732.0,0
2728,20,Jeddah,5,36916.0,68986.0,2,1,0,17,704.0,0
2729,51,Madinah,3,22408.0,22461.0,1,0,1,23,739.0,0
2730,44,Jeddah,14,101104.0,111147.0,1,1,1,18,627.0,0
2731,72,Jeddah,8,39789.0,77886.0,2,1,1,27,548.0,1
2732,47,Dammam,4,38534.0,17230.0,2,1,1,25,640.0,1
2733,71,Riyadh,4,32776.0,12204.0,2,1,0,20,646.0,0
2734,30,Riyadh,8,72402.0,83754.0,1,1,1,22,718.0,0
2735,43,Dammam,0,30871.0,20671.0,3,1,1,23,699.0,1
2736,25,Riyadh,3,18537.0,25701.0,1,1,1,11,743.0,0
2737,50,Riyadh,2,28586.0,3488.0,1,1,1,19,472.0,0
2738,28,Jeddah,9,77916.0,106844.0,2,1,1,15,586.0,0
2739,46,Riyadh,10,60844.0,98612.0,2,1,0,9,648.0,0
2740,37,Riyadh,7,35330.0,69601.0,2,1,1,21,697.0,0
2741,28,Jeddah,2,79748.0,22927.0,1,1,1,25,846.0,0
2742,23,Madinah,5,58336.0,29682.0,1,1,0,14,568.0,0
2743,47,Riyadh,12,35126.0,78797.0,2,1,1,23,590.0,0
2744,71,Jeddah,3,36940.0,40969.0,1,1,1,17,616.0,0
2745,29,Jeddah,2,47319.0,5474.0,2,0,1,23,588.0,0
2746,41,Dammam,1,26478.0,4508.0,2,1,1,31,573.0,0
2747,30,Jeddah,12,40225.0,76517.0,1,1,0,11,658.0,0
2748,64,Dammam,1,46829.0,42918.0,2,1,0,16,743.0,0
2749,41,Makkah,8,17266.0,21026.0,3,1,1,22,662.0,0
2750,73,Riyadh,14,36510.0,82289.0,3,1,0,16,576.0,1
2751,31,Makkah,9,34492.0,19985.0,1,1,1,17,636.0,0
2752,22,Riyadh,6,67106.0,24656.0,2,0,1,14,563.0,0
2753,51,Makkah,3,15959.0,17252.0,3,1,0,17,740.0,0
2754,55,Dammam,0,33165.0,44093.0,2,1,0,14,786.0,1
2755,74,Jeddah,2,31543.0,15080.0,1,1,0,9,510.0,1
2756,67,Jeddah,14,64863.0,114444.0,1,1,1,10,677.0,0
2757,68,Jeddah,2,39270.0,11704.0,2,1,1,8,584.0,0
2758,54,Riyadh,0,98523.0,29485.0,2,1,0,6,666.0,1
2759,38,Jeddah,12,55888.0,121361.0,3,1,0,18,648.0,1
2760,42,Dammam,6,32692.0,9395.0,3,1,1,23,533.0,0
2761,25,Jeddah,5,45244.0,4824.0,1,1,1,29,763.0,0
2762,42,Jeddah,10,33623.0,59193.0,2,1,1,30,640.0,0
2763,38,Riyadh,7,61679.0,47932.0,1,1,1,26,614.0,0
2764,20,Makkah,13,20618.0,21268.0,1,1,1,22,663.0,0
2765,29,Jeddah,7,26586.0,43421.0,1,0,0,12,574.0,0
2766,48,Jeddah,10,50405.0,23507.0,3,0,1,19,639.0,0
2767,39,Madinah,13,74078.0,121370.0,1,1,1,23,492.0,1
2768,74,Riyadh,6,13347.0,8756.0,2,1,0,4,439.0,0
2769,45,Riyadh,4,79797.0,19265.0,1,1,1,21,571.0,0
2770,72,Madinah,14,37419.0,66594.0,1,1,0,10,606.0,0
2771,55,Dammam,3,15647.0,9214.0,2,1,0,15,493.0,1
2772,20,Jeddah,0,8948.0,11691.0,1,0,0,17,606.0,0
2773,29,Riyadh,8,18682.0,36162.0,1,0,1,15,604.0,1
2774,58,Jeddah,14,39741.0,86552.0,2,1,1,15,648.0,0
2775,49,Makkah,1,38834.0,21098.0,3,0,1,19,709.0,0
2776,35,Jeddah,12,,34640.0,2,0,0,10,810.0,0
2777,47,Makkah,12,30493.0,65600.0,3,1,0,9,692.0,0
2778,69,Riyadh,13,23063.0,26896.0,1,1,0,10,564.0,1
2779,40,Jeddah,6,32645.0,45673.0,1,1,1,23,713.0,0
2780,20,Riyadh,3,40815.0,58643.0,1,0,0,8,780.0,1
2781,35,Jeddah,7,45044.0,27525.0,4,1,1,24,554.0,0
2782,71,Makkah,2,27049.0,6626.0,1,1,1,16,557.0,1
2783,61,Riyadh,12,62990.0,96350.0,1,1,1,19,528.0,1
2784,65,Dammam,9,29416.0,38634.0,3,1,1,16,602.0,0
2785,69,Riyadh,7,25982.0,15496.0,3,1,1,26,686.0,1
2786,24,Jeddah,7,30601.0,37090.0,1,0,0,13,787.0,0
2787,34,Riyadh,10,68694.0,123239.0,2,0,1,22,737.0,0
2788,21,Jeddah,7,37557.0,28267.0,1,1,0,9,688.0,0
2789,18,Madinah,12,28360.0,18212.0,2,0,1,12,657.0,1
2790,65,Riyadh,13,63771.0,115876.0,2,0,1,18,692.0,0
2791,71,Riyadh,14,117169.0,236936.0,4,0,1,22,702.0,0
2792,26,Riyadh,9,44571.0,92658.0,1,1,1,26,772.0,0
2793,59,Jeddah,11,74378.0,30435.0,2,1,0,11,656.0,0
2794,48,Riyadh,4,,108295.0,1,1,0,16,680.0,1
2795,21,Madinah,0,29649.0,34375.0,2,1,1,16,616.0,0
2796,70,Dammam,6,40673.0,56457.0,2,1,0,20,664.0,1
2797,67,Dammam,13,21136.0,17574.0,2,0,1,15,629.0,0
2798,50,Riyadh,2,36226.0,3275.0,3,1,0,14,547.0,0
2799,58,Jeddah,8,29346.0,32290.0,2,1,1,14,732.0,0
2800,40,Makkah,2,32812.0,16760.0,2,1,1,22,787.0,0
2801,63,Jeddah,6,27586.0,16864.0,1,0,1,16,649.0,0
2802,43,Dammam,2,34768.0,53327.0,4,1,1,10,683.0,1
2803,74,Dammam,11,52371.0,22064.0,2,1,1,17,733.0,0
2804,21,Madinah,12,37807.0,84968.0,1,0,1,13,641.0,0
2805,27,Jeddah,11,15801.0,19116.0,2,1,1,15,669.0,0
2806,73,Makkah,10,27638.0,52464.0,1,0,0,15,633.0,0
2807,34,Riyadh,3,18775.0,9958.0,2,0,1,22,602.0,0
2808,35,Jeddah,7,45344.0,59328.0,1,0,0,17,701.0,0
2809,63,Dammam,1,51620.0,46453.0,1,1,0,7,701.0,0
2810,28,Jeddah,5,45628.0,79281.0,3,0,1,15,738.0,0
2811,47,Riyadh,7,27073.0,11329.0,3,1,1,18,652.0,0
2812,34,Jeddah,10,45407.0,23609.0,2,1,1,14,547.0,0
2813,29,Riyadh,1,31728.0,47506.0,4,1,1,26,753.0,0
2814,72,Jeddah,12,22717.0,6980.0,1,1,0,8,586.0,1
2815,29,Riyadh,6,58161.0,73363.0,1,0,0,9,588.0,1
2816,23,Jeddah,13,60416.0,13739.0,3,1,0,15,608.0,0
2817,56,Jeddah,7,64502.0,14075.0,2,1,0,13,500.0,1
2818,67,Riyadh,8,29609.0,37965.0,2,1,1,21,,0
2819,25,Dammam,10,72380.0,92228.0,1,0,1,26,713.0,0
2820,58,Riyadh,12,31358.0,44197.0,1,1,0,14,614.0,0
2821,48,Jeddah,2,55645.0,45099.0,1,1,0,16,776.0,0
2822,65,Madinah,7,31087.0,47273.0,4,1,0,12,768.0,1
2823,25,Makkah,0,35883.0,53418.0,1,1,1,22,734.0,0
2824,73,Jeddah,7,11961.0,7264.0,2,1,0,13,477.0,0
2825,53,Jeddah,12,34511.0,28657.0,1,1,0,10,782.0,1
2826,66,Jeddah,12,42005.0,34842.0,2,0,1,27,633.0,0
2827,38,Jeddah,4,32695.0,45384.0,1,1,0,15,804.0,0
2828,71,Riyadh,5,96577.0,66955.0,2,0,0,17,605.0,1
2829,53,Riyadh,8,22444.0,32404.0,2,0,1,20,,0
2830,25,Madinah,5,30279.0,26363.0,1,0,0,16,661.0,0
2831,70,Riyadh,2,25529.0,26153.0,1,0,0,8,569.0,1
2832,63,Riyadh,4,30276.0,45489.0,1,1,0,12,507.0,0
2833,35,Riyadh,6,67219.0,69504.0,2,1,0,19,441.0,0
2834,49,Riyadh,7,84037.0,83840.0,3,1,1,11,850.0,1
2835,40,Riyadh,13,28271.0,20390.0,1,1,1,16,503.0,0
2836,48,Jeddah,8,27959.0,31238.0,2,1,1,19,504.0,1
2837,73,Jeddah,5,22504.0,12110.0,1,1,1,21,704.0,0
2838,69,Madinah,9,77122.0,142375.0,3,1,0,11,530.0,0
2839,30,Dammam,11,70298.0,66887.0,4,1,1,18,512.0,0
2840,73,Makkah,6,38063.0,11737.0,2,1,0,13,395.0,1
2841,42,Jeddah,7,19969.0,10728.0,1,1,1,19,678.0,0
2842,58,Riyadh,3,20883.0,19816.0,1,1,1,21,556.0,0
2843,61,Makkah,12,43709.0,96413.0,4,1,0,14,712.0,1
2844,45,Jeddah,13,52821.0,42341.0,1,1,1,17,648.0,0
2845,44,Makkah,2,14284.0,6809.0,2,1,0,7,659.0,1
2846,44,Riyadh,5,34178.0,27322.0,3,0,0,15,613.0,1
2847,67,Jeddah,4,90143.0,157200.0,2,1,0,15,634.0,0
2848,40,Riyadh,13,,75767.0,2,1,0,14,573.0,0
2849,33,Riyadh,0,,22570.0,2,1,0,12,586.0,0
2850,38,Dammam,3,55521.0,60015.0,3,0,1,18,557.0,0
2851,29,Makkah,4,23339.0,33558.0,1,1,0,21,789.0,0
2852,40,Makkah,8,34671.0,56481.0,3,0,0,10,618.0,0
2853,24,Makkah,3,37634.0,32841.0,1,1,0,16,450.0,0
2854,23,Makkah,8,24928.0,38778.0,2,1,0,10,676.0,0
2855,59,Makkah,11,24713.0,34329.0,3,1,0,11,580.0,0
2856,22,Dammam,12,85253.0,46663.0,2,1,0,17,655.0,0
2857,50,Makkah,1,24620.0,3394.0,1,0,0,5,,1
2858,62,Riyadh,2,68818.0,44343.0,1,1,0,14,791.0,0
2859,59,Madinah,1,32266.0,4737.0,3,0,0,10,619.0,1
2860,43,Jeddah,13,39624.0,40716.0,2,1,1,17,727.0,0
2861,29,Riyadh,9,53153.0,96484.0,1,1,1,16,719.0,0
2862,71,Jeddah,7,29754.0,51183.0,3,0,0,16,530.0,1
2863,65,Makkah,11,53314.0,8215.0,3,1,1,17,672.0,0
2864,52,Dammam,8,14426.0,3046.0,3,1,1,21,583.0,0
2865,22,Riyadh,3,50004.0,58730.0,2,0,1,14,546.0,0
2866,20,Jeddah,7,11681.0,12221.0,4,1,1,15,543.0,0
2867,35,Makkah,10,35831.0,14327.0,3,0,1,24,728.0,0
2868,26,Dammam,0,61520.0,74932.0,1,0,1,24,850.0,0
2869,67,Riyadh,9,54784.0,28909.0,4,1,0,11,583.0,1
2870,29,Dammam,7,20969.0,4623.0,2,1,1,22,672.0,0
2871,34,Dammam,1,22363.0,26693.0,3,1,1,20,680.0,1
2872,73,Riyadh,3,28443.0,30478.0,2,1,1,17,605.0,0
2873,64,Riyadh,6,44051.0,35616.0,2,1,1,16,781.0,0
2874,30,Jeddah,5,14531.0,19153.0,1,1,1,24,849.0,0
2875,39,Dammam,4,39870.0,65618.0,1,0,1,27,600.0,0
2876,47,Madinah,9,46897.0,6770.0,1,0,1,16,811.0,0
2877,55,Madinah,6,34839.0,43485.0,2,1,1,19,604.0,0
2878,71,Dammam,7,52191.0,25812.0,3,1,1,14,568.0,1
2879,67,Jeddah,11,44885.0,51309.0,1,1,1,18,642.0,0
2880,73,Riyadh,1,30613.0,21368.0,1,0,1,21,731.0,0
2881,20,Jeddah,5,15243.0,11727.0,2,1,0,8,642.0,0
2882,31,Jeddah,1,42903.0,14686.0,1,0,1,22,721.0,0
2883,50,Dammam,13,24921.0,49913.0,1,1,1,20,673.0,0
2884,20,Madinah,2,30056.0,19847.0,1,1,1,31,775.0,0
2885,38,Riyadh,12,50999.0,109051.0,2,0,0,10,703.0,0
2886,26,Jeddah,2,81525.0,50602.0,2,1,0,12,796.0,1
2887,71,Jeddah,4,39378.0,59898.0,3,1,0,14,577.0,0
2888,21,Jeddah,9,52946.0,64448.0,1,1,0,17,637.0,0
2889,26,Riyadh,12,19492.0,18998.0,1,1,1,19,652.0,0
2890,29,Jeddah,2,45377.0,53451.0,2,0,1,23,578.0,0
2891,26,Riyadh,3,38951.0,53334.0,4,0,1,19,563.0,0
2892,50,Jeddah,13,74207.0,91819.0,1,0,0,8,692.0,0
2893,38,Madinah,4,30631.0,24512.0,3,0,1,21,713.0,0
2894,70,Jeddah,3,35567.0,36291.0,2,1,1,11,664.0,0
2895,32,Riyadh,11,68146.0,94904.0,3,1,1,16,752.0,0
2896,48,Makkah,1,38330.0,26842.0,1,1,0,15,555.0,0
2897,55,Riyadh,13,23054.0,43692.0,1,1,1,20,617.0,0
2898,53,Riyadh,13,143748.0,149330.0,1,1,1,19,558.0,0
2899,63,Madinah,12,23405.0,26470.0,2,0,0,10,665.0,0
2900,29,Makkah,4,38857.0,43258.0,3,0,1,19,698.0,0
2901,46,Riyadh,1,47731.0,74221.0,2,1,1,18,776.0,0
2902,63,Dammam,6,45881.0,25528.0,1,1,0,17,549.0,0
2903,67,Jeddah,5,36502.0,17627.0,1,0,1,22,687.0,0
2904,53,Madinah,14,36593.0,19066.0,2,1,1,18,783.0,0
2905,55,Jeddah,9,35687.0,54318.0,3,0,1,17,563.0,0
2906,67,Dammam,14,22972.0,27383.0,1,1,0,9,541.0,1
2907,53,Riyadh,11,117608.0,111833.0,2,1,0,9,529.0,0
2908,72,Riyadh,10,35954.0,18656.0,2,0,1,18,710.0,1
2909,25,Riyadh,1,54093.0,76231.0,3,1,1,17,590.0,0
2910,37,Jeddah,1,33951.0,24690.0,3,1,1,15,696.0,0
2911,24,Jeddah,0,33611.0,31297.0,1,1,0,16,634.0,0
2912,23,Riyadh,8,,9538.0,2,1,0,21,815.0,0
2913,44,Riyadh,3,18492.0,4393.0,3,1,0,15,723.0,1
2914,30,Jeddah,14,37038.0,9298.0,3,0,1,27,581.0,1
2915,41,Riyadh,1,32745.0,20033.0,2,0,1,22,626.0,0
2916,42,Makkah,14,72097.0,90169.0,1,1,0,11,728.0,1
2917,53,Makkah,10,22063.0,13391.0,2,1,1,17,556.0,0
2918,71,Jeddah,1,30074.0,17590.0,2,0,1,22,759.0,0
2919,66,Madinah,0,25611.0,1513.0,1,1,1,13,630.0,1
2920,39,Dammam,5,82559.0,57696.0,4,1,0,11,731.0,0
2921,36,Jeddah,5,25986.0,7237.0,1,0,1,20,635.0,0
2922,61,Jeddah,4,53165.0,15066.0,3,0,1,16,608.0,0
2923,25,Riyadh,7,65191.0,4975.0,1,1,0,12,595.0,0
2924,48,Riyadh,1,37307.0,41513.0,1,0,0,11,810.0,0
2925,42,Jeddah,1,20163.0,29647.0,2,1,1,16,625.0,0
2926,28,Riyadh,10,20291.0,28952.0,2,1,0,13,850.0,0
2927,53,Makkah,14,61690.0,19873.0,3,0,1,16,670.0,1
2928,36,Riyadh,4,21369.0,38079.0,2,1,1,16,576.0,0
2929,28,Jeddah,13,48826.0,117992.0,1,0,0,11,512.0,0
2930,55,Jeddah,5,42496.0,38721.0,3,1,1,20,765.0,0
2931,27,Riyadh,5,48464.0,12504.0,2,0,1,15,637.0,0
2932,56,Riyadh,1,50807.0,58419.0,1,1,1,15,729.0,0
2933,27,Jeddah,6,25164.0,47242.0,3,1,0,8,850.0,0
2934,42,Riyadh,7,24643.0,39227.0,1,1,1,23,713.0,0
2935,64,Riyadh,9,57381.0,79466.0,1,0,1,12,686.0,1
2936,31,Riyadh,2,29300.0,30158.0,2,1,0,18,763.0,0
2937,61,Jeddah,2,10147.0,16385.0,2,1,0,11,723.0,0
2938,59,Makkah,6,55513.0,11260.0,2,1,1,29,542.0,0
2939,69,Makkah,1,23906.0,6698.0,3,1,0,13,772.0,0
2940,27,Jeddah,2,50694.0,69965.0,1,1,0,11,651.0,0
2941,58,Dammam,9,80532.0,30409.0,4,1,0,10,797.0,0
2942,71,Madinah,14,40473.0,41680.0,1,1,1,19,700.0,0
2943,61,Jeddah,8,66031.0,42355.0,1,1,1,22,764.0,0
2944,28,Madinah,2,43343.0,19214.0,1,1,0,10,634.0,0
2945,64,Makkah,14,88762.0,13173.0,1,1,0,8,522.0,0
2946,24,Riyadh,7,23599.0,27751.0,1,1,1,16,703.0,1
2947,51,Jeddah,10,39970.0,37879.0,3,0,1,20,742.0,1
2948,46,Madinah,2,56195.0,52530.0,3,1,0,10,,0
2949,48,Riyadh,8,36490.0,25111.0,2,1,1,22,635.0,0
2950,47,Riyadh,1,71404.0,106097.0,1,1,1,28,458.0,0
2951,19,Riyadh,9,32337.0,42549.0,3,1,0,13,639.0,0
2952,46,Riyadh,3,112948.0,187529.0,1,1,0,5,549.0,0
2953,71,Riyadh,13,115971.0,106680.0,2,0,1,30,708.0,0
2954,42,Jeddah,0,46214.0,2464.0,2,1,1,18,685.0,0
2955,33,Makkah,9,52908.0,90743.0,1,1,0,17,657.0,1
2956,74,Riyadh,2,72827.0,100113.0,2,0,1,26,776.0,0
2957,23,Makkah,10,22168.0,4493.0,3,0,1,22,674.0,1
2958,45,Madinah,7,20827.0,26901.0,1,1,1,26,669.0,1
2959,47,Jeddah,14,75223.0,128963.0,2,1,1,22,686.0,0
2960,45,Madinah,9,46027.0,17440.0,4,1,1,20,602.0,0
2961,70,Jeddah,5,35837.0,38129.0,1,1,1,19,743.0,0
2962,42,Riyadh,1,40359.0,17063.0,1,1,0,14,572.0,0
2963,73,Riyadh,8,12173.0,1259.0,2,0,1,19,689.0,0
2964,21,Jeddah,6,36487.0,61996.0,3,1,0,15,763.0,0
2965,59,Madinah,0,27542.0,21013.0,1,1,1,18,560.0,0
2966,51,Riyadh,8,63515.0,105235.0,2,1,0,8,536.0,1
2967,31,Jeddah,3,66007.0,83362.0,1,1,1,13,563.0,0
2968,30,Makkah,3,53548.0,91808.0,4,0,1,23,819.0,1
2969,59,Madinah,0,48910.0,33505.0,3,1,0,12,600.0,0
2970,54,Madinah,5,18984.0,15898.0,2,1,1,16,544.0,0
2971,52,Riyadh,3,53923.0,28435.0,4,1,1,22,688.0,1
2972,20,Riyadh,1,54979.0,55215.0,2,0,1,19,410.0,0
2973,52,Riyadh,6,74802.0,73405.0,4,0,1,22,572.0,1
2974,73,Riyadh,3,115740.0,147303.0,1,1,1,20,789.0,0
2975,18,Makkah,2,17218.0,10738.0,1,1,0,10,566.0,0
2976,44,Dammam,7,33049.0,10696.0,3,1,1,12,630.0,0
2977,46,Madinah,0,27691.0,36013.0,1,1,1,17,679.0,0
2978,69,Jeddah,14,43750.0,93018.0,1,0,0,16,681.0,0
2979,34,Jeddah,7,40405.0,30489.0,2,1,1,21,606.0,0
2980,45,Riyadh,14,35702.0,63789.0,2,1,1,24,703.0,0
2981,58,Jeddah,13,67091.0,84573.0,1,0,0,22,787.0,0
2982,21,Makkah,14,23139.0,45371.0,1,1,1,18,557.0,1
2983,63,Dammam,8,23848.0,20556.0,1,0,0,17,609.0,0
2984,64,Makkah,6,24050.0,25846.0,1,1,1,15,643.0,0
2985,59,Makkah,10,33518.0,6729.0,1,1,1,17,716.0,0
2986,54,Riyadh,1,21714.0,6922.0,2,0,0,14,655.0,1
2987,60,Riyadh,12,39172.0,74180.0,2,1,1,20,642.0,1
2988,62,Dammam,4,36948.0,26748.0,1,1,1,21,514.0,0
2989,69,Jeddah,0,27085.0,2733.0,1,0,1,21,551.0,0
2990,42,Riyadh,3,62124.0,20938.0,2,1,1,26,674.0,0
2991,43,Riyadh,3,38958.0,28979.0,1,1,1,21,608.0,0
2992,54,Madinah,0,68277.0,74488.0,1,1,0,12,626.0,0
2993,29,Makkah,10,36405.0,31511.0,1,0,0,15,648.0,0
2994,66,Riyadh,1,39652.0,47069.0,2,1,0,15,850.0,1
2995,61,Dammam,12,30291.0,62724.0,1,0,1,19,608.0,0
2996,53,Riyadh,6,39994.0,28317.0,1,0,0,12,779.0,1
2997,35,Riyadh,10,57303.0,104052.0,2,0,1,24,774.0,0
2998,37,Riyadh,5,32674.0,9556.0,3,0,1,17,726.0,0
2999,42,Riyadh,1,52011.0,35616.0,2,1,0,7,579.0,1
3000,55,Madinah,2,26732.0,5630.0,3,1,0,10,665.0,0
3001,62,Riyadh,9,58661.0,10731.0,2,1,0,16,621.0,1
3002,56,Jeddah,10,30033.0,6468.0,1,1,1,14,834.0,0
3003,71,Makkah,4,61441.0,14885.0,1,0,0,9,693.0,1
3004,72,Riyadh,5,41377.0,65262.0,1,1,0,21,635.0,1
3005,-1,Jeddah,14,85860.0,122365.0,1,1,0,14,819.0,1
3006,39,Jeddah,12,22538.0,51340.0,1,0,1,17,621.0,0
3007,52,Riyadh,6,19186.0,20704.0,1,1,0,20,702.0,1
3008,42,Riyadh,3,29493.0,32616.0,2,0,1,16,716.0,0
3009,53,Makkah,4,20084.0,7652.0,2,1,1,26,683.0,0
3010,64,Jeddah,8,20103.0,23468.0,1,1,1,22,642.0,1
3011,39,Riyadh,8,54763.0,46667.0,2,0,0,15,731.0,0
3012,46,Jeddah,2,40051.0,61704.0,1,1,1,25,597.0,1
3013,20,Makkah,0,31576.0,44339.0,2,1,0,11,753.0,0
3014,59,Dammam,7,33075.0,15084.0,2,0,1,19,628.0,0
3015,45,Madinah,11,29774.0,43805.0,1,1,1,21,773.0,0
3016,44,Makkah,2,91600.0,98277.0,1,1,1,28,753.0,0
3017,48,Riyadh,6,27785.0,31269.0,4,0,0,14,702.0,0
3018,30,Riyadh,2,20722.0,5249.0,2,0,1,31,644.0,0
3019,52,Jeddah,3,59756.0,68604.0,2,1,1,22,755.0,0
3020,60,Jeddah,9,36031.0,63147.0,1,1,0,10,705.0,1
3021,37,Jeddah,4,111233.0,73491.0,1,1,1,17,372.0,0
3022,25,Dammam,3,30850.0,28244.0,1,1,0,15,579.0,0
3023,40,Riyadh,14,61267.0,22776.0,4,1,1,18,671.0,0
3024,29,Madinah,2,68947.0,106140.0,1,1,1,22,682.0,0
3025,39,Jeddah,2,30925.0,7104.0,1,1,0,7,717.0,1
3026,53,Dammam,13,27682.0,16084.0,4,0,0,12,792.0,0
3027,24,Jeddah,8,58144.0,39300.0,2,0,0,18,709.0,0
3028,60,Dammam,0,53500.0,66736.0,1,0,1,19,468.0,0
3029,30,Madinah,6,19825.0,27472.0,2,1,0,15,670.0,0
3030,68,Riyadh,8,22829.0,1923.0,2,1,0,12,762.0,0
3031,59,Jeddah,3,11291.0,4105.0,4,1,1,21,661.0,0
3032,33,Dammam,8,54052.0,86094.0,1,1,0,12,674.0,0
3033,50,Makkah,9,35210.0,32448.0,2,1,0,12,609.0,0
3034,24,Dammam,3,37009.0,3746.0,1,0,1,16,739.0,0
3035,23,Riyadh,12,17228.0,39905.0,3,1,1,24,620.0,0
3036,72,Dammam,6,23178.0,8114.0,3,1,1,23,706.0,0
3037,63,Dammam,14,31603.0,42452.0,3,1,0,15,692.0,1
3038,26,Riyadh,1,28677.0,12347.0,3,1,1,17,658.0,0
3039,34,Dammam,4,42571.0,57181.0,2,0,1,26,698.0,0
3040,29,Jeddah,10,53730.0,94800.0,1,1,1,25,674.0,0
3041,40,Riyadh,13,124842.0,128943.0,1,1,1,24,777.0,0
3042,34,Riyadh,3,39735.0,45912.0,1,1,0,11,715.0,0
3043,36,Makkah,14,70102.0,163048.0,2,1,1,17,751.0,0
3044,48,Riyadh,2,26503.0,35902.0,1,1,1,27,584.0,1
3045,28,Riyadh,6,17370.0,14714.0,2,0,0,18,577.0,0
3046,68,Dammam,4,33653.0,27870.0,2,1,1,22,659.0,1
3047,59,Riyadh,6,,31356.0,4,0,1,16,719.0,1
3048,61,Riyadh,13,40430.0,6660.0,1,0,0,15,702.0,1
3049,27,Madinah,10,27167.0,3385.0,2,0,0,12,585.0,0
3050,58,Jeddah,11,15106.0,8158.0,2,1,0,9,722.0,0
3051,65,Riyadh,3,95608.0,137442.0,4,1,1,22,603.0,0
3052,27,Riyadh,14,30675.0,14192.0,2,1,1,15,714.0,0
3053,60,Riyadh,6,17698.0,10667.0,1,1,1,23,678.0,0
3054,38,Dammam,9,62886.0,87733.0,1,0,0,10,,0
3055,62,Jeddah,10,27881.0,13264.0,4,1,1,22,605.0,1
3056,45,Riyadh,9,69223.0,49135.0,2,1,1,22,669.0,1
3057,63,Madinah,9,27814.0,29321.0,3,0,0,10,660.0,0
3058,26,Dammam,7,30624.0,15741.0,2,1,0,7,559.0,1
3059,40,Makkah,9,47687.0,102959.0,2,1,0,6,709.0,0
3060,33,Dammam,13,53993.0,25568.0,2,1,0,14,760.0,1
3061,32,Madinah,5,58938.0,94478.0,3,1,1,28,733.0,0
3062,35,Riyadh,7,38374.0,37903.0,3,1,0,9,682.0,0
3063,39,Riyadh,2,52277.0,13642.0,1,1,0,8,615.0,0
3064,25,Riyadh,5,58268.0,16155.0,1,1,0,12,667.0,0
3065,58,Riyadh,11,44368.0,53327.0,1,0,1,16,643.0,0
3066,49,Makkah,9,37372.0,30487.0,1,1,1,19,665.0,0
3067,65,Dammam,3,,8742.0,3,1,0,7,736.0,0
3068,58,Riyadh,8,54154.0,109209.0,3,1,1,18,646.0,0
3069,26,Riyadh,12,40990.0,47345.0,1,1,1,30,489.0,0
3070,21,Dammam,1,32637.0,47866.0,1,0,0,21,725.0,0
3071,42,Jeddah,0,76030.0,21881.0,2,1,0,10,693.0,0
3072,45,Makkah,5,19655.0,7764.0,3,1,1,23,665.0,1
3073,31,Madinah,9,91310.0,121045.0,2,1,1,14,553.0,0
3074,999,Makkah,4,39690.0,21019.0,1,0,0,10,579.0,0
3075,51,Riyadh,12,47040.0,23946.0,1,0,1,13,590.0,0
3076,60,Dammam,12,32941.0,9871.0,2,1,0,12,601.0,0
3077,24,Jeddah,7,17439.0,3781.0,2,1,1,22,608.0,0
3078,64,Makkah,5,37429.0,53434.0,3,1,1,25,547.0,0
3079,29,Riyadh,0,47447.0,21785.0,3,1,1,18,848.0,0
3080,43,Dammam,12,56281.0,132257.0,1,1,1,9,791.0,0
3081,43,Jeddah,13,36351.0,18925.0,1,0,1,12,,0
3082,64,Jeddah,6,13410.0,9831.0,1,1,0,15,648.0,1
3083,33,Riyadh,7,18568.0,14880.0,1,1,1,30,816.0,1
3084,31,Riyadh,11,111973.0,134546.0,1,0,0,16,807.0,0
3085,37,Makkah,10,23242.0,45755.0,1,1,0,12,586.0,0
3086,38,Riyadh,2,,113581.0,1,0,1,15,680.0,0
3087,28,Jeddah,10,25159.0,2432.0,3,1,1,16,636.0,0
3088,28,Jeddah,13,36635.0,38893.0,1,0,1,20,629.0,1
3089,31,Riyadh,11,54864.0,106342.0,3,1,1,27,641.0,0
3090,44,Dammam,7,26633.0,1808.0,1,1,0,7,645.0,1
3091,37,Riyadh,7,88975.0,98949.0,1,0,1,15,678.0,0
3092,40,Jeddah,3,41684.0,20432.0,1,1,0,12,674.0,1
3093,58,Riyadh,9,50535.0,47520.0,1,1,0,10,784.0,0
3094,31,Jeddah,3,35108.0,26624.0,1,1,1,20,581.0,0
3095,69,Jeddah,5,55791.0,43102.0,3,1,1,23,743.0,0
3096,60,Makkah,3,88380.0,136532.0,3,1,1,14,562.0,0
3097,27,Riyadh,5,37585.0,38894.0,1,1,1,23,675.0,0
3098,35,Riyadh,5,95307.0,162073.0,1,1,1,27,753.0,0
3099,28,Riyadh,1,29561.0,34260.0,1,1,0,17,704.0,0
3100,33,Riyadh,10,58809.0,49322.0,2,1,0,13,627.0,0
3101,38,Jeddah,6,51254.0,51017.0,1,1,1,21,681.0,0
3102,25,Madinah,14,23522.0,24604.0,1,1,0,4,801.0,0
3103,18,Jeddah,2,44663.0,61482.0,3,1,1,26,601.0,0
3104,43,Riyadh,10,40283.0,19458.0,3,1,0,13,705.0,0
3105,57,Madinah,2,26197.0,40568.0,2,1,1,17,739.0,0
3106,35,Dammam,8,48002.0,59919.0,1,1,0,12,620.0,0
3107,67,Jeddah,7,43181.0,54625.0,1,1,0,8,811.0,0
3108,39,Dammam,6,38704.0,40220.0,1,1,1,21,840.0,0
3109,69,Dammam,9,38782.0,48025.0,2,0,1,23,752.0,0
3110,31,Makkah,12,38369.0,62503.0,2,1,0,18,752.0,0
3111,48,Riyadh,4,33395.0,40066.0,1,0,1,22,498.0,0
3112,61,Jeddah,12,43041.0,24827.0,3,1,1,20,535.0,0
3113,21,Dammam,2,29087.0,28621.0,2,0,0,9,645.0,0
3114,71,Madinah,4,151510.0,102580.0,2,0,1,26,606.0,0
3115,38,Dammam,4,19838.0,23179.0,1,0,1,15,708.0,0
3116,46,Riyadh,14,29960.0,43005.0,1,0,0,12,397.0,1
3117,53,Madinah,1,31167.0,10162.0,1,1,1,13,709.0,1
3118,54,Jeddah,5,111329.0,155215.0,2,0,0,13,645.0,0
3119,19,Jeddah,6,20742.0,19217.0,1,0,1,25,603.0,0
3120,67,Riyadh,12,49660.0,67505.0,1,1,1,20,827.0,0
3121,53,Makkah,7,45442.0,62901.0,2,1,0,14,627.0,0
3122,74,Jeddah,14,47420.0,80345.0,2,1,1,26,509.0,0
3123,44,Madinah,11,74471.0,131122.0,2,1,1,15,699.0,0
3124,52,Jeddah,10,73712.0,38676.0,2,0,0,10,692.0,0
3125,43,Riyadh,11,32033.0,10430.0,2,1,1,21,638.0,1
3126,68,Makkah,2,44223.0,49633.0,2,1,1,19,850.0,0
3127,65,Riyadh,6,15803.0,8057.0,1,1,1,23,670.0,1
3128,69,Riyadh,8,42173.0,12764.0,1,1,1,21,746.0,1
3129,46,Madinah,3,26984.0,7457.0,1,1,0,12,682.0,1
3130,63,Madinah,1,36564.0,19333.0,1,1,0,12,768.0,0
3131,38,Makkah,2,17280.0,28286.0,2,1,0,10,622.0,0
3132,44,Riyadh,11,49140.0,21177.0,2,1,1,29,559.0,0
3133,61,Dammam,9,17184.0,12032.0,1,0,0,6,721.0,1
3134,22,Jeddah,4,43224.0,71842.0,2,1,1,19,681.0,0
3135,58,Jeddah,11,21736.0,48744.0,2,1,1,17,724.0,0
3136,18,Jeddah,10,26244.0,15031.0,2,1,0,7,597.0,1
3137,51,Jeddah,12,71494.0,151757.0,3,1,1,22,700.0,0
3138,45,Riyadh,13,53850.0,22340.0,1,1,0,11,512.0,0
3139,44,Jeddah,13,71296.0,135782.0,1,1,0,7,614.0,0
3140,46,Riyadh,2,87541.0,6631.0,1,1,1,22,595.0,0
3141,46,Makkah,11,27271.0,27036.0,2,0,0,9,697.0,0
3142,41,Madinah,5,,43378.0,1,1,0,11,615.0,0
3143,43,Jeddah,6,19288.0,26850.0,3,0,1,15,528.0,0
3144,50,Madinah,9,58282.0,6193.0,1,1,1,19,605.0,0
3145,61,Makkah,9,31361.0,32928.0,2,1,1,25,707.0,0
3146,49,Makkah,6,25206.0,34742.0,2,1,0,14,664.0,0
3147,54,Madinah,14,54570.0,10921.0,1,1,0,12,588.0,1
3148,65,Riyadh,2,64375.0,95684.0,2,1,0,14,732.0,1
3149,74,Makkah,1,63426.0,38209.0,2,1,0,8,797.0,0
3150,24,Riyadh,0,44687.0,12943.0,2,1,1,19,736.0,0
3151,58,Madinah,12,42872.0,25855.0,2,1,0,10,447.0,0
3152,30,Jeddah,6,52231.0,36762.0,2,1,1,17,677.0,0
3153,29,Dammam,6,46718.0,20506.0,1,0,0,10,642.0,1
3154,63,Riyadh,9,52611.0,60292.0,2,0,1,18,472.0,0
3155,21,Riyadh,6,44445.0,55915.0,1,1,0,16,538.0,0
3156,66,Riyadh,8,61169.0,58102.0,1,1,0,14,728.0,1
3157,61,Riyadh,0,17790.0,11905.0,1,1,0,13,668.0,1
3158,74,Jeddah,2,37585.0,48929.0,2,1,1,17,661.0,0
3159,56,Riyadh,13,20092.0,16127.0,1,0,1,23,594.0,0
3160,67,Madinah,6,46090.0,57102.0,4,1,1,20,752.0,0
3161,24,Makkah,2,91214.0,134925.0,1,1,0,9,548.0,0
3162,68,Jeddah,5,31665.0,14692.0,1,1,1,23,573.0,0
3163,27,Makkah,5,42771.0,50729.0,1,1,1,20,626.0,0
3164,35,Jeddah,4,58586.0,100151.0,1,0,1,22,519.0,0
3165,25,Madinah,4,14273.0,14014.0,1,1,1,23,572.0,0
3166,40,Dammam,10,30913.0,68001.0,2,1,1,24,749.0,0
3167,60,Dammam,1,48159.0,25262.0,1,1,1,17,579.0,0
3168,33,Riyadh,4,9429.0,9824.0,1,0,1,16,721.0,0
3169,64,Makkah,7,24627.0,16657.0,1,1,1,25,710.0,0
3170,52,Makkah,8,69594.0,5397.0,1,1,0,10,642.0,0
3171,53,Riyadh,13,66270.0,163591.0,3,1,0,12,529.0,0
3172,71,Riyadh,13,48395.0,31788.0,1,1,0,13,661.0,0
3173,42,Madinah,4,62386.0,109375.0,2,0,0,13,466.0,1
3174,37,Madinah,8,44692.0,62375.0,2,0,0,13,607.0,0
3175,74,Dammam,0,52981.0,72091.0,1,0,1,15,677.0,0
3176,49,Riyadh,9,34275.0,72185.0,3,0,1,17,732.0,1
3177,53,Jeddah,2,42528.0,40856.0,1,0,1,12,641.0,1
3178,34,Riyadh,1,29255.0,46063.0,3,0,1,16,598.0,0
3179,30,Makkah,10,75489.0,131648.0,2,1,0,12,596.0,0
3180,27,Riyadh,2,85886.0,76480.0,1,1,0,11,616.0,0
3181,30,Riyadh,7,80014.0,107983.0,3,1,1,29,714.0,0
3182,29,Jeddah,1,32727.0,11398.0,1,1,1,20,685.0,0
3183,60,Dammam,11,24912.0,2548.0,4,0,1,20,651.0,0
3184,21,Madinah,11,76000.0,49752.0,3,1,1,21,714.0,0
3185,53,Jeddah,8,52678.0,50202.0,1,1,0,15,655.0,0
3186,72,Riyadh,12,47301.0,28810.0,1,0,1,13,535.0,0
3187,61,Riyadh,6,29237.0,30230.0,3,1,1,24,553.0,1
3188,40,Dammam,2,49654.0,54839.0,1,1,1,16,709.0,0
3189,21,Riyadh,2,23327.0,25683.0,2,1,1,20,529.0,0
3190,65,Dammam,3,55107.0,85297.0,1,1,0,15,621.0,0
3191,18,Jeddah,3,79973.0,133462.0,1,0,0,15,648.0,0
3192,56,Jeddah,4,90719.0,146040.0,2,0,0,5,566.0,0
3193,56,Riyadh,3,57197.0,62439.0,2,0,1,17,506.0,1
3194,28,Madinah,8,20110.0,9808.0,2,1,1,15,546.0,0
3195,60,Dammam,2,44297.0,69095.0,2,1,1,25,492.0,0
3196,28,Jeddah,9,116990.0,51492.0,1,1,1,21,717.0,0
3197,30,Jeddah,5,25996.0,8760.0,1,1,0,17,688.0,1
3198,64,Jeddah,10,38965.0,29836.0,1,1,1,13,586.0,0
3199,73,Jeddah,7,81370.0,96857.0,1,0,0,10,535.0,0
3200,33,Makkah,13,54642.0,93598.0,1,1,1,19,760.0,0
3201,70,Jeddah,6,138701.0,12491.0,2,0,0,13,704.0,1
3202,70,Riyadh,4,27822.0,39334.0,1,1,1,24,597.0,0
3203,61,Madinah,8,24468.0,10406.0,1,1,1,23,759.0,0
3204,25,Jeddah,9,74018.0,51506.0,2,1,0,11,670.0,0
3205,35,Riyadh,6,22072.0,14835.0,1,1,1,22,681.0,0
3206,56,Riyadh,8,36374.0,27094.0,4,1,1,20,560.0,0
3207,74,Jeddah,7,38839.0,60430.0,1,0,0,10,517.0,1
3208,64,Dammam,4,67373.0,8842.0,1,1,0,14,515.0,0
3209,41,Madinah,4,54564.0,21932.0,3,1,1,24,843.0,0
3210,31,Riyadh,13,50440.0,6855.0,2,0,0,15,581.0,0
3211,72,Jeddah,10,32820.0,58019.0,3,0,0,17,659.0,0
3212,33,Riyadh,1,73681.0,114222.0,1,1,1,15,699.0,0
3213,37,Jeddah,14,300413.0,513942.0,1,1,1,20,678.0,0
3214,72,Makkah,10,56706.0,77038.0,2,1,0,12,642.0,0
3215,50,Riyadh,0,42186.0,57655.0,1,1,1,17,638.0,0
3216,33,Madinah,10,20975.0,13204.0,2,0,1,21,695.0,0
3217,18,Riyadh,8,29181.0,5980.0,1,0,1,24,559.0,0
3218,42,Makkah,13,36067.0,46981.0,1,1,1,17,614.0,0
3219,74,Dammam,7,30721.0,17730.0,1,0,0,9,446.0,0
3220,42,Jeddah,7,39813.0,37842.0,2,1,0,16,486.0,0
3221,57,Makkah,4,97637.0,83378.0,1,1,1,21,543.0,1
3222,32,Dammam,4,74876.0,46031.0,4,1,1,14,734.0,0
3223,62,Makkah,9,37071.0,40593.0,1,0,1,17,629.0,0
3224,62,Jeddah,12,21935.0,21100.0,2,1,1,23,715.0,0
3225,52,Dammam,13,78330.0,27650.0,1,1,0,14,692.0,0
3226,61,Riyadh,11,39162.0,79321.0,2,0,1,12,677.0,0
3227,50,Dammam,9,16928.0,26186.0,3,1,0,8,567.0,0
3228,39,Madinah,7,57309.0,8502.0,2,1,1,25,662.0,0
3229,60,Dammam,5,67026.0,18255.0,1,1,1,19,680.0,0
3230,65,Makkah,11,11933.0,3513.0,2,0,1,21,849.0,0
3231,65,Madinah,4,26575.0,4450.0,1,1,1,17,622.0,0
3232,30,Riyadh,4,37978.0,6181.0,2,1,1,24,720.0,0
3233,56,Dammam,13,57945.0,26561.0,2,0,0,15,645.0,1
3234,18,Madinah,8,31012.0,55548.0,1,1,0,15,590.0,0
3235,50,Riyadh,5,26474.0,41397.0,2,0,0,11,731.0,0
3236,50,Riyadh,12,57733.0,109514.0,2,1,0,13,826.0,0
3237,38,Riyadh,14,31756.0,50818.0,1,0,0,10,677.0,1
3238,74,Madinah,4,52629.0,69411.0,1,0,0,13,594.0,1
3239,68,Madinah,7,23023.0,34836.0,1,1,1,26,694.0,0
3240,20,Madinah,7,20411.0,36910.0,2,0,1,12,,0
3241,29,Jeddah,10,58550.0,97652.0,2,0,1,22,850.0,0
3242,29,Dammam,14,45536.0,86535.0,1,0,1,24,721.0,0
3243,69,Riyadh,8,63655.0,108359.0,1,1,0,8,572.0,0
3244,47,Madinah,11,30752.0,40836.0,1,0,0,13,768.0,0
3245,59,Madinah,8,26969.0,13551.0,1,1,0,10,722.0,0
3246,64,Jeddah,13,79250.0,22568.0,1,1,0,15,742.0,0
3247,61,Riyadh,6,18742.0,16022.0,1,1,1,14,692.0,0
3248,23,Madinah,5,75037.0,17159.0,1,1,1,27,748.0,0
3249,25,Madinah,6,77672.0,29837.0,2,0,0,15,697.0,0
3250,40,Madinah,14,61700.0,8870.0,2,1,1,18,633.0,0
3251,37,Jeddah,9,28455.0,20023.0,1,1,0,10,665.0,0
3252,60,Riyadh,2,26682.0,42748.0,2,1,0,12,,0
3253,26,Jeddah,0,36133.0,21660.0,1,1,1,25,684.0,1
3254,39,Jeddah,7,21004.0,11322.0,1,1,1,16,659.0,0
3255,31,Madinah,12,24814.0,25211.0,4,1,1,16,624.0,0
3256,28,Riyadh,7,55402.0,36420.0,2,1,1,22,639.0,0
3257,27,Dammam,8,55530.0,79850.0,1,1,1,26,655.0,0
3258,29,Madinah,11,23747.0,35703.0,1,0,0,12,492.0,1
3259,50,Riyadh,7,56278.0,6811.0,2,0,1,16,748.0,0
3260,41,Jeddah,13,50370.0,65775.0,1,1,1,17,686.0,0
3261,42,Makkah,9,85386.0,12689.0,4,1,1,26,604.0,0
3262,45,Jeddah,10,53347.0,82595.0,1,1,1,23,709.0,0
3263,60,Jeddah,11,68138.0,148591.0,1,1,1,18,611.0,0
3264,67,Makkah,9,50947.0,100900.0,2,1,0,6,609.0,1
3265,48,Riyadh,0,65510.0,22816.0,2,1,1,11,690.0,0
3266,54,Dammam,6,21088.0,30892.0,2,1,0,13,781.0,0
3267,60,Madinah,2,37765.0,49848.0,3,1,0,11,679.0,0
3268,57,Riyadh,7,39360.0,69254.0,3,1,1,17,584.0,0
3269,25,Riyadh,2,35530.0,16666.0,1,1,1,24,622.0,0
3270,74,Riyadh,7,50108.0,47603.0,1,1,1,20,731.0,0
3271,27,Dammam,5,55116.0,25573.0,1,1,1,24,692.0,0
3272,41,Jeddah,0,48831.0,4163.0,2,0,1,21,741.0,0
3273,55,Jeddah,1,36737.0,38789.0,2,1,0,13,689.0,0
3274,40,Dammam,7,27782.0,25340.0,1,0,1,21,722.0,0
3275,31,Jeddah,1,69466.0,29888.0,4,1,0,10,838.0,1
3276,70,Dammam,12,47804.0,97773.0,1,1,1,18,533.0,0
3277,22,Makkah,11,24118.0,28738.0,3,1,1,15,850.0,0
3278,32,Jeddah,10,36430.0,81544.0,3,1,0,10,738.0,0
3279,74,Makkah,2,16787.0,22166.0,1,1,1,18,850.0,0
3280,59,Jeddah,11,40851.0,82971.0,1,0,1,20,566.0,0
3281,22,Jeddah,9,36345.0,61729.0,1,1,1,18,688.0,0
3282,61,Riyadh,5,30115.0,7664.0,3,0,1,12,667.0,0
3283,73,Dammam,0,88637.0,12790.0,1,0,1,23,738.0,0
3284,23,Dammam,7,22515.0,41850.0,3,1,1,20,695.0,1
3285,41,Makkah,11,57136.0,22174.0,2,1,0,12,688.0,1
3286,44,Jeddah,0,119773.0,73933.0,2,1,1,20,732.0,0
3287,25,Makkah,0,,64264.0,3,1,1,14,647.0,0
3288,29,Riyadh,5,39507.0,17642.0,1,1,1,13,608.0,0
3289,27,Dammam,7,22765.0,11576.0,2,1,1,13,693.0,0
3290,28,Jeddah,7,20312.0,19909.0,1,1,0,15,605.0,0
3291,41,Riyadh,6,32670.0,24349.0,1,0,1,30,642.0,0
3292,44,Jeddah,3,28467.0,33753.0,1,1,1,15,523.0,1
3293,31,Riyadh,0,28007.0,4449.0,1,1,1,25,658.0,0
3294,34,Riyadh,0,34093.0,25866.0,2,1,0,6,570.0,0
3295,28,Jeddah,1,38135.0,12120.0,1,1,1,21,651.0,0
3296,63,Madinah,10,51155.0,71342.0,2,1,1,17,557.0,0
3297,30,Madinah,11,,7320.0,1,1,1,14,650.0,0
3298,69,Madinah,6,28535.0,12485.0,2,1,1,14,734.0,0
3299,48,Riyadh,1,37055.0,47298.0,3,1,1,26,600.0,0
3300,63,Riyadh,6,36398.0,18501.0,2,1,1,18,570.0,0
3301,999,Riyadh,14,100530.0,191195.0,4,1,0,11,730.0,0
3302,33,Dammam,3,45077.0,23117.0,1,1,1,15,737.0,1
3303,52,Madinah,7,17912.0,9450.0,1,1,1,27,,0
3304,33,Jeddah,8,49468.0,33504.0,2,0,0,12,613.0,1
3305,24,Jeddah,4,52724.0,83980.0,1,0,1,18,599.0,0
3306,32,Riyadh,6,37701.0,30676.0,2,1,0,9,624.0,0
3307,33,Dammam,7,21879.0,11917.0,2,0,1,23,647.0,0
3308,25,Madinah,7,96667.0,108071.0,1,1,1,26,504.0,0
3309,19,Dammam,10,23507.0,21480.0,3,0,1,18,564.0,0
3310,71,Dammam,8,55848.0,93495.0,1,0,0,14,768.0,0
3311,47,Jeddah,0,44357.0,65921.0,2,1,0,15,673.0,0
3312,40,Jeddah,0,54198.0,44092.0,1,1,1,18,766.0,1
3313,71,Jeddah,6,,86361.0,2,1,1,20,751.0,0
3314,30,Makkah,13,53147.0,48003.0,1,0,0,11,627.0,0
3315,40,Dammam,0,30354.0,44358.0,3,0,1,20,626.0,0
3316,66,Riyadh,1,69773.0,55002.0,3,0,1,30,744.0,0
3317,54,Jeddah,10,29274.0,13529.0,2,1,1,15,721.0,0
3318,40,Riyadh,6,43555.0,82405.0,2,0,0,8,743.0,0
3319,32,Riyadh,3,21025.0,34897.0,2,1,0,9,651.0,0
3320,20,Riyadh,3,23941.0,18771.0,2,0,1,15,665.0,0
3321,22,Makkah,9,41179.0,33131.0,2,1,1,18,631.0,0
3322,27,Riyadh,7,48245.0,67517.0,2,1,1,16,650.0,0
3323,62,Madinah,9,17134.0,31104.0,3,1,0,17,590.0,1
3324,54,Riyadh,4,51464.0,47730.0,2,0,1,9,648.0,0
3325,42,Jeddah,7,26643.0,19052.0,1,0,1,22,638.0,0
3326,62,Makkah,12,76103.0,59302.0,3,1,0,22,616.0,0
3327,27,Riyadh,4,33658.0,21147.0,1,1,1,16,725.0,0
3328,30,Madinah,5,22884.0,6326.0,1,1,1,26,525.0,0
3329,40,Dammam,2,41685.0,54061.0,4,1,1,20,685.0,0
3330,70,Riyadh,9,25384.0,7442.0,1,0,1,19,570.0,1
3331,53,Madinah,0,75695.0,47503.0,1,1,1,30,581.0,0
3332,66,Riyadh,3,40145.0,58201.0,2,0,1,17,585.0,0
3333,32,Riyadh,10,37204.0,35490.0,3,0,0,11,696.0,0
3334,66,Madinah,0,53955.0,25758.0,1,1,1,20,452.0,0
3335,22,Riyadh,14,24283.0,58824.0,2,1,0,9,668.0,1
3336,30,Dammam,6,21066.0,6394.0,1,1,0,9,656.0,0
3337,47,Riyadh,5,49226.0,82025.0,1,1,1,16,568.0,1
3338,20,Madinah,8,23160.0,4540.0,1,1,1,25,669.0,0
3339,66,Jeddah,9,23156.0,21812.0,1,1,0,16,543.0,0
3340,67,Riyadh,6,60985.0,76585.0,3,0,0,11,652.0,0
3341,48,Madinah,13,52184.0,50505.0,2,0,0,15,543.0,0
3342,35,Dammam,14,21442.0,30079.0,3,1,0,15,837.0,0
3343,23,Makkah,3,29449.0,11711.0,3,0,0,18,730.0,0
3344,53,Jeddah,10,25543.0,33529.0,3,1,0,12,675.0,0
3345,48,Dammam,4,97554.0,28694.0,2,1,1,13,574.0,0
3346,61,Riyadh,14,63133.0,129257.0,1,1,0,8,632.0,0
3347,52,Jeddah,3,32519.0,33526.0,3,0,1,15,632.0,1
3348,25,Jeddah,4,53535.0,48105.0,2,1,0,12,677.0,0
3349,24,Jeddah,10,20372.0,3950.0,1,1,1,20,688.0,0
3350,62,Riyadh,11,28672.0,34428.0,1,1,0,15,673.0,0
3351,27,Makkah,1,42295.0,38511.0,1,0,0,12,685.0,0
3352,71,Riyadh,8,50318.0,30659.0,2,1,1,19,640.0,0
3353,24,Jeddah,5,38226.0,49336.0,2,1,0,16,685.0,0
3354,59,Dammam,9,45434.0,10627.0,2,1,0,8,597.0,0
3355,73,Riyadh,8,41738.0,20603.0,1,1,1,24,558.0,0
3356,43,Riyadh,14,36983.0,70381.0,1,1,1,15,820.0,0
3357,21,Riyadh,14,34611.0,15502.0,3,1,0,13,691.0,0
3358,67,Riyadh,9,32431.0,19094.0,1,1,0,12,816.0,0
3359,28,Makkah,10,45070.0,67182.0,1,0,0,15,,0
3360,48,Jeddah,13,49287.0,90011.0,2,0,1,16,850.0,0
3361,74,Jeddah,2,44319.0,6077.0,3,1,1,12,662.0,1
3362,60,Riyadh,10,22263.0,7799.0,2,1,0,11,755.0,0
3363,20,Jeddah,11,24356.0,26308.0,2,0,0,13,655.0,0
3364,64,Riyadh,1,48993.0,46790.0,1,0,1,23,670.0,0
3365,27,Riyadh,13,83771.0,97859.0,3,0,1,16,648.0,0
3366,60,Jeddah,10,,64206.0,2,0,0,8,610.0,0
3367,53,Dammam,5,32668.0,46805.0,2,0,1,17,741.0,0
3368,34,Riyadh,7,44899.0,86486.0,1,1,1,17,654.0,0
3369,42,Riyadh,7,22733.0,17104.0,2,0,0,16,727.0,0
3370,24,Dammam,13,77224.0,36506.0,1,1,1,18,739.0,0
3371,74,Riyadh,14,44060.0,32427.0,2,1,1,12,782.0,0
3372,31,Riyadh,12,28718.0,12169.0,2,0,0,12,691.0,0
3373,35,Madinah,9,36923.0,33282.0,2,1,0,17,518.0,1
3374,46,Riyadh,1,30837.0,42585.0,1,1,0,7,624.0,0
3375,56,Dammam,13,77330.0,70590.0,3,0,0,13,655.0,0
3376,46,Makkah,2,36275.0,10606.0,1,1,1,20,655.0,0
3377,46,Riyadh,2,43377.0,38545.0,2,1,1,14,773.0,0
3378,51,Jeddah,1,53469.0,83558.0,1,0,1,18,758.0,0
3379,66,Jeddah,14,27712.0,15210.0,1,1,1,31,640.0,0
3380,40,Riyadh,7,44217.0,70313.0,3,1,0,13,850.0,0
3381,65,Riyadh,3,46038.0,65855.0,1,0,0,10,623.0,1
3382,62,Madinah,1,18453.0,12244.0,3,1,1,17,628.0,1
3383,72,Riyadh,6,45540.0,56144.0,1,0,0,11,,1
3384,70,Makkah,10,39227.0,39832.0,2,0,0,12,514.0,0
3385,63,Jeddah,14,42830.0,31336.0,1,0,1,14,548.0,0
3386,32,Dammam,8,40856.0,38201.0,2,1,1,16,745.0,0
3387,62,Jeddah,9,45688.0,12466.0,3,1,0,21,721.0,1
3388,59,Jeddah,12,78329.0,134737.0,2,1,1,24,578.0,1
3389,34,Jeddah,13,22253.0,45982.0,1,1,0,10,661.0,0
3390,56,Jeddah,4,33824.0,20121.0,2,1,1,25,726.0,1
3391,32,Makkah,14,56011.0,82973.0,2,0,1,24,473.0,0
3392,47,Madinah,7,51045.0,26642.0,1,1,1,24,815.0,0
3393,63,Riyadh,13,50499.0,19566.0,2,1,0,13,750.0,0
3394,28,Riyadh,1,159021.0,169017.0,2,1,1,16,739.0,0
3395,37,Makkah,1,54561.0,14005.0,2,1,0,8,764.0,0
3396,63,Riyadh,13,70648.0,138003.0,1,1,1,17,473.0,0
3397,43,Makkah,10,34422.0,22927.0,1,1,1,27,634.0,0
3398,72,Riyadh,2,24429.0,33236.0,4,1,0,15,766.0,1
3399,18,Riyadh,13,34298.0,33068.0,2,1,1,30,653.0,0
3400,59,Riyadh,1,57296.0,35183.0,2,1,0,16,723.0,0
3401,64,Riyadh,10,49188.0,83988.0,4,1,1,18,785.0,0
3402,70,Dammam,3,49101.0,44602.0,1,0,1,21,718.0,0
3403,26,Jeddah,1,36056.0,12926.0,1,0,1,22,630.0,0
3404,74,Madinah,12,33293.0,68349.0,2,0,1,21,705.0,0
3405,40,Jeddah,12,36683.0,31883.0,2,1,1,16,503.0,0
3406,38,Dammam,1,57655.0,12049.0,4,0,1,22,700.0,0
3407,38,Dammam,1,61106.0,41910.0,2,1,1,23,724.0,1
3408,54,Riyadh,9,24267.0,31044.0,1,1,0,11,666.0,1
3409,55,Madinah,0,58757.0,54899.0,1,1,1,16,760.0,0
3410,45,Jeddah,11,28988.0,56687.0,1,1,0,14,678.0,0
3411,22,Jeddah,13,50740.0,69910.0,3,0,0,13,668.0,0
3412,74,Jeddah,11,36462.0,21159.0,1,1,1,25,819.0,1
3413,30,Jeddah,3,87807.0,43362.0,2,1,0,11,573.0,0
3414,23,Riyadh,2,32564.0,7029.0,1,1,1,21,779.0,0
3415,52,Riyadh,10,43884.0,73534.0,1,1,0,20,773.0,1
3416,41,Madinah,0,54355.0,11068.0,1,1,1,22,732.0,1
3417,53,Makkah,8,25926.0,33699.0,2,1,0,18,616.0,0
3418,67,Madinah,6,38699.0,46061.0,1,1,0,10,685.0,1
3419,23,Dammam,11,35126.0,64734.0,4,1,1,20,581.0,0
3420,34,Dammam,3,31042.0,5648.0,3,1,1,16,603.0,1
3421,47,Madinah,11,32213.0,17187.0,1,1,0,10,665.0,0
3422,62,Jeddah,10,69983.0,143696.0,3,1,1,30,577.0,0
3423,52,Madinah,3,29754.0,30102.0,1,1,1,30,632.0,0
3424,39,Jeddah,5,53274.0,47524.0,1,1,1,24,556.0,0
3425,52,Jeddah,0,46972.0,53272.0,1,0,0,13,713.0,1
3426,73,Jeddah,6,19960.0,35255.0,3,0,1,12,799.0,0
3427,45,Riyadh,3,52030.0,25810.0,2,1,0,14,850.0,0
3428,68,Riyadh,1,19796.0,28209.0,1,1,0,15,559.0,1
3429,62,Madinah,8,54943.0,15969.0,2,1,0,17,578.0,0
3430,35,Jeddah,8,31145.0,63994.0,2,0,0,14,649.0,0
3431,32,Riyadh,1,40303.0,12231.0,2,1,1,17,728.0,0
3432,61,Madinah,2,21012.0,10078.0,2,1,1,20,,1
3433,29,Madinah,1,42667.0,8515.0,3,1,1,21,751.0,0
3434,37,Dammam,10,63798.0,116304.0,2,1,1,28,715.0,0
3435,31,Riyadh,5,26810.0,49503.0,1,0,1,19,504.0,0
3436,52,Riyadh,1,29626.0,14951.0,3,1,1,24,668.0,1
3437,34,Makkah,2,50378.0,28935.0,1,1,1,19,554.0,0
3438,55,Riyadh,14,51012.0,39416.0,2,1,1,14,614.0,0
3439,71,Riyadh,3,11884.0,3751.0,2,0,0,12,624.0,0
3440,65,Riyadh,10,109941.0,196541.0,1,1,0,13,738.0,0
3441,-1,Dammam,7,52275.0,9742.0,1,0,1,17,663.0,0
3442,19,Jeddah,2,56866.0,90906.0,2,1,1,27,624.0,0
3443,43,Madinah,4,37355.0,62515.0,3,1,0,11,850.0,0
3444,30,Makkah,0,15872.0,3519.0,3,1,0,7,581.0,0
3445,70,Madinah,11,56239.0,71289.0,2,1,1,22,692.0,0
3446,58,Riyadh,5,30255.0,56336.0,1,1,1,18,723.0,0
3447,36,Jeddah,7,52679.0,91477.0,1,0,1,21,680.0,0
3448,50,Dammam,2,35976.0,43014.0,2,1,1,19,583.0,0
3449,52,Madinah,12,45208.0,5972.0,1,0,1,22,579.0,0
3450,46,Riyadh,3,27242.0,4673.0,2,1,1,17,719.0,1
3451,45,Riyadh,8,61833.0,103994.0,1,1,1,21,760.0,0
3452,21,Dammam,13,22155.0,21782.0,1,0,0,7,657.0,0
3453,43,Dammam,10,123350.0,188582.0,2,1,1,20,554.0,0
3454,37,Riyadh,9,122881.0,199882.0,2,0,1,16,673.0,0
3455,64,Jeddah,13,90794.0,99199.0,2,0,1,28,805.0,0
3456,67,Jeddah,2,75943.0,21545.0,1,1,1,26,577.0,0
3457,60,Jeddah,14,38474.0,39944.0,3,0,0,16,635.0,0
3458,19,Riyadh,8,71917.0,132200.0,2,0,1,13,672.0,0
3459,65,Dammam,6,38250.0,26358.0,2,1,1,21,762.0,0
3460,40,Riyadh,3,18458.0,2990.0,2,1,0,13,614.0,1
3461,41,Riyadh,11,85102.0,190045.0,1,1,0,13,712.0,0
3462,71,Jeddah,14,70574.0,124413.0,2,1,1,29,792.0,0
3463,67,Riyadh,10,39511.0,49443.0,2,0,0,11,531.0,0
3464,20,Dammam,0,21751.0,27237.0,2,1,1,13,544.0,0
3465,38,Jeddah,7,29938.0,26116.0,2,1,1,16,655.0,0
3466,60,Jeddah,10,16146.0,35806.0,1,0,1,21,750.0,0
3467,48,Riyadh,5,64379.0,104091.0,3,1,1,21,696.0,0
3468,32,Riyadh,11,18004.0,12747.0,1,1,1,20,758.0,0
3469,47,Dammam,10,46324.0,40859.0,1,0,1,20,511.0,0
3470,67,Riyadh,1,26322.0,12432.0,2,0,1,20,694.0,1
3471,30,Riyadh,8,19666.0,27699.0,1,1,0,14,406.0,0
3472,60,Makkah,2,45215.0,48594.0,4,1,1,14,784.0,1
3473,59,Riyadh,7,33965.0,37032.0,1,0,1,24,770.0,0
3474,68,Jeddah,5,61028.0,110649.0,1,1,1,20,636.0,0
3475,34,Riyadh,12,21294.0,25035.0,1,0,1,19,454.0,0
3476,30,Riyadh,13,27484.0,53801.0,1,1,0,10,644.0,0
3477,49,Makkah,6,12163.0,15879.0,1,0,1,22,762.0,0
3478,48,Makkah,8,13465.0,15107.0,1,1,1,23,699.0,0
3479,41,Riyadh,9,98627.0,15879.0,1,1,1,19,836.0,1
3480,62,Riyadh,9,113755.0,165500.0,1,1,1,15,645.0,0
3481,63,Jeddah,9,42039.0,59845.0,1,0,1,19,847.0,1
3482,32,Dammam,11,26585.0,9522.0,1,1,1,18,481.0,0
3483,63,Jeddah,14,34571.0,70764.0,1,1,0,11,595.0,1
3484,31,Riyadh,12,62118.0,72270.0,1,0,1,20,549.0,0
3485,41,Madinah,2,31033.0,17751.0,1,1,1,24,729.0,0
3486,19,Makkah,7,45198.0,75951.0,1,1,0,17,555.0,1
3487,37,Dammam,6,39880.0,28405.0,1,1,1,20,754.0,0
3488,72,Madinah,7,30200.0,38800.0,1,1,1,24,725.0,0
3489,43,Riyadh,7,30850.0,39398.0,3,1,0,10,679.0,0
3490,58,Riyadh,10,46475.0,8823.0,1,1,1,22,654.0,0
3491,24,Riyadh,6,24626.0,21229.0,1,1,1,24,567.0,0
3492,54,Riyadh,3,50305.0,21580.0,2,0,0,13,719.0,0
3493,39,Riyadh,6,31704.0,13988.0,2,1,0,12,617.0,0
3494,60,Madinah,12,42774.0,68418.0,1,0,1,17,733.0,0
3495,70,Makkah,4,80176.0,6402.0,2,1,1,12,802.0,0
3496,48,Jeddah,0,36898.0,53693.0,2,0,1,19,635.0,0
3497,23,Dammam,14,63570.0,67361.0,4,1,1,19,784.0,0
3498,45,Riyadh,2,16383.0,8709.0,3,1,1,26,678.0,0
3499,25,Riyadh,9,31724.0,63662.0,2,1,0,13,716.0,0
3500,43,Jeddah,12,40694.0,49202.0,2,0,1,20,544.0,1
3501,21,Dammam,4,104995.0,118532.0,1,1,0,10,608.0,0
3502,54,Dammam,5,15063.0,19939.0,3,1,0,5,,0
3503,35,Dammam,4,,60292.0,2,1,1,28,784.0,0
3504,29,Madinah,2,83145.0,21779.0,1,1,1,21,636.0,0
3505,18,Riyadh,2,27105.0,5021.0,1,0,0,11,718.0,1
3506,68,Riyadh,2,36083.0,59175.0,2,1,0,11,656.0,0
3507,65,Riyadh,6,47376.0,3873.0,2,1,1,20,632.0,0
3508,64,Madinah,7,44014.0,63987.0,3,1,0,14,531.0,0
3509,21,Jeddah,0,87806.0,82190.0,1,0,1,24,496.0,0
3510,37,Jeddah,12,50223.0,68400.0,3,0,0,14,634.0,0
3511,73,Madinah,10,77955.0,139085.0,1,0,1,19,642.0,1
3512,50,Jeddah,1,33523.0,52415.0,2,1,0,14,583.0,0
3513,25,Riyadh,12,27715.0,5232.0,1,1,1,11,675.0,1
3514,26,Riyadh,0,35851.0,33738.0,1,1,0,15,839.0,1
3515,32,Jeddah,8,22482.0,34286.0,1,0,1,20,796.0,0
3516,73,Dammam,6,51111.0,32798.0,1,0,1,24,663.0,0
3517,27,Madinah,7,33092.0,60071.0,1,1,0,9,664.0,0
3518,69,Riyadh,14,28684.0,34750.0,3,0,1,23,716.0,0
3519,56,Dammam,13,51500.0,24515.0,1,1,0,6,683.0,0
3520,70,Riyadh,4,22655.0,35040.0,2,1,1,21,716.0,0
3521,65,Makkah,8,58998.0,117060.0,2,1,0,13,686.0,1
3522,36,Riyadh,14,31597.0,10437.0,1,0,1,21,667.0,0
3523,65,Riyadh,10,71650.0,122515.0,3,0,1,25,604.0,0
3524,27,Jeddah,13,32979.0,19686.0,2,1,1,12,690.0,0
3525,34,Madinah,6,55048.0,4276.0,2,0,1,15,456.0,0
3526,30,Riyadh,4,43905.0,22544.0,3,1,0,16,682.0,0
3527,25,Riyadh,7,58218.0,101357.0,2,1,0,10,474.0,0
3528,23,Riyadh,12,42403.0,17281.0,4,1,0,13,682.0,0
3529,28,Madinah,13,17471.0,6903.0,1,0,1,13,568.0,0
3530,24,Jeddah,10,66463.0,111819.0,1,1,0,10,776.0,0
3531,39,Madinah,10,38413.0,36832.0,2,1,1,18,666.0,0
3532,22,Riyadh,7,59561.0,21332.0,1,0,1,21,660.0,0
3533,21,Jeddah,4,56677.0,26083.0,2,1,0,17,696.0,0
3534,74,Jeddah,6,27265.0,42610.0,1,1,0,9,579.0,1
3535,22,Riyadh,7,25402.0,32706.0,1,0,1,22,758.0,0
3536,22,Jeddah,12,55697.0,102781.0,3,1,1,18,,0
3537,19,Jeddah,8,34488.0,9259.0,1,0,1,22,608.0,0
3538,25,Riyadh,11,64101.0,70966.0,1,0,0,10,565.0,0
3539,48,Jeddah,0,,44269.0,2,0,1,23,620.0,0
3540,65,Dammam,11,66950.0,45182.0,2,1,1,16,647.0,0
3541,59,Jeddah,7,49595.0,19773.0,3,1,0,11,557.0,1
3542,51,Jeddah,14,46351.0,47561.0,1,1,0,8,614.0,0
3543,22,Makkah,7,33289.0,23971.0,3,1,1,27,600.0,0
3544,62,Dammam,7,45081.0,19410.0,2,0,0,17,636.0,1
3545,20,Dammam,1,72870.0,109661.0,3,1,1,16,640.0,0
3546,53,Riyadh,12,39061.0,46904.0,1,1,1,31,698.0,0
3547,41,Makkah,10,52344.0,73154.0,1,1,1,25,658.0,0
3548,68,Riyadh,12,41076.0,14827.0,2,1,1,18,690.0,0
3549,35,Riyadh,1,42715.0,41915.0,2,1,1,16,677.0,0
3550,54,Jeddah,3,95007.0,93439.0,1,1,1,22,642.0,0
3551,43,Madinah,13,73194.0,169235.0,2,1,1,19,719.0,0
3552,47,Riyadh,0,41760.0,27055.0,2,1,0,8,407.0,0
3553,71,Jeddah,7,44678.0,71413.0,1,0,1,22,,0
3554,58,Riyadh,6,28256.0,18038.0,2,1,1,22,601.0,1
3555,41,Riyadh,14,36810.0,55660.0,1,1,1,20,664.0,0
3556,43,Jeddah,12,46850.0,104502.0,3,1,1,19,598.0,0
3557,58,Riyadh,13,61409.0,96902.0,2,1,0,18,706.0,0
3558,37,Makkah,4,58373.0,75734.0,2,1,1,18,721.0,0
3559,27,Riyadh,8,23049.0,42600.0,3,0,0,7,528.0,0
3560,44,Jeddah,10,65414.0,136571.0,2,0,1,23,677.0,0
3561,21,Riyadh,14,38392.0,22974.0,1,1,1,17,539.0,0
3562,27,Riyadh,0,24502.0,8183.0,2,1,1,24,696.0,0
3563,41,Jeddah,14,78291.0,112890.0,4,1,1,17,616.0,0
3564,63,Riyadh,5,83420.0,155735.0,1,1,1,18,586.0,0
3565,62,Riyadh,1,45792.0,36577.0,2,1,1,19,501.0,1
3566,32,Riyadh,9,57205.0,43946.0,1,0,0,14,647.0,0
3567,42,Riyadh,11,58908.0,75696.0,3,0,1,18,552.0,0
3568,26,Makkah,1,80651.0,12141.0,2,0,0,14,525.0,0
3569,61,Makkah,0,,17729.0,3,1,1,13,673.0,0
3570,32,Riyadh,13,20664.0,9067.0,2,0,1,18,739.0,0
3571,63,Riyadh,14,109634.0,16863.0,1,1,0,11,696.0,0
3572,65,Riyadh,2,68380.0,82530.0,2,1,0,8,528.0,0
3573,57,Dammam,13,31109.0,26791.0,3,1,1,17,641.0,0
3574,36,Riyadh,13,23985.0,11650.0,1,0,0,16,714.0,0
3575,72,Riyadh,14,51658.0,69618.0,1,1,0,7,643.0,0
3576,57,Jeddah,3,34922.0,20843.0,2,1,1,19,683.0,0
3577,54,Dammam,8,47335.0,41079.0,2,1,0,10,615.0,0
3578,66,Jeddah,14,58204.0,50218.0,1,1,1,19,621.0,0
3579,68,Dammam,13,30236.0,2783.0,1,1,1,19,594.0,0
3580,22,Riyadh,9,22970.0,34908.0,1,1,0,8,707.0,0
3581,68,Riyadh,2,48674.0,11271.0,2,1,0,10,716.0,0
3582,61,Dammam,1,30740.0,11870.0,2,0,0,12,603.0,0
3583,29,Dammam,3,43176.0,16185.0,2,1,1,24,722.0,1
3584,35,Riyadh,0,20503.0,10876.0,3,1,1,23,524.0,1
3585,60,Riyadh,2,35380.0,10986.0,1,1,0,13,638.0,0
3586,30,Riyadh,1,57381.0,33323.0,2,1,1,14,534.0,0
3587,43,Madinah,11,54337.0,33919.0,1,1,0,13,554.0,0
3588,57,Riyadh,8,27060.0,5257.0,1,1,0,7,530.0,0
3589,55,Madinah,7,22379.0,39647.0,2,1,0,14,593.0,0
3590,69,Madinah,12,40452.0,31915.0,2,0,1,20,710.0,0
3591,24,Jeddah,6,53131.0,12996.0,3,1,1,18,648.0,0
3592,34,Makkah,6,49148.0,51511.0,1,0,1,19,,0
3593,74,Riyadh,3,31068.0,8173.0,1,0,0,13,637.0,0
3594,50,Riyadh,6,46579.0,70906.0,1,1,1,13,470.0,1
3595,32,Jeddah,2,85066.0,13034.0,2,0,1,21,710.0,0
3596,34,Dammam,8,44470.0,45057.0,1,0,1,20,452.0,0
3597,37,Madinah,14,17737.0,42773.0,3,1,0,14,588.0,0
3598,49,Jeddah,7,44427.0,16824.0,2,1,1,20,647.0,0
3599,34,Riyadh,4,111522.0,45767.0,2,1,0,7,701.0,0
3600,53,Riyadh,10,21085.0,29119.0,2,1,0,17,674.0,0
3601,43,Jeddah,12,40736.0,95862.0,1,1,1,20,650.0,0
3602,52,Dammam,7,35840.0,29488.0,2,1,1,21,785.0,0
3603,26,Jeddah,3,42106.0,47964.0,2,0,1,31,836.0,0
3604,53,Makkah,10,44229.0,17970.0,3,0,0,14,655.0,0
3605,70,Riyadh,2,,76506.0,2,0,0,8,648.0,0
3606,25,Jeddah,14,41873.0,29638.0,1,1,1,9,640.0,0
3607,36,Riyadh,4,76011.0,85674.0,1,0,1,12,603.0,0
3608,57,Dammam,5,37842.0,8446.0,1,1,1,22,688.0,0
3609,53,Makkah,10,33689.0,40993.0,3,1,1,26,768.0,1
3610,56,Jeddah,0,28722.0,11323.0,2,1,0,11,429.0,0
3611,49,Jeddah,3,16179.0,19322.0,3,1,1,21,636.0,1
3612,56,Riyadh,1,46069.0,54860.0,3,1,1,23,789.0,0
3613,52,Madinah,5,112084.0,179307.0,1,1,0,9,697.0,0
3614,22,Dammam,8,50469.0,105206.0,2,0,1,14,692.0,0
3615,60,Makkah,2,56578.0,44565.0,2,1,0,12,512.0,1
3616,43,Riyadh,5,32646.0,41720.0,1,0,0,15,716.0,1
3617,20,Riyadh,11,35519.0,4223.0,2,0,1,20,744.0,0
3618,41,Jeddah,14,65665.0,152083.0,2,0,1,17,675.0,0
3619,42,Jeddah,0,109573.0,103308.0,3,1,0,13,602.0,0
3620,22,Jeddah,9,84455.0,80940.0,1,0,1,15,698.0,0
3621,74,Riyadh,0,60031.0,40806.0,3,1,0,17,563.0,1
3622,30,Jeddah,7,40846.0,63363.0,3,1,0,12,549.0,0
3623,-1,Jeddah,13,44572.0,92557.0,3,1,1,22,727.0,0
3624,43,Riyadh,11,27536.0,52133.0,1,1,0,15,751.0,0
3625,65,Dammam,3,19456.0,17684.0,1,1,1,18,585.0,0
3626,60,Makkah,3,22848.0,15454.0,2,1,1,16,547.0,1
3627,61,Riyadh,11,41147.0,90630.0,1,0,1,26,575.0,0
3628,31,Madinah,12,34683.0,53805.0,1,0,0,8,671.0,0
3629,66,Madinah,4,19250.0,19365.0,2,1,1,19,547.0,0
3630,65,Jeddah,0,39393.0,36146.0,1,1,0,11,769.0,1
3631,44,Makkah,6,34228.0,42864.0,1,1,0,9,612.0,0
3632,49,Jeddah,9,22328.0,35094.0,3,0,0,13,685.0,1
3633,20,Riyadh,6,33353.0,36947.0,1,1,1,24,586.0,0
3634,61,Riyadh,14,34184.0,76666.0,3,1,0,12,706.0,0
3635,72,Riyadh,12,29486.0,61170.0,1,1,1,18,713.0,1
3636,44,Riyadh,11,63789.0,68348.0,1,0,1,14,505.0,0
3637,48,Madinah,0,15499.0,4563.0,1,1,1,16,590.0,0
3638,46,Madinah,12,14870.0,21083.0,1,1,0,12,637.0,1
3639,22,Jeddah,11,40201.0,59200.0,1,1,0,6,607.0,0
3640,53,Jeddah,5,42111.0,42580.0,3,0,1,19,733.0,0
3641,59,Madinah,8,49124.0,92249.0,3,1,0,18,601.0,1
3642,70,Dammam,12,30654.0,9068.0,1,1,1,19,717.0,0
3643,70,Riyadh,13,25363.0,19533.0,1,1,1,18,696.0,0
3644,46,Madinah,8,39988.0,73080.0,2,1,1,17,644.0,0
3645,72,Jeddah,0,32184.0,45449.0,2,1,1,20,721.0,0
3646,48,Riyadh,9,87163.0,84374.0,1,0,0,15,520.0,0
3647,54,Riyadh,10,34128.0,16859.0,1,0,1,20,648.0,0
3648,52,Makkah,0,39082.0,25774.0,1,1,1,17,584.0,0
3649,74,Riyadh,12,138373.0,157511.0,2,1,1,21,654.0,0
3650,60,Makkah,3,36411.0,33639.0,1,1,1,21,611.0,0
3651,24,Makkah,13,53002.0,39163.0,2,1,1,19,661.0,0
3652,22,Riyadh,8,55445.0,39068.0,1,0,1,18,656.0,0
3653,41,Riyadh,4,57855.0,69468.0,1,0,0,7,668.0,0
3654,47,Jeddah,0,46386.0,44141.0,2,1,0,9,671.0,1
3655,56,Riyadh,0,44219.0,44663.0,1,1,0,15,706.0,1
3656,45,Jeddah,11,42200.0,39054.0,3,0,0,12,541.0,0
3657,47,Madinah,5,30092.0,20232.0,2,1,1,18,699.0,0
3658,70,Dammam,12,47229.0,42297.0,3,1,1,18,519.0,1
3659,37,Jeddah,3,110672.0,181899.0,2,0,0,13,410.0,0
3660,46,Makkah,13,73522.0,75590.0,1,0,1,27,835.0,0
3661,49,Madinah,14,46721.0,73778.0,1,1,1,27,570.0,0
3662,44,Madinah,1,61569.0,52243.0,2,0,1,21,616.0,0
3663,73,Riyadh,9,25989.0,49763.0,2,0,1,20,485.0,0
3664,72,Riyadh,14,35233.0,35052.0,1,0,0,5,613.0,0
3665,47,Dammam,4,64468.0,52568.0,1,0,1,16,675.0,0
3666,43,Riyadh,1,84422.0,112759.0,1,1,1,21,680.0,0
3667,51,Jeddah,13,27298.0,12764.0,1,0,0,8,544.0,1
3668,28,Makkah,7,31515.0,38790.0,1,1,1,18,613.0,0
3669,42,Madinah,0,119454.0,75240.0,2,1,1,25,695.0,0
3670,30,Riyadh,12,42114.0,99685.0,4,0,0,12,676.0,0
3671,26,Makkah,10,99876.0,164197.0,1,0,1,19,672.0,0
3672,23,Jeddah,1,44508.0,3052.0,1,1,1,19,723.0,0
3673,51,Dammam,3,45392.0,66151.0,1,1,0,10,645.0,0
3674,18,Riyadh,0,34450.0,36848.0,1,1,0,16,779.0,0
3675,54,Riyadh,14,64298.0,94375.0,2,1,0,12,630.0,0
3676,42,Makkah,0,79133.0,31051.0,1,1,1,16,720.0,1
3677,38,Jeddah,11,23921.0,9882.0,4,0,0,15,718.0,1
3678,61,Makkah,7,33650.0,43664.0,3,0,0,9,506.0,0
3679,48,Riyadh,8,63420.0,61078.0,2,1,1,23,696.0,1
3680,59,Riyadh,12,37618.0,78206.0,3,0,1,22,596.0,0
3681,58,Riyadh,13,31361.0,22273.0,2,1,1,25,562.0,1
3682,19,Dammam,1,66488.0,68025.0,4,0,1,23,618.0,0
3683,30,Dammam,0,69684.0,28628.0,1,1,1,25,672.0,0
3684,50,Jeddah,1,32054.0,32737.0,4,1,0,22,512.0,1
3685,73,Riyadh,10,44631.0,8040.0,1,1,1,26,657.0,0
3686,26,Riyadh,8,21933.0,18976.0,1,1,0,7,633.0,1
3687,24,Riyadh,1,25649.0,8090.0,3,0,1,15,746.0,0
3688,71,Riyadh,3,,45604.0,1,0,1,18,597.0,0
3689,73,Madinah,8,40770.0,29067.0,1,1,0,12,761.0,0
3690,27,Riyadh,10,24750.0,43389.0,1,0,0,15,687.0,0
3691,40,Riyadh,5,28058.0,7581.0,1,1,0,14,650.0,0
3692,53,Makkah,14,23564.0,34311.0,1,1,1,21,767.0,0
3693,29,Madinah,14,50389.0,78023.0,1,1,0,10,828.0,0
3694,36,Dammam,11,15006.0,1908.0,2,1,1,23,633.0,0
3695,40,Riyadh,6,24203.0,3215.0,3,1,0,16,,0
3696,54,Jeddah,13,15812.0,12965.0,1,1,1,24,690.0,0
3697,35,Riyadh,10,49489.0,69272.0,3,0,0,15,527.0,0
3698,41,Riyadh,7,16295.0,31805.0,2,1,0,10,535.0,0
3699,34,Dammam,6,40777.0,9629.0,2,0,0,17,772.0,0
3700,61,Makkah,12,91104.0,155910.0,2,1,0,9,711.0,0
3701,26,Riyadh,8,92662.0,136789.0,3,0,0,14,582.0,0
3702,31,Dammam,2,16269.0,18267.0,1,1,0,8,850.0,0
3703,32,Dammam,14,46593.0,63241.0,2,1,1,19,530.0,1
3704,69,Jeddah,1,24478.0,37317.0,3,0,1,19,708.0,0
3705,71,Riyadh,10,22102.0,25779.0,2,1,0,6,581.0,1
3706,46,Madinah,9,37921.0,69586.0,1,0,1,16,814.0,0
3707,26,Riyadh,8,74172.0,44720.0,2,1,1,22,610.0,0
3708,61,Riyadh,0,54167.0,66038.0,2,1,1,22,630.0,0
3709,46,Riyadh,7,28069.0,56650.0,1,1,1,16,490.0,0
3710,66,Dammam,13,57098.0,129035.0,2,1,0,11,843.0,0
3711,38,Madinah,3,13071.0,7379.0,3,1,1,15,596.0,0
3712,74,Riyadh,10,27544.0,52758.0,2,0,1,20,696.0,0
3713,63,Riyadh,12,26584.0,8002.0,1,1,1,18,653.0,0
3714,30,Madinah,14,41738.0,73273.0,2,1,1,23,605.0,1
3715,59,Dammam,7,36264.0,26736.0,2,1,1,22,453.0,0
3716,34,Madinah,4,37394.0,45100.0,1,1,1,23,633.0,0
3717,37,Dammam,10,36777.0,35734.0,2,1,1,18,629.0,0
3718,32,Makkah,7,40587.0,3457.0,1,0,0,12,683.0,0
3719,56,Jeddah,9,52579.0,29379.0,3,0,1,20,848.0,0
3720,32,Riyadh,11,43246.0,7471.0,2,1,1,17,712.0,1
3721,54,Jeddah,10,34816.0,34966.0,3,0,0,22,731.0,1
3722,51,Jeddah,3,49064.0,71551.0,2,0,0,10,627.0,0
3723,60,Jeddah,11,60661.0,105316.0,1,1,1,18,538.0,0
3724,74,Jeddah,8,30394.0,50803.0,2,1,0,20,628.0,0
3725,18,Riyadh,13,38960.0,78455.0,1,1,1,23,,0
3726,74,Dammam,9,71751.0,61311.0,2,1,0,15,653.0,1
3727,24,Jeddah,13,23124.0,29903.0,1,1,0,4,608.0,0
3728,48,Makkah,14,98948.0,132425.0,2,0,1,27,509.0,0
3729,37,Riyadh,14,20546.0,7480.0,2,1,1,18,766.0,0
3730,54,Jeddah,11,,48015.0,1,1,1,23,641.0,0
3731,59,Jeddah,8,24957.0,38233.0,1,1,0,10,623.0,1
3732,67,Riyadh,1,119846.0,117772.0,1,1,0,16,563.0,0
3733,40,Jeddah,5,31205.0,44141.0,1,0,0,13,610.0,1
3734,71,Jeddah,7,31244.0,9380.0,1,1,1,15,575.0,0
3735,36,Makkah,11,33344.0,59645.0,3,0,1,19,546.0,1
3736,29,Riyadh,8,42100.0,20735.0,3,0,1,24,669.0,0
3737,39,Makkah,6,34057.0,58504.0,4,1,1,17,,0
3738,48,Riyadh,2,37555.0,16737.0,1,0,1,22,721.0,0
3739,56,Jeddah,10,8000.0,9161.0,1,0,0,15,618.0,0
3740,65,Dammam,6,41298.0,40616.0,2,1,1,21,664.0,0
3741,30,Riyadh,0,40494.0,17811.0,2,1,0,15,662.0,0
3742,35,Riyadh,4,67460.0,46505.0,2,1,1,26,691.0,0
3743,71,Riyadh,13,77229.0,40664.0,2,0,1,18,582.0,0
3744,43,Jeddah,1,36539.0,33633.0,2,1,0,10,735.0,0
3745,31,Riyadh,6,60362.0,107810.0,2,1,1,21,550.0,0
3746,74,Madinah,7,23138.0,15902.0,4,1,0,11,656.0,1
3747,43,Riyadh,1,58904.0,48656.0,1,1,1,19,547.0,0
3748,74,Madinah,2,30145.0,43098.0,3,1,1,16,642.0,0
3749,70,Madinah,14,22196.0,26644.0,2,0,0,18,732.0,0
3750,69,Riyadh,8,36578.0,64284.0,1,1,1,20,704.0,0
3751,51,Makkah,3,80841.0,64823.0,3,1,1,20,753.0,0
3752,63,Madinah,2,43937.0,33269.0,3,1,1,29,627.0,0
3753,72,Riyadh,6,,30652.0,2,1,1,24,740.0,0
3754,999,Jeddah,10,27602.0,9573.0,1,1,1,24,590.0,0
3755,20,Makkah,10,67773.0,95221.0,1,1,1,21,616.0,0
3756,36,Dammam,2,28967.0,39818.0,2,0,0,22,665.0,0
3757,54,Makkah,10,44921.0,16599.0,1,0,0,13,731.0,0
3758,49,Riyadh,13,44727.0,101079.0,1,1,0,15,605.0,1
3759,22,Riyadh,3,55868.0,36646.0,1,1,1,19,718.0,0
3760,49,Dammam,0,45496.0,30329.0,1,1,0,9,,0
3761,27,Riyadh,14,27734.0,63506.0,2,1,1,16,683.0,0
3762,46,Dammam,7,62327.0,113560.0,2,0,1,19,579.0,0
3763,50,Jeddah,11,95399.0,119928.0,1,1,0,10,625.0,0
3764,54,Jeddah,4,29974.0,16233.0,2,1,1,18,645.0,0
3765,41,Madinah,4,16033.0,5759.0,1,1,1,15,682.0,0
3766,41,Dammam,3,51517.0,26292.0,1,1,1,21,582.0,0
3767,56,Dammam,3,34010.0,46226.0,2,1,1,16,537.0,0
3768,60,Madinah,7,37588.0,26420.0,2,1,1,22,462.0,0
3769,64,Riyadh,1,53002.0,58831.0,1,1,0,15,722.0,0
3770,37,Dammam,12,31946.0,17023.0,2,0,1,29,738.0,1
3771,42,Jeddah,7,35087.0,35233.0,1,0,0,17,473.0,1
3772,36,Jeddah,13,38175.0,35309.0,2,1,1,15,661.0,0
3773,48,Makkah,7,83690.0,88152.0,1,1,0,16,624.0,1
3774,25,Madinah,4,40743.0,42850.0,2,1,1,20,764.0,0
3775,42,Jeddah,7,21637.0,43431.0,2,1,1,25,633.0,0
3776,28,Makkah,2,22072.0,32895.0,1,1,0,11,701.0,1
3777,48,Riyadh,12,43028.0,72907.0,2,1,1,15,616.0,0
3778,66,Dammam,10,22818.0,9342.0,2,0,0,11,590.0,0
3779,74,Makkah,2,18377.0,27949.0,1,1,1,20,721.0,0
3780,43,Dammam,8,55148.0,103786.0,2,0,1,25,753.0,0
3781,21,Dammam,8,56514.0,105682.0,2,1,0,9,541.0,0
3782,30,Makkah,3,33387.0,28588.0,1,1,0,15,756.0,0
3783,23,Riyadh,1,46482.0,14521.0,3,1,1,21,567.0,0
3784,61,Dammam,11,44093.0,78178.0,1,1,1,17,445.0,0
3785,74,Dammam,3,54242.0,38260.0,2,1,1,25,656.0,0
3786,49,Jeddah,7,54305.0,40294.0,3,1,0,15,701.0,0
3787,28,Madinah,3,10906.0,7734.0,4,0,0,17,515.0,0
3788,19,Jeddah,9,35588.0,44412.0,2,0,1,30,475.0,0
3789,73,Riyadh,0,51998.0,27746.0,2,0,1,18,611.0,0
3790,36,Makkah,5,32688.0,42919.0,1,0,1,18,597.0,0
3791,24,Riyadh,8,40868.0,56597.0,1,0,1,15,777.0,0
3792,28,Dammam,6,58416.0,59830.0,3,1,1,18,657.0,0
3793,32,Madinah,9,41792.0,7772.0,1,1,1,24,720.0,0
3794,55,Makkah,2,85303.0,132116.0,3,0,1,27,677.0,0
3795,68,Dammam,6,70509.0,59301.0,1,1,0,11,798.0,1
3796,33,Madinah,11,37825.0,41140.0,1,1,1,13,574.0,0
3797,57,Jeddah,5,36351.0,32318.0,1,1,0,13,646.0,0
3798,21,Riyadh,2,9651.0,6150.0,2,1,0,11,510.0,0
3799,18,Dammam,12,34090.0,56080.0,1,1,0,7,726.0,1
3800,21,Dammam,11,20402.0,2219.0,1,1,0,17,752.0,1
3801,70,Makkah,10,44829.0,88532.0,4,1,0,12,733.0,0
3802,51,Jeddah,11,43323.0,13332.0,2,1,0,7,643.0,0
3803,63,Riyadh,11,56836.0,132107.0,2,0,0,14,522.0,0
3804,19,Riyadh,11,80687.0,120152.0,1,1,0,5,650.0,0
3805,19,Riyadh,7,39611.0,7810.0,1,0,0,17,593.0,0
3806,66,Makkah,0,125518.0,108640.0,2,1,0,15,746.0,0
3807,23,Jeddah,8,45081.0,33475.0,1,0,1,15,616.0,0
3808,26,Riyadh,4,20845.0,35818.0,1,1,1,23,612.0,0
3809,47,Riyadh,11,30302.0,53799.0,3,0,0,8,849.0,0
3810,52,Riyadh,7,33310.0,35308.0,1,1,0,13,725.0,1
3811,31,Jeddah,13,53964.0,59940.0,3,1,1,20,752.0,0
3812,43,Makkah,8,24994.0,52278.0,1,1,0,9,606.0,1
3813,56,Madinah,8,34579.0,49268.0,1,1,0,8,554.0,0
3814,43,Jeddah,13,37030.0,48586.0,1,1,0,10,750.0,0
3815,39,Jeddah,7,32078.0,27153.0,3,1,1,17,787.0,0
3816,-1,Riyadh,5,60217.0,39190.0,2,1,1,24,540.0,0
3817,43,Jeddah,5,55307.0,74171.0,2,1,1,25,609.0,0
3818,63,Dammam,13,71918.0,107087.0,1,1,0,11,575.0,1
3819,53,Riyadh,11,34013.0,67475.0,3,1,0,13,697.0,1
3820,68,Riyadh,2,73223.0,68678.0,2,1,1,17,755.0,0
3821,25,Makkah,7,,24501.0,2,1,1,27,619.0,0
3822,18,Dammam,5,20046.0,18597.0,2,1,1,20,619.0,0
3823,49,Jeddah,9,21875.0,36661.0,2,1,1,12,476.0,0
3824,28,Jeddah,0,40320.0,26278.0,2,1,1,21,568.0,0
3825,51,Jeddah,10,73217.0,141160.0,1,1,0,9,793.0,0
3826,69,Riyadh,11,29701.0,24133.0,3,1,1,21,697.0,0
3827,37,Makkah,3,31623.0,38341.0,1,1,0,13,737.0,0
3828,49,Riyadh,2,36026.0,53293.0,4,1,1,22,621.0,0
3829,56,Riyadh,9,53445.0,90294.0,1,1,1,21,631.0,0
3830,26,Jeddah,3,31609.0,19876.0,1,1,0,8,655.0,1
3831,69,Jeddah,14,30739.0,56133.0,1,0,0,17,682.0,0
3832,29,Jeddah,11,20482.0,11116.0,2,0,0,8,776.0,0
3833,64,Madinah,14,30156.0,6887.0,1,1,1,18,592.0,0
3834,55,Riyadh,8,72311.0,121230.0,3,0,0,12,645.0,0
3835,26,Riyadh,14,42002.0,87227.0,2,0,0,8,583.0,0
3836,59,Riyadh,0,27725.0,2308.0,1,1,0,16,476.0,1
3837,29,Riyadh,4,74464.0,127271.0,2,0,1,20,740.0,0
3838,52,Makkah,0,29953.0,20864.0,2,1,1,15,810.0,0
3839,72,Jeddah,10,81632.0,166853.0,3,0,1,18,727.0,1
3840,72,Riyadh,7,80968.0,130387.0,1,0,1,14,679.0,0
3841,67,Dammam,4,41275.0,67160.0,3,1,1,22,821.0,1
3842,46,Makkah,4,18972.0,28649.0,1,1,0,18,693.0,0
3843,49,Madinah,9,126090.0,267352.0,2,1,0,14,735.0,0
3844,35,Jeddah,2,48710.0,51555.0,2,1,0,8,668.0,0
3845,70,Dammam,7,34134.0,17489.0,1,1,1,18,680.0,0
3846,45,Riyadh,9,64735.0,57715.0,1,1,1,13,645.0,0
3847,61,Makkah,3,57020.0,74768.0,2,1,0,12,731.0,0
3848,38,Madinah,3,77302.0,24678.0,1,0,1,9,560.0,0
3849,60,Dammam,5,28820.0,50373.0,1,0,0,9,691.0,1
3850,30,Dammam,8,47063.0,22906.0,1,1,1,17,578.0,0
3851,59,Dammam,3,22183.0,33678.0,2,1,1,15,698.0,0
3852,20,Jeddah,5,56003.0,52601.0,1,1,1,23,850.0,0
3853,23,Jeddah,8,39677.0,70485.0,2,1,1,17,717.0,0
3854,38,Dammam,2,46189.0,73139.0,4,1,1,23,760.0,0
3855,45,Madinah,8,37303.0,34578.0,2,1,0,7,735.0,0
3856,58,Dammam,2,35401.0,41281.0,2,1,1,23,444.0,0
3857,38,Riyadh,2,26001.0,10832.0,2,1,1,18,641.0,0
3858,19,Jeddah,3,59588.0,82995.0,1,0,0,9,696.0,0
3859,36,Jeddah,4,84529.0,125667.0,1,1,1,19,470.0,1
3860,43,Riyadh,0,30384.0,14527.0,1,1,1,19,627.0,0
3861,48,Jeddah,14,52932.0,7649.0,1,1,1,27,648.0,0
3862,54,Riyadh,4,49816.0,40366.0,1,1,0,12,544.0,0
3863,32,Jeddah,12,40298.0,19117.0,2,1,0,13,567.0,1
3864,52,Riyadh,13,18708.0,38181.0,1,0,1,21,772.0,0
3865,54,Jeddah,12,20935.0,14356.0,1,1,1,16,330.0,1
3866,62,Madinah,12,27160.0,61636.0,3,0,0,8,677.0,0
3867,47,Riyadh,1,13773.0,21101.0,1,0,0,17,756.0,0
3868,64,Riyadh,5,81147.0,138742.0,2,1,0,8,656.0,1
3869,30,Jeddah,11,48236.0,68743.0,1,0,1,18,,0
3870,58,Jeddah,8,39538.0,24232.0,2,1,1,17,615.0,0
3871,20,Madinah,0,13425.0,16386.0,1,1,1,13,570.0,0
3872,23,Dammam,8,16124.0,24093.0,1,1,1,17,651.0,1
3873,67,Madinah,12,40088.0,94088.0,3,1,1,22,620.0,0
3874,45,Riyadh,12,107500.0,102687.0,2,1,1,17,609.0,0
3875,53,Riyadh,5,28302.0,4784.0,1,1,1,25,637.0,0
3876,52,Madinah,3,61815.0,106465.0,1,0,0,16,585.0,0
3877,57,Riyadh,4,31573.0,47946.0,2,1,0,12,578.0,0
3878,31,Jeddah,4,41259.0,18376.0,1,1,1,21,553.0,0
3879,28,Jeddah,5,73669.0,101494.0,2,1,1,19,695.0,0
3880,20,Madinah,4,33760.0,2066.0,2,1,0,10,563.0,0
3881,67,Jeddah,6,28423.0,31733.0,2,1,1,29,541.0,0
3882,30,Madinah,0,81555.0,46985.0,3,1,1,20,562.0,1
3883,999,Jeddah,4,41060.0,29708.0,1,1,0,8,673.0,0
3884,43,Riyadh,4,69259.0,33623.0,3,0,1,22,717.0,0
3885,27,Riyadh,2,28492.0,14057.0,2,1,0,10,720.0,0
3886,41,Jeddah,13,81092.0,94902.0,2,1,1,20,677.0,0
3887,22,Riyadh,10,46019.0,28289.0,2,1,1,20,703.0,0
3888,28,Riyadh,13,49881.0,59780.0,2,1,1,25,650.0,0
3889,25,Jeddah,8,42865.0,53239.0,1,1,1,20,695.0,0
3890,64,Jeddah,1,31172.0,35385.0,4,1,1,17,693.0,1
3891,50,Jeddah,13,40101.0,68275.0,3,0,0,12,588.0,0
3892,70,Madinah,6,32167.0,16764.0,1,0,0,11,556.0,1
3893,42,Riyadh,10,64846.0,10391.0,2,1,1,21,778.0,0
3894,29,Madinah,5,36260.0,56991.0,2,1,1,23,665.0,0
3895,52,Dammam,7,18991.0,33710.0,3,0,1,20,747.0,0
3896,70,Makkah,7,17332.0,34381.0,2,1,1,21,553.0,1
3897,48,Dammam,4,16927.0,29282.0,1,0,1,24,615.0,0
3898,19,Riyadh,8,54665.0,74161.0,2,1,1,19,532.0,0
3899,35,Makkah,11,,47106.0,1,1,1,14,710.0,0
3900,70,Makkah,0,46632.0,32624.0,2,1,0,14,599.0,1
3901,47,Makkah,1,42971.0,53766.0,2,1,1,29,604.0,1
3902,72,Makkah,12,38857.0,89230.0,2,0,1,16,830.0,1
3903,47,Riyadh,8,49971.0,84273.0,1,1,1,14,715.0,0
3904,18,Madinah,14,43441.0,48213.0,2,1,0,12,713.0,0
3905,67,Madinah,9,10354.0,8974.0,2,1,1,16,543.0,0
3906,61,Madinah,9,34139.0,23401.0,1,0,1,17,486.0,0
3907,58,Dammam,13,49640.0,47689.0,1,0,0,21,742.0,0
3908,73,Makkah,9,91139.0,163846.0,1,0,0,7,457.0,0
3909,29,Dammam,4,93268.0,119440.0,3,1,1,15,614.0,0
3910,69,Jeddah,7,20301.0,11300.0,2,0,1,29,579.0,0
3911,31,Madinah,3,33696.0,41917.0,2,1,1,23,570.0,0
3912,73,Riyadh,5,18342.0,13759.0,2,1,1,17,612.0,0
3913,28,Makkah,10,85814.0,110542.0,3,1,0,16,564.0,0
3914,49,Jeddah,2,66598.0,43005.0,2,1,1,10,547.0,0
3915,62,Riyadh,10,47825.0,57846.0,1,1,1,11,678.0,0
3916,22,Jeddah,8,43610.0,67661.0,1,1,0,12,750.0,0
3917,21,Dammam,4,80043.0,106631.0,1,1,0,14,502.0,0
3918,66,Riyadh,0,73546.0,83998.0,3,1,0,15,675.0,0
3919,21,Makkah,10,71612.0,66278.0,2,1,0,11,706.0,0
3920,52,Jeddah,12,50430.0,84821.0,2,1,1,14,695.0,0
3921,71,Dammam,10,33704.0,20027.0,2,1,1,20,633.0,0
3922,53,Riyadh,6,58898.0,56834.0,3,1,1,19,602.0,0
3923,45,Riyadh,9,60356.0,78371.0,4,1,1,24,724.0,0
3924,41,Riyadh,6,,49585.0,2,0,1,20,684.0,0
3925,54,Riyadh,5,33670.0,57761.0,1,0,1,21,483.0,0
3926,50,Makkah,4,70732.0,41753.0,1,1,0,7,637.0,0
3927,46,Jeddah,3,92232.0,135306.0,2,1,0,13,664.0,0
3928,26,Makkah,14,27593.0,23507.0,2,0,1,18,554.0,0
3929,55,Dammam,9,35183.0,43377.0,2,1,1,25,632.0,0
3930,60,Riyadh,2,47833.0,65810.0,1,1,1,22,699.0,0
3931,58,Madinah,12,51190.0,89977.0,2,1,1,20,581.0,0
3932,22,Makkah,2,30909.0,44239.0,1,0,0,11,674.0,1
3933,58,Riyadh,8,102925.0,177464.0,1,1,0,10,571.0,0
3934,59,Jeddah,2,49565.0,24573.0,3,0,1,16,544.0,0
3935,28,Jeddah,5,52349.0,97484.0,2,1,1,18,711.0,0
3936,66,Jeddah,9,96707.0,197528.0,1,0,1,20,765.0,0
3937,47,Jeddah,14,32063.0,36724.0,1,1,1,19,547.0,0
3938,44,Jeddah,14,38399.0,7732.0,2,0,1,21,740.0,0
3939,59,Jeddah,13,21447.0,17342.0,1,0,0,7,651.0,0
3940,47,Jeddah,3,36821.0,53456.0,1,1,0,21,454.0,0
3941,49,Jeddah,1,19064.0,28600.0,2,1,0,10,523.0,0
3942,35,Dammam,13,58333.0,120882.0,2,0,1,19,711.0,0
3943,70,Riyadh,13,49513.0,51083.0,1,1,1,18,509.0,0
3944,73,Riyadh,4,34943.0,5534.0,2,0,1,24,598.0,0
3945,25,Jeddah,0,38169.0,30554.0,2,0,1,21,646.0,0
3946,59,Jeddah,9,58732.0,50735.0,1,0,0,19,696.0,0
3947,19,Jeddah,1,22745.0,5453.0,1,1,0,4,669.0,0
3948,39,Dammam,0,44448.0,9045.0,1,1,0,17,796.0,0
3949,73,Riyadh,14,56940.0,26320.0,1,0,1,19,582.0,0
3950,27,Dammam,7,16463.0,7744.0,3,1,0,13,661.0,0
3951,39,Jeddah,1,56527.0,67840.0,2,0,0,10,696.0,0
3952,30,Jeddah,9,17378.0,15206.0,4,0,0,7,716.0,0
3953,59,Jeddah,5,37843.0,32335.0,1,1,1,14,748.0,0
3954,44,Dammam,8,22433.0,28820.0,2,1,1,15,613.0,0
3955,51,Dammam,13,82094.0,195352.0,2,1,0,6,717.0,0
3956,71,Makkah,3,22504.0,29681.0,2,0,1,24,569.0,0
3957,47,Jeddah,9,17587.0,25151.0,3,0,1,23,645.0,0
3958,59,Madinah,12,42902.0,77468.0,2,1,0,9,699.0,0
3959,23,Madinah,6,32635.0,46370.0,2,1,1,17,741.0,0
3960,30,Riyadh,14,18915.0,33791.0,3,1,1,23,703.0,0
3961,71,Madinah,6,52204.0,52242.0,3,0,1,24,663.0,1
3962,66,Jeddah,6,14828.0,16808.0,4,1,0,12,644.0,1
3963,55,Madinah,13,23906.0,28367.0,1,0,1,25,702.0,0
3964,39,Madinah,9,30103.0,27180.0,1,1,1,20,850.0,0
3965,29,Jeddah,13,59941.0,43776.0,1,1,0,12,733.0,0
3966,66,Riyadh,11,76706.0,67182.0,2,0,1,26,692.0,1
3967,62,Dammam,10,69661.0,70152.0,1,1,0,15,534.0,1
3968,31,Jeddah,3,37174.0,38052.0,1,1,1,25,578.0,0
3969,51,Dammam,5,11924.0,11549.0,2,1,1,17,622.0,0
3970,53,Jeddah,12,48797.0,16125.0,1,1,1,11,737.0,0
3971,45,Jeddah,9,83724.0,65915.0,2,1,0,10,574.0,0
3972,70,Jeddah,4,74376.0,53147.0,1,0,1,16,715.0,0
3973,25,Makkah,4,50588.0,65261.0,3,1,0,15,666.0,0
3974,32,Dammam,11,22142.0,18282.0,1,1,1,24,684.0,0
3975,23,Dammam,2,30864.0,2089.0,2,1,1,24,634.0,0
3976,57,Makkah,1,105547.0,19094.0,2,1,0,16,607.0,0
3977,54,Makkah,11,19764.0,23608.0,1,0,1,25,564.0,1
3978,74,Jeddah,4,22608.0,8772.0,1,0,1,22,707.0,0
3979,48,Riyadh,11,64297.0,76460.0,3,0,1,19,650.0,0
3980,26,Jeddah,8,32352.0,39975.0,2,1,0,6,556.0,0
3981,43,Jeddah,14,22228.0,53034.0,1,1,0,13,672.0,0
3982,23,Riyadh,7,86162.0,116387.0,2,1,0,5,850.0,0
3983,56,Makkah,13,50540.0,7923.0,1,1,1,19,637.0,0
3984,56,Riyadh,12,33160.0,31943.0,2,1,0,7,802.0,1
3985,66,Riyadh,3,22632.0,31246.0,2,1,0,11,420.0,1
3986,37,Dammam,14,111715.0,81249.0,2,1,0,11,637.0,0
3987,35,Dammam,11,39647.0,85494.0,1,1,1,13,740.0,0
3988,22,Jeddah,1,80714.0,69246.0,1,1,0,9,659.0,0
3989,41,Makkah,0,62744.0,11548.0,1,1,1,23,598.0,0
3990,45,Madinah,4,30932.0,14863.0,1,1,0,16,651.0,1
3991,61,Riyadh,0,31055.0,42363.0,2,1,1,24,742.0,1
3992,60,Madinah,5,82715.0,153810.0,2,1,1,18,850.0,1
3993,25,Jeddah,14,83388.0,184482.0,1,1,1,16,754.0,0
3994,34,Jeddah,7,15702.0,10916.0,1,1,1,24,606.0,0
3995,47,Makkah,0,52833.0,61539.0,2,0,0,17,634.0,0
3996,37,Makkah,7,37775.0,18982.0,2,1,1,12,633.0,0
3997,19,Dammam,3,23941.0,16727.0,3,1,0,16,574.0,1
3998,66,Jeddah,12,45747.0,77652.0,1,0,0,15,641.0,1
3999,59,Riyadh,1,20439.0,31224.0,1,1,1,23,627.0,0
4000,47,Jeddah,11,31786.0,33839.0,1,0,1,19,545.0,1
4001,36,Jeddah,6,26924.0,26915.0,2,1,1,16,728.0,0
4002,66,Jeddah,0,31260.0,11543.0,2,0,0,13,691.0,0
4003,20,Madinah,10,38726.0,36868.0,1,0,1,22,596.0,0
4004,43,Jeddah,6,24154.0,4439.0,1,1,1,27,666.0,0
4005,63,Dammam,11,88132.0,176896.0,2,0,1,24,572.0,0
4006,72,Dammam,9,51361.0,6243.0,1,1,0,16,605.0,0
4007,32,Dammam,11,98448.0,158868.0,2,1,1,12,722.0,0
4008,55,Madinah,6,37048.0,21489.0,1,1,1,16,696.0,0
4009,28,Makkah,0,30504.0,22584.0,1,0,0,13,607.0,0
4010,24,Riyadh,1,96684.0,46522.0,1,0,1,23,688.0,0
4011,-1,Makkah,6,30061.0,24624.0,4,0,1,21,646.0,0
4012,68,Madinah,5,36712.0,38677.0,1,1,0,13,564.0,1
4013,57,Riyadh,11,,87322.0,1,1,0,11,641.0,1
4014,45,Jeddah,6,21615.0,39716.0,3,0,0,11,691.0,0
4015,34,Jeddah,12,57277.0,48726.0,1,0,1,20,683.0,0
4016,26,Jeddah,2,53727.0,53074.0,1,0,1,15,503.0,0
4017,33,Makkah,5,75710.0,128470.0,1,0,1,12,673.0,0
4018,26,Makkah,11,62631.0,45708.0,2,0,0,13,659.0,0
4019,28,Riyadh,1,76879.0,105289.0,1,1,1,25,487.0,1
4020,57,Riyadh,4,37979.0,65557.0,3,0,1,27,581.0,0
4021,25,Riyadh,11,26073.0,51683.0,2,1,1,22,697.0,0
4022,20,Madinah,8,115265.0,141409.0,2,0,1,23,786.0,0
4023,48,Riyadh,11,18707.0,31810.0,1,1,1,18,504.0,0
4024,34,Dammam,7,19668.0,19849.0,2,1,0,13,740.0,0
4025,43,Dammam,12,53240.0,78030.0,3,0,0,8,486.0,0
4026,25,Riyadh,13,90445.0,218328.0,3,1,1,18,785.0,0
4027,29,Riyadh,14,44125.0,31065.0,1,0,0,6,633.0,0
4028,43,Makkah,1,66148.0,83290.0,2,1,1,19,592.0,0
4029,57,Jeddah,8,14796.0,16241.0,2,1,1,13,683.0,0
4030,41,Jeddah,1,31264.0,10060.0,3,1,1,19,567.0,0
4031,48,Jeddah,3,15725.0,17779.0,1,1,1,20,698.0,1
4032,47,Riyadh,4,59291.0,85309.0,2,0,0,10,645.0,0
4033,33,Jeddah,9,18516.0,23484.0,2,1,1,20,309.0,0
4034,33,Riyadh,6,21186.0,34820.0,3,1,1,21,579.0,0
4035,42,Riyadh,12,51897.0,48203.0,2,1,1,16,672.0,0
4036,19,Riyadh,4,68249.0,112608.0,3,1,0,10,753.0,0
4037,57,Dammam,9,37068.0,53215.0,1,0,0,10,684.0,0
4038,53,Riyadh,11,53374.0,100482.0,1,1,1,26,750.0,0
4039,35,Riyadh,14,52517.0,39803.0,1,1,1,17,575.0,0
4040,39,Makkah,3,36036.0,28880.0,3,0,1,17,719.0,0
4041,36,Jeddah,11,23217.0,49263.0,1,1,0,11,719.0,1
4042,55,Makkah,1,53234.0,6920.0,2,1,0,13,509.0,0
4043,61,Makkah,8,54532.0,48538.0,4,1,1,21,754.0,0
4044,24,Jeddah,6,62756.0,96387.0,3,0,1,15,686.0,0
4045,41,Jeddah,14,46912.0,90001.0,2,1,0,9,629.0,0
4046,18,Madinah,11,22376.0,44562.0,2,0,1,20,625.0,0
4047,43,Jeddah,13,56680.0,104943.0,1,1,1,26,562.0,0
4048,32,Riyadh,12,40107.0,91334.0,2,1,1,27,711.0,0
4049,37,Riyadh,6,31528.0,31661.0,2,0,1,18,680.0,0
4050,44,Madinah,11,34637.0,51283.0,2,0,1,21,706.0,1
4051,36,Riyadh,0,28421.0,36355.0,1,0,1,17,660.0,0
4052,40,Madinah,8,62594.0,93543.0,1,1,1,20,675.0,0
4053,61,Jeddah,0,19751.0,3910.0,2,1,0,10,625.0,0
4054,64,Jeddah,10,24422.0,21326.0,2,0,0,13,749.0,1
4055,18,Jeddah,14,34051.0,49276.0,3,1,0,11,708.0,0
4056,39,Jeddah,10,89938.0,154380.0,2,1,1,15,675.0,0
4057,66,Riyadh,12,67992.0,91182.0,3,0,1,19,645.0,0
4058,48,Dammam,3,,23925.0,2,1,1,20,493.0,0
4059,29,Dammam,14,78879.0,169567.0,2,1,1,11,479.0,0
4060,51,Jeddah,8,78803.0,47929.0,2,1,0,14,625.0,0
4061,26,Jeddah,10,22315.0,31576.0,1,1,1,15,766.0,0
4062,19,Dammam,11,11376.0,15126.0,1,0,0,11,588.0,0
4063,54,Jeddah,9,38711.0,21308.0,3,0,1,18,594.0,1
4064,47,Makkah,4,70348.0,64185.0,1,0,0,12,570.0,1
4065,61,Riyadh,9,88932.0,109019.0,2,0,0,14,543.0,0
4066,37,Madinah,9,25967.0,46506.0,1,1,1,19,570.0,1
4067,66,Jeddah,12,96374.0,110781.0,2,1,1,12,685.0,0
4068,42,Jeddah,7,13174.0,2976.0,1,1,1,23,607.0,0
4069,60,Jeddah,7,33389.0,34103.0,2,1,0,10,605.0,0
4070,23,Jeddah,7,32578.0,55636.0,2,1,1,22,597.0,0
4071,23,Riyadh,1,71408.0,65855.0,1,0,0,15,678.0,0
4072,62,Jeddah,1,76815.0,41324.0,2,1,1,16,693.0,0
4073,65,Jeddah,0,64674.0,89600.0,3,0,1,20,488.0,0
4074,71,Riyadh,9,20429.0,8167.0,2,0,0,10,584.0,0
4075,36,Riyadh,6,61778.0,42081.0,4,1,1,15,648.0,1
4076,19,Makkah,12,51768.0,56642.0,2,1,0,9,695.0,0
4077,73,Makkah,10,17403.0,29239.0,2,1,0,14,663.0,0
4078,52,Jeddah,2,14278.0,19818.0,2,0,1,14,725.0,0
4079,32,Riyadh,1,67440.0,9553.0,3,1,0,14,530.0,0
4080,61,Jeddah,5,36679.0,54948.0,2,0,0,14,691.0,0
4081,69,Madinah,13,21108.0,38129.0,1,1,1,25,837.0,0
4082,34,Makkah,0,36167.0,48726.0,3,1,1,25,658.0,0
4083,61,Makkah,2,48147.0,71797.0,3,1,1,23,663.0,0
4084,62,Dammam,0,38506.0,45337.0,2,1,1,28,701.0,1
4085,46,Dammam,6,18472.0,7823.0,1,1,1,23,603.0,0
4086,54,Riyadh,14,103030.0,88471.0,2,1,1,21,575.0,0
4087,33,Riyadh,10,66311.0,140015.0,2,0,1,26,662.0,0
4088,70,Makkah,7,33939.0,42031.0,1,0,1,22,505.0,0
4089,74,Riyadh,2,34629.0,31662.0,2,1,1,22,689.0,0
4090,73,Riyadh,5,48038.0,82732.0,2,1,1,17,706.0,0
4091,60,Makkah,7,22815.0,40582.0,1,1,1,20,508.0,0
4092,20,Makkah,4,47162.0,62529.0,2,0,0,14,669.0,0
4093,38,Riyadh,10,20633.0,41140.0,1,0,1,23,633.0,1
4094,43,Jeddah,14,38744.0,14165.0,2,1,0,13,787.0,0
4095,72,Riyadh,3,22375.0,29551.0,1,1,1,23,770.0,1
4096,49,Riyadh,3,22947.0,38269.0,3,1,0,15,728.0,1
4097,48,Riyadh,1,91387.0,11612.0,1,0,1,22,768.0,0
4098,26,Dammam,10,41341.0,23156.0,4,0,1,16,621.0,0
4099,63,Riyadh,6,44520.0,69524.0,2,1,0,11,678.0,0
4100,37,Makkah,4,14681.0,14165.0,1,1,1,17,629.0,0
4101,23,Riyadh,3,29777.0,6013.0,4,0,0,13,563.0,1
4102,74,Riyadh,1,50544.0,23274.0,2,1,0,11,662.0,0
4103,28,Riyadh,7,44226.0,31040.0,2,1,0,7,647.0,0
4104,18,Dammam,10,13670.0,10571.0,3,0,1,28,633.0,0
4105,22,Madinah,3,44514.0,67707.0,3,1,1,18,649.0,1
4106,43,Riyadh,0,48208.0,48688.0,2,1,0,14,660.0,0
4107,23,Jeddah,7,76258.0,114852.0,4,0,1,24,738.0,0
4108,66,Riyadh,10,28923.0,3023.0,1,1,1,25,600.0,0
4109,47,Riyadh,5,13082.0,10954.0,1,0,0,10,536.0,1
4110,36,Riyadh,3,24382.0,14324.0,1,1,1,20,713.0,0
4111,18,Riyadh,2,23190.0,32787.0,1,1,0,11,729.0,0
4112,45,Makkah,11,58009.0,128857.0,2,1,1,28,688.0,0
4113,26,Dammam,12,10318.0,10959.0,1,1,1,23,549.0,0
4114,73,Madinah,11,32075.0,72632.0,2,1,1,16,641.0,0
4115,34,Makkah,7,81871.0,7828.0,1,1,0,14,684.0,1
4116,45,Makkah,10,40280.0,31557.0,1,1,0,12,558.0,1
4117,19,Jeddah,5,62828.0,92173.0,2,0,1,21,587.0,1
4118,25,Riyadh,0,17661.0,10105.0,1,1,1,24,639.0,0
4119,29,Riyadh,5,18016.0,31199.0,2,0,1,24,758.0,0
4120,20,Riyadh,10,82341.0,45301.0,2,1,1,22,678.0,0
4121,59,Riyadh,9,42218.0,73687.0,2,1,1,25,603.0,0
4122,71,Riyadh,14,42262.0,24605.0,3,1,0,16,636.0,1
4123,74,Dammam,14,22947.0,13100.0,4,1,0,12,592.0,1
4124,33,Jeddah,3,42209.0,33800.0,1,1,0,11,617.0,0
4125,62,Jeddah,0,22630.0,32138.0,2,1,0,12,717.0,1
4126,46,Jeddah,4,72652.0,78369.0,1,1,1,21,484.0,0
4127,20,Riyadh,13,156987.0,251464.0,1,1,0,11,784.0,0
4128,23,Riyadh,12,51122.0,5244.0,2,0,1,28,850.0,0
4129,49,Jeddah,1,29218.0,4052.0,2,1,0,12,668.0,0
4130,42,Makkah,2,11307.0,1829.0,3,0,1,22,576.0,0
4131,18,Dammam,8,17288.0,29975.0,2,0,0,16,756.0,0
4132,71,Madinah,9,87328.0,49819.0,2,0,0,7,684.0,0
4133,59,Jeddah,14,23990.0,21485.0,2,1,1,20,605.0,0
4134,46,Makkah,11,33342.0,48292.0,1,1,0,9,566.0,0
4135,74,Dammam,3,55696.0,57436.0,1,1,1,20,,0
4136,73,Madinah,0,84216.0,54342.0,2,1,0,12,676.0,0
4137,73,Riyadh,9,36323.0,2962.0,2,1,1,19,734.0,0
4138,32,Makkah,8,32783.0,32216.0,1,0,0,15,679.0,0
4139,68,Jeddah,13,41598.0,76968.0,1,1,0,14,695.0,1
4140,46,Jeddah,8,29325.0,16056.0,1,1,1,20,623.0,0
4141,59,Jeddah,7,30124.0,43804.0,2,1,1,28,730.0,0
4142,66,Jeddah,4,49313.0,4259.0,1,1,1,26,636.0,0
4143,27,Makkah,1,44031.0,63182.0,1,1,0,10,820.0,0
4144,43,Madinah,13,116518.0,274455.0,1,1,1,19,603.0,0
4145,25,Dammam,12,49982.0,4284.0,1,1,0,15,691.0,0
4146,33,Riyadh,2,71366.0,56038.0,2,1,1,17,850.0,0
4147,41,Jeddah,10,23491.0,22905.0,3,0,1,19,746.0,0
4148,66,Jeddah,5,52186.0,82893.0,1,0,0,21,722.0,0
4149,999,Dammam,6,27959.0,30315.0,2,1,0,13,680.0,0
4150,40,Riyadh,12,48909.0,73284.0,2,1,1,14,660.0,1
4151,36,Dammam,12,56628.0,31135.0,2,1,1,21,640.0,0
4152,48,Jeddah,2,41148.0,7321.0,1,1,1,18,604.0,0
4153,69,Riyadh,4,133741.0,169136.0,1,1,1,17,525.0,0
4154,73,Riyadh,12,81960.0,124577.0,3,1,1,25,716.0,0
4155,30,Riyadh,13,72303.0,149945.0,4,1,0,10,519.0,0
4156,28,Madinah,1,58814.0,78724.0,1,1,1,19,715.0,0
4157,58,Jeddah,12,96924.0,149651.0,2,1,1,25,632.0,0
4158,35,Jeddah,7,19565.0,21939.0,1,1,1,20,566.0,0
4159,29,Riyadh,8,,153323.0,1,1,1,15,784.0,0
4160,19,Makkah,1,24450.0,31111.0,1,0,1,22,522.0,0
4161,40,Riyadh,10,30268.0,60363.0,2,0,0,12,593.0,0
4162,40,Jeddah,10,53141.0,119087.0,1,1,1,16,604.0,0
4163,50,Dammam,9,74355.0,68471.0,1,1,0,13,671.0,0
4164,29,Riyadh,11,22544.0,38073.0,1,1,0,12,597.0,0
4165,58,Makkah,14,31062.0,55324.0,1,1,0,12,785.0,0
4166,56,Makkah,12,42141.0,20397.0,1,1,0,14,531.0,0
4167,44,Jeddah,11,36564.0,55144.0,2,1,1,16,850.0,0
4168,28,Jeddah,14,61514.0,70141.0,2,0,1,18,561.0,0
4169,46,Riyadh,10,223678.0,236010.0,2,0,0,13,850.0,0
4170,56,Dammam,10,49497.0,23105.0,2,1,0,13,753.0,0
4171,39,Riyadh,8,27789.0,43957.0,2,1,0,13,643.0,0
4172,33,Makkah,11,20989.0,34550.0,1,0,1,11,672.0,0
4173,46,Dammam,1,34111.0,29435.0,1,0,1,21,619.0,0
4174,38,Jeddah,7,25081.0,9387.0,3,1,1,14,684.0,1
4175,40,Riyadh,6,50705.0,56520.0,2,1,1,11,589.0,0
4176,37,Jeddah,13,50313.0,16204.0,2,1,1,20,719.0,0
4177,35,Riyadh,1,31838.0,18122.0,1,1,0,14,670.0,0
4178,58,Madinah,9,108280.0,92621.0,1,0,1,17,572.0,0
4179,44,Dammam,2,27786.0,40680.0,1,1,1,14,691.0,0
4180,44,Dammam,13,37808.0,40709.0,3,0,0,10,687.0,0
4181,55,Riyadh,12,55248.0,81129.0,2,0,1,28,591.0,0
4182,38,Jeddah,3,62694.0,95056.0,1,1,0,9,618.0,0
4183,23,Jeddah,13,,83711.0,1,1,1,21,704.0,0
4184,66,Madinah,7,49724.0,89371.0,1,1,0,15,753.0,0
4185,21,Dammam,14,67877.0,28602.0,1,1,1,28,644.0,0
4186,50,Riyadh,10,28780.0,24996.0,2,1,0,9,737.0,0
4187,33,Madinah,0,63516.0,11900.0,1,0,1,17,761.0,0
4188,30,Riyadh,3,63093.0,62642.0,3,1,1,16,774.0,0
4189,20,Dammam,6,85515.0,159868.0,2,1,0,15,696.0,0
4190,69,Makkah,3,17427.0,20093.0,3,0,0,11,571.0,0
4191,42,Dammam,1,25499.0,25644.0,3,1,1,26,733.0,0
4192,37,Madinah,14,60571.0,46680.0,3,0,0,10,639.0,0
4193,60,Makkah,13,10661.0,24629.0,4,0,0,12,697.0,0
4194,20,Riyadh,6,51329.0,48960.0,1,0,1,26,599.0,0
4195,50,Dammam,3,68180.0,34276.0,1,0,1,25,603.0,0
4196,46,Dammam,2,30086.0,49052.0,1,1,0,14,590.0,0
4197,49,Jeddah,13,32367.0,35436.0,2,1,1,21,534.0,0
4198,25,Madinah,4,23457.0,16570.0,2,1,0,18,600.0,0
4199,72,Makkah,0,30922.0,3114.0,1,1,1,22,560.0,0
4200,31,Jeddah,5,31373.0,12099.0,3,1,0,11,704.0,1
4201,56,Riyadh,6,28526.0,45366.0,2,1,0,16,557.0,0
4202,60,Riyadh,9,27755.0,30180.0,2,1,0,7,593.0,0
4203,37,Riyadh,5,35049.0,62850.0,1,1,1,17,654.0,0
4204,25,Jeddah,13,34837.0,9866.0,1,1,0,12,817.0,0
4205,34,Dammam,9,102443.0,140093.0,2,1,1,16,598.0,0
4206,63,Riyadh,14,32955.0,61288.0,1,0,1,21,,0
4207,69,Jeddah,5,47671.0,56652.0,2,1,1,21,537.0,0
4208,71,Riyadh,9,30078.0,35690.0,1,0,0,8,576.0,0
4209,30,Madinah,5,29888.0,33196.0,1,0,1,18,594.0,0
4210,52,Makkah,10,17117.0,26955.0,1,1,1,20,850.0,0
4211,26,Riyadh,11,18294.0,36912.0,2,1,0,13,739.0,0
4212,58,Riyadh,4,21950.0,14163.0,1,0,0,15,624.0,1
4213,41,Madinah,14,43996.0,53589.0,4,1,1,21,821.0,0
4214,58,Riyadh,12,68740.0,106912.0,1,1,1,11,602.0,0
4215,57,Makkah,13,16427.0,13704.0,3,0,1,15,615.0,1
4216,74,Riyadh,3,30499.0,10846.0,1,1,1,17,611.0,0
4217,45,Jeddah,10,20263.0,44101.0,1,1,0,8,744.0,0
4218,37,Dammam,1,35167.0,12272.0,4,1,0,17,647.0,1
4219,48,Jeddah,1,68726.0,27960.0,2,0,0,7,793.0,0
4220,27,Makkah,14,32098.0,51680.0,2,1,1,19,692.0,0
4221,24,Madinah,2,39193.0,6992.0,2,1,1,26,736.0,0
4222,47,Jeddah,12,83085.0,13210.0,1,0,1,26,495.0,0
4223,65,Jeddah,6,50461.0,9369.0,2,1,1,27,502.0,0
4224,48,Dammam,4,27445.0,7533.0,1,1,1,19,503.0,0
4225,62,Makkah,1,43454.0,30676.0,2,0,0,11,616.0,0
4226,28,Riyadh,10,26535.0,49850.0,3,1,1,18,514.0,1
4227,43,Jeddah,10,49525.0,40551.0,3,1,0,13,767.0,0
4228,52,Jeddah,7,51931.0,46966.0,2,1,0,12,637.0,0
4229,37,Riyadh,12,20260.0,29835.0,2,1,0,12,707.0,0
4230,18,Makkah,4,43808.0,25660.0,2,0,1,23,610.0,0
4231,22,Madinah,8,37843.0,35877.0,1,1,0,15,728.0,0
4232,70,Makkah,4,52698.0,38585.0,3,1,0,13,478.0,0
4233,52,Dammam,8,60820.0,46468.0,2,0,1,18,652.0,0
4234,33,Makkah,2,50956.0,34369.0,1,1,1,19,700.0,0
4235,32,Riyadh,7,34489.0,3079.0,2,1,1,22,706.0,0
4236,20,Riyadh,8,64002.0,119627.0,1,1,0,6,628.0,0
4237,71,Jeddah,8,25938.0,53277.0,3,0,0,17,499.0,1
4238,24,Jeddah,6,20738.0,35064.0,3,1,0,12,743.0,1
4239,61,Madinah,9,8122.0,687.0,1,1,0,18,616.0,1
4240,31,Makkah,7,38752.0,59576.0,1,1,0,12,626.0,1
4241,37,Jeddah,4,26615.0,28137.0,2,1,1,14,850.0,0
4242,33,Riyadh,3,48966.0,10505.0,1,1,1,28,664.0,0
4243,64,Riyadh,9,14979.0,30465.0,4,1,0,11,605.0,1
4244,19,Jeddah,14,29039.0,58031.0,1,0,0,8,601.0,0
4245,38,Dammam,11,50774.0,20515.0,1,1,1,16,713.0,0
4246,33,Madinah,9,23983.0,50350.0,1,1,1,24,579.0,0
4247,33,Riyadh,13,49248.0,18932.0,2,1,1,21,701.0,0
4248,28,Makkah,13,30378.0,35552.0,2,0,1,14,752.0,0
4249,70,Dammam,7,39482.0,14952.0,3,1,1,11,646.0,1
4250,39,Jeddah,1,54045.0,15196.0,4,1,1,22,744.0,0
4251,41,Riyadh,9,64628.0,136191.0,2,1,0,10,650.0,0
4252,39,Riyadh,9,42035.0,53611.0,1,0,1,17,592.0,0
4253,73,Dammam,4,26715.0,13650.0,1,1,1,18,503.0,0
4254,37,Makkah,12,31920.0,60049.0,3,0,0,13,678.0,0
4255,37,Dammam,13,55187.0,120116.0,1,0,1,17,682.0,0
4256,36,Makkah,4,24086.0,39902.0,3,1,0,14,741.0,0
4257,36,Jeddah,7,36716.0,69533.0,3,1,1,22,733.0,0
4258,23,Riyadh,2,33092.0,49618.0,2,1,0,12,839.0,0
4259,52,Riyadh,2,38113.0,40937.0,2,0,1,18,602.0,0
4260,19,Makkah,3,24230.0,15230.0,4,0,1,29,,0
4261,30,Jeddah,5,15899.0,27666.0,2,1,1,20,590.0,0
4262,29,Makkah,4,52071.0,14223.0,2,0,1,18,739.0,0
4263,34,Jeddah,2,64995.0,21074.0,1,1,0,6,573.0,0
4264,61,Riyadh,6,16382.0,14461.0,2,0,0,7,734.0,0
4265,52,Dammam,9,48265.0,32285.0,1,0,1,29,589.0,0
4266,74,Dammam,4,68981.0,78043.0,3,1,1,19,,0
4267,38,Dammam,8,54066.0,103145.0,2,0,1,23,764.0,0
4268,70,Riyadh,4,32587.0,29797.0,2,1,0,15,513.0,1
4269,20,Riyadh,10,25041.0,32044.0,1,1,1,18,531.0,0
4270,46,Jeddah,9,41793.0,40211.0,3,0,1,24,675.0,0
4271,63,Jeddah,14,45428.0,83095.0,1,1,1,21,666.0,0
4272,48,Riyadh,0,42104.0,8252.0,2,1,0,12,628.0,1
4273,71,Jeddah,12,36678.0,7069.0,1,1,1,31,611.0,0
4274,35,Dammam,5,23358.0,28612.0,3,0,1,25,575.0,0
4275,19,Jeddah,0,49580.0,40932.0,2,1,1,20,685.0,0
4276,62,Riyadh,10,50789.0,48808.0,2,1,0,15,568.0,0
4277,21,Madinah,2,44374.0,26079.0,1,0,1,21,687.0,1
4278,61,Riyadh,2,42425.0,5839.0,1,0,0,6,603.0,0
4279,59,Riyadh,14,92932.0,163799.0,1,0,1,17,621.0,0
4280,66,Riyadh,3,29372.0,22331.0,1,0,1,22,762.0,0
4281,45,Riyadh,8,76170.0,74182.0,2,0,1,26,744.0,0
4282,69,Dammam,3,27805.0,43023.0,2,1,1,23,563.0,0
4283,27,Riyadh,1,69876.0,82133.0,1,1,1,28,578.0,0
4284,42,Riyadh,0,74361.0,27379.0,2,1,1,17,727.0,0
4285,24,Riyadh,0,34665.0,34765.0,1,0,1,16,524.0,0
4286,61,Riyadh,7,92086.0,30056.0,1,0,1,14,790.0,0
4287,58,Jeddah,6,50742.0,21860.0,3,1,1,26,667.0,1
4288,63,Riyadh,0,25884.0,28098.0,1,1,0,7,601.0,1
4289,61,Riyadh,5,33287.0,9676.0,2,1,0,10,654.0,0
4290,35,Makkah,4,70713.0,38718.0,3,0,0,13,780.0,0
4291,21,Jeddah,8,63674.0,120539.0,2,0,1,24,465.0,0
4292,70,Riyadh,14,23647.0,45046.0,2,1,1,18,745.0,0
4293,46,Jeddah,10,37435.0,78485.0,2,1,1,28,761.0,0
4294,23,Riyadh,13,44434.0,97412.0,3,0,1,18,626.0,0
4295,70,Riyadh,2,,17237.0,3,1,1,21,647.0,1
4296,74,Riyadh,3,130470.0,145081.0,1,0,1,23,675.0,0
4297,43,Riyadh,11,45109.0,41889.0,2,1,1,7,721.0,0
4298,61,Riyadh,4,38913.0,49535.0,3,1,1,19,588.0,1
4299,20,Riyadh,12,72797.0,64674.0,3,1,0,13,656.0,1
4300,23,Jeddah,6,33436.0,2256.0,1,1,1,24,644.0,0
4301,33,Riyadh,3,66417.0,14223.0,1,1,1,17,718.0,0
4302,55,Riyadh,12,17433.0,32578.0,2,1,0,11,850.0,0
4303,25,Madinah,8,31990.0,7695.0,1,1,1,21,587.0,1
4304,19,Dammam,12,67815.0,99733.0,2,1,1,24,664.0,0
4305,56,Dammam,6,88001.0,148010.0,2,1,1,22,590.0,0
4306,61,Jeddah,1,27265.0,32195.0,1,0,1,24,609.0,0
4307,60,Jeddah,10,25722.0,25059.0,1,1,0,11,556.0,1
4308,63,Dammam,1,53302.0,19727.0,3,1,1,19,518.0,1
4309,63,Jeddah,9,29392.0,59141.0,3,1,0,14,759.0,0
4310,52,Makkah,6,35091.0,39746.0,3,1,0,6,686.0,0
4311,47,Makkah,11,62206.0,61502.0,3,1,1,23,665.0,0
4312,66,Riyadh,13,30575.0,71435.0,4,1,1,19,574.0,1
4313,37,Riyadh,6,15022.0,7065.0,2,0,1,22,645.0,0
4314,23,Riyadh,13,20941.0,23887.0,1,1,0,13,548.0,0
4315,60,Jeddah,1,40335.0,8790.0,3,0,1,21,652.0,0
4316,33,Makkah,1,15808.0,3835.0,2,1,1,13,682.0,0
4317,73,Jeddah,14,34593.0,36929.0,1,1,1,23,605.0,0
4318,41,Jeddah,8,20009.0,29820.0,4,1,0,12,584.0,0
4319,66,Jeddah,6,91123.0,64134.0,1,1,0,12,615.0,0
4320,20,Dammam,2,118489.0,136844.0,3,0,1,16,735.0,0
4321,55,Jeddah,4,23645.0,34546.0,2,1,1,13,671.0,0
4322,43,Jeddah,10,45633.0,90524.0,1,0,0,9,510.0,1
4323,44,Dammam,12,24830.0,4562.0,3,0,1,19,718.0,0
4324,33,Dammam,13,34384.0,66487.0,2,1,1,19,702.0,0
4325,73,Dammam,6,98887.0,33855.0,2,1,1,27,677.0,1
4326,40,Dammam,6,31782.0,43898.0,2,0,1,22,801.0,0
4327,66,Dammam,2,34786.0,22534.0,1,1,1,22,656.0,0
4328,42,Madinah,1,25053.0,28313.0,1,0,0,10,691.0,0
4329,20,Dammam,6,71189.0,33321.0,1,1,0,9,699.0,0
4330,68,Jeddah,8,8000.0,11035.0,1,0,0,15,730.0,1
4331,28,Madinah,1,32164.0,7835.0,1,0,1,10,633.0,0
4332,33,Madinah,6,39225.0,15100.0,2,1,0,8,596.0,0
4333,67,Jeddah,9,28838.0,39347.0,1,1,0,15,740.0,0
4334,68,Makkah,12,61807.0,53235.0,2,1,0,13,739.0,0
4335,999,Madinah,14,73205.0,133219.0,1,1,1,12,,0
4336,42,Riyadh,5,19811.0,25841.0,1,1,1,18,689.0,1
4337,61,Jeddah,5,114318.0,135948.0,3,1,1,12,513.0,0
4338,36,Jeddah,13,19700.0,36057.0,4,1,1,23,667.0,0
4339,60,Dammam,10,76444.0,137737.0,3,1,1,22,661.0,0
4340,46,Madinah,4,43257.0,71196.0,1,1,1,24,765.0,1
4341,20,Riyadh,10,31199.0,7804.0,2,0,1,24,748.0,1
4342,41,Makkah,2,,31614.0,1,0,0,7,708.0,0
4343,44,Makkah,6,39468.0,58272.0,2,1,1,18,467.0,0
4344,32,Dammam,4,44543.0,19487.0,3,1,0,6,580.0,1
4345,39,Jeddah,14,25335.0,18617.0,1,1,1,10,620.0,0
4346,46,Jeddah,0,35704.0,15606.0,3,1,1,19,623.0,0
4347,20,Riyadh,12,27301.0,38435.0,2,1,0,10,668.0,0
4348,26,Riyadh,4,21861.0,15240.0,1,1,0,18,785.0,0
4349,61,Riyadh,0,26671.0,27093.0,1,1,1,18,723.0,0
4350,38,Riyadh,9,22584.0,30613.0,3,0,1,22,570.0,1
4351,52,Dammam,10,32530.0,48932.0,2,1,1,24,579.0,0
4352,50,Makkah,2,49823.0,22791.0,1,0,0,15,572.0,0
4353,49,Riyadh,0,42632.0,49568.0,1,0,1,17,644.0,1
4354,41,Dammam,1,107707.0,114546.0,4,1,1,16,733.0,1
4355,45,Riyadh,6,13290.0,4137.0,1,0,1,22,,1
4356,64,Jeddah,1,50750.0,18131.0,4,1,1,10,621.0,0
4357,73,Riyadh,10,40264.0,29377.0,2,1,1,18,651.0,0
4358,32,Riyadh,1,60345.0,89167.0,1,1,0,16,807.0,0
4359,56,Makkah,11,57425.0,46570.0,1,0,1,21,522.0,0
4360,73,Jeddah,13,36957.0,4807.0,2,1,0,16,711.0,0
4361,18,Riyadh,10,43753.0,16759.0,1,1,0,7,702.0,0
4362,62,Riyadh,14,27666.0,4546.0,1,1,1,22,626.0,0
4363,46,Makkah,14,54548.0,58803.0,1,1,1,21,654.0,0
4364,73,Jeddah,0,15687.0,18917.0,3,1,1,24,689.0,0
4365,50,Madinah,5,59184.0,52018.0,2,1,0,13,629.0,0
4366,65,Jeddah,11,39672.0,77882.0,2,1,0,19,597.0,0
4367,27,Jeddah,5,31460.0,4676.0,1,1,0,10,589.0,0
4368,26,Jeddah,11,35730.0,40489.0,2,1,1,16,821.0,0
4369,70,Makkah,11,37064.0,68437.0,2,1,0,12,614.0,0
4370,48,Makkah,14,76776.0,134219.0,1,1,1,22,676.0,0
4371,49,Riyadh,4,202146.0,312097.0,4,0,1,24,741.0,0
4372,27,Jeddah,5,73861.0,41275.0,3,1,1,14,638.0,1
4373,30,Riyadh,0,30253.0,23483.0,1,1,1,20,656.0,0
4374,64,Madinah,4,,68064.0,3,1,1,26,701.0,1
4375,35,Dammam,4,56200.0,19848.0,2,1,1,13,579.0,0
4376,51,Riyadh,6,25271.0,40504.0,2,1,1,18,514.0,1
4377,36,Jeddah,6,21367.0,13934.0,1,1,1,24,586.0,0
4378,33,Jeddah,12,38885.0,11528.0,3,0,0,9,809.0,1
4379,27,Madinah,11,60105.0,108094.0,2,1,1,22,604.0,0
4380,70,Jeddah,10,17928.0,28836.0,3,0,0,10,664.0,0
4381,71,Riyadh,0,27989.0,37263.0,1,1,1,17,533.0,0
4382,24,Dammam,7,53441.0,96928.0,1,1,1,28,776.0,0
4383,38,Riyadh,10,40981.0,27900.0,4,1,1,24,627.0,0
4384,50,Dammam,3,81482.0,91828.0,2,1,0,16,617.0,0
4385,39,Jeddah,6,19817.0,38610.0,1,0,0,7,640.0,0
4386,59,Makkah,10,130103.0,78749.0,3,0,0,11,850.0,0
4387,32,Jeddah,11,18602.0,21212.0,1,1,0,14,692.0,0
4388,21,Riyadh,12,14551.0,31890.0,3,0,1,24,637.0,0
4389,37,Madinah,6,38970.0,10105.0,3,1,1,20,394.0,0
4390,52,Madinah,5,22760.0,39715.0,1,1,1,20,774.0,1
4391,28,Jeddah,5,39365.0,37290.0,2,1,1,19,591.0,0
4392,64,Dammam,10,38682.0,78036.0,4,1,1,25,577.0,0
4393,18,Jeddah,6,36392.0,44991.0,3,1,0,10,585.0,1
4394,21,Jeddah,6,26339.0,35048.0,2,1,1,20,784.0,0
4395,47,Riyadh,2,49828.0,64174.0,2,1,1,18,651.0,0
4396,47,Jeddah,7,34246.0,6812.0,2,0,0,14,516.0,1
4397,34,Riyadh,3,69691.0,76960.0,1,1,1,25,639.0,0
4398,32,Makkah,7,36674.0,68804.0,2,1,0,10,,0
4399,21,Makkah,13,24777.0,58722.0,1,1,0,10,685.0,0
4400,55,Riyadh,11,17260.0,38901.0,1,1,1,21,617.0,1
4401,39,Dammam,7,36825.0,49041.0,1,1,0,10,512.0,0
4402,24,Riyadh,14,21277.0,35023.0,3,1,1,13,645.0,1
4403,40,Riyadh,14,20435.0,29566.0,1,1,0,11,647.0,0
4404,71,Riyadh,6,52247.0,63231.0,1,1,1,18,542.0,1
4405,32,Jeddah,11,16501.0,23980.0,1,1,1,27,475.0,0
4406,68,Makkah,5,81316.0,11333.0,1,1,0,15,684.0,1
4407,32,Riyadh,13,43471.0,12829.0,4,1,0,15,629.0,0
4408,28,Madinah,5,39265.0,46537.0,1,1,1,25,635.0,0
4409,32,Jeddah,3,23924.0,13911.0,1,0,1,24,720.0,0
4410,36,Riyadh,2,58817.0,31513.0,4,1,1,22,481.0,0
4411,24,Jeddah,12,40077.0,21192.0,1,1,1,19,659.0,0
4412,51,Dammam,4,28480.0,41406.0,2,1,0,15,712.0,0
4413,37,Jeddah,12,44352.0,102774.0,3,1,1,28,638.0,0
4414,58,Jeddah,1,17303.0,17446.0,2,1,1,19,524.0,0
4415,45,Riyadh,7,17718.0,33986.0,1,0,1,19,592.0,0
4416,43,Dammam,6,22923.0,39683.0,2,1,1,10,612.0,0
4417,44,Jeddah,6,47799.0,22742.0,2,1,1,15,513.0,1
4418,26,Madinah,2,40070.0,12016.0,2,1,1,27,687.0,0
4419,58,Jeddah,1,67812.0,25405.0,1,1,1,34,657.0,0
4420,23,Riyadh,5,25337.0,6002.0,3,1,0,12,595.0,0
4421,59,Makkah,7,53494.0,64647.0,2,1,1,17,744.0,0
4422,74,Riyadh,11,37914.0,27023.0,2,1,0,8,607.0,0
4423,61,Riyadh,6,25046.0,44728.0,3,1,1,22,786.0,1
4424,43,Dammam,3,48662.0,52572.0,3,0,0,18,631.0,1
4425,35,Riyadh,3,38832.0,25518.0,2,1,1,28,568.0,0
4426,67,Jeddah,9,29303.0,62788.0,1,1,0,9,570.0,1
4427,32,Jeddah,6,40987.0,76308.0,1,1,0,14,662.0,0
4428,45,Makkah,13,37618.0,73180.0,2,1,0,13,557.0,1
4429,61,Jeddah,6,37166.0,57879.0,1,0,1,19,667.0,0
4430,70,Dammam,8,32653.0,67065.0,2,1,0,10,617.0,1
4431,70,Madinah,0,20900.0,19242.0,2,1,1,20,614.0,0
4432,-1,Dammam,2,41664.0,60772.0,2,1,1,22,650.0,0
4433,69,Riyadh,12,26867.0,6190.0,1,1,1,18,743.0,0
4434,24,Makkah,5,24097.0,25705.0,3,1,1,19,604.0,0
4435,51,Makkah,6,35584.0,36020.0,2,0,1,22,670.0,0
4436,70,Jeddah,8,57931.0,8491.0,2,0,1,27,696.0,0
4437,55,Dammam,0,44038.0,7754.0,2,1,0,7,546.0,0
4438,72,Jeddah,7,30774.0,3393.0,1,1,1,15,700.0,0
4439,37,Riyadh,5,30162.0,17959.0,2,0,1,28,726.0,0
4440,35,Dammam,2,55155.0,7741.0,1,0,0,10,742.0,0
4441,36,Jeddah,6,12108.0,10445.0,2,1,0,14,551.0,0
4442,38,Riyadh,6,59795.0,95494.0,1,0,1,16,562.0,0
4443,56,Jeddah,2,15725.0,16261.0,1,1,1,27,647.0,0
4444,43,Jeddah,8,19777.0,28435.0,1,1,0,17,642.0,1
4445,60,Makkah,11,31035.0,4603.0,1,0,1,18,655.0,1
4446,41,Madinah,4,,180644.0,3,0,0,11,630.0,0
4447,35,Dammam,14,92847.0,41350.0,3,1,1,27,676.0,0
4448,28,Madinah,9,57139.0,40501.0,1,0,1,20,426.0,0
4449,150,Riyadh,11,47967.0,59431.0,1,1,1,16,714.0,0
4450,69,Riyadh,1,15817.0,23226.0,2,0,1,18,784.0,0
4451,66,Makkah,11,43407.0,100741.0,1,1,1,16,605.0,0
4452,32,Dammam,5,30497.0,45168.0,2,1,0,9,671.0,1
4453,45,Makkah,10,26680.0,44322.0,1,1,0,16,804.0,0
4454,58,Dammam,12,43365.0,56558.0,2,0,1,16,657.0,0
4455,52,Riyadh,3,31712.0,37022.0,4,1,1,20,681.0,1
4456,21,Dammam,3,61985.0,18492.0,1,1,1,21,822.0,1
4457,51,Riyadh,0,15245.0,6713.0,4,0,1,10,835.0,0
4458,20,Jeddah,9,41669.0,89285.0,3,1,1,18,559.0,0
4459,24,Dammam,11,25860.0,58940.0,4,1,1,30,616.0,0
4460,55,Dammam,6,32702.0,22035.0,2,0,1,18,734.0,0
4461,23,Jeddah,2,46738.0,20540.0,3,1,0,19,699.0,0
4462,37,Dammam,4,22956.0,10545.0,2,1,1,22,716.0,0
4463,51,Madinah,6,43570.0,42654.0,3,0,1,19,418.0,0
4464,55,Riyadh,13,36092.0,22300.0,1,0,1,20,478.0,0
4465,43,Riyadh,1,28845.0,29994.0,2,1,1,22,813.0,0
4466,23,Riyadh,5,31720.0,6284.0,2,1,1,20,723.0,0
4467,63,Jeddah,9,37150.0,10791.0,1,0,0,13,686.0,1
4468,72,Riyadh,3,27339.0,14197.0,1,1,1,19,541.0,0
4469,68,Jeddah,13,40277.0,78239.0,1,1,0,10,617.0,0
4470,60,Riyadh,13,34923.0,29893.0,1,0,1,12,705.0,0
4471,40,Riyadh,5,29565.0,27077.0,1,1,1,20,528.0,0
4472,67,Riyadh,11,,138036.0,1,1,1,13,595.0,0
4473,45,Madinah,11,49396.0,91370.0,1,1,1,26,689.0,0
4474,25,Riyadh,10,33145.0,24625.0,2,1,0,17,706.0,0
4475,66,Riyadh,2,43171.0,52707.0,1,0,1,21,607.0,0
4476,36,Riyadh,0,24019.0,11164.0,1,0,0,15,741.0,1
4477,71,Madinah,5,32261.0,39700.0,1,0,1,11,739.0,0
4478,38,Jeddah,1,34199.0,25272.0,1,1,0,7,492.0,1
4479,67,Makkah,4,21517.0,35984.0,1,1,1,25,800.0,0
4480,48,Riyadh,9,48712.0,104115.0,4,0,1,11,,0
4481,44,Riyadh,8,31169.0,51163.0,1,1,1,18,672.0,0
4482,34,Jeddah,3,33600.0,53224.0,1,1,1,19,641.0,0
4483,65,Dammam,0,30201.0,7488.0,2,1,0,17,724.0,0
4484,21,Makkah,3,176230.0,202456.0,3,1,1,16,716.0,0
4485,44,Riyadh,6,28816.0,12648.0,2,1,1,22,628.0,0
4486,39,Madinah,11,14266.0,9986.0,1,1,1,24,796.0,0
4487,48,Jeddah,5,18034.0,18216.0,2,1,0,9,462.0,0
4488,32,Jeddah,4,58668.0,79264.0,2,1,1,22,596.0,0
4489,55,Makkah,8,78294.0,120153.0,1,1,1,17,698.0,0
4490,39,Jeddah,1,28541.0,39280.0,4,0,0,12,648.0,1
4491,28,Makkah,3,76075.0,75321.0,4,1,0,14,721.0,1
4492,29,Jeddah,0,58151.0,81016.0,2,1,1,17,530.0,0
4493,57,Riyadh,7,36507.0,65915.0,1,0,0,8,631.0,0
4494,32,Riyadh,6,35234.0,58681.0,2,0,1,17,757.0,0
4495,35,Madinah,8,43934.0,23545.0,4,1,0,13,520.0,1
4496,53,Makkah,9,62238.0,74055.0,3,0,0,17,635.0,0
4497,36,Madinah,5,48955.0,68387.0,1,1,1,22,607.0,0
4498,40,Dammam,13,28612.0,69179.0,1,0,0,17,686.0,0
4499,31,Dammam,13,36787.0,4060.0,1,0,0,13,689.0,0
4500,37,Riyadh,1,108081.0,59502.0,3,1,0,11,670.0,0
4501,57,Dammam,13,45506.0,41027.0,2,0,0,15,628.0,0
4502,48,Jeddah,2,61986.0,31936.0,1,0,1,18,662.0,0
4503,74,Jeddah,3,52572.0,74681.0,1,1,1,17,640.0,0
4504,61,Dammam,7,46013.0,7165.0,1,1,1,21,652.0,0
4505,18,Riyadh,0,42377.0,24205.0,3,1,0,6,785.0,0
4506,39,Jeddah,5,62862.0,85016.0,1,1,0,11,548.0,1
4507,34,Makkah,2,57487.0,40456.0,1,0,1,25,686.0,0
4508,51,Makkah,7,45796.0,16006.0,2,1,0,12,570.0,0
4509,33,Jeddah,12,28371.0,42476.0,2,1,0,11,829.0,1
4510,73,Jeddah,13,48668.0,64867.0,2,0,0,9,663.0,0
4511,150,Jeddah,3,38812.0,65775.0,3,0,1,16,540.0,0
4512,47,Riyadh,8,34402.0,54682.0,1,1,1,20,633.0,1
4513,25,Riyadh,7,153183.0,306050.0,1,0,0,19,534.0,0
4514,69,Makkah,6,18592.0,7739.0,1,0,0,12,595.0,1
4515,69,Riyadh,9,64813.0,108481.0,2,1,1,21,712.0,0
4516,63,Jeddah,14,26073.0,37670.0,3,1,0,7,775.0,1
4517,38,Jeddah,6,42856.0,60345.0,1,1,1,8,752.0,0
4518,21,Madinah,0,144972.0,105532.0,2,0,1,21,655.0,0
4519,58,Dammam,13,24805.0,14651.0,2,1,0,10,704.0,1
4520,42,Makkah,13,27947.0,5364.0,4,1,0,14,726.0,0
4521,74,Dammam,4,39785.0,60418.0,2,1,1,18,850.0,0
4522,57,Riyadh,7,26275.0,43682.0,1,1,1,16,598.0,0
4523,48,Jeddah,12,62444.0,28543.0,2,1,1,18,792.0,0
4524,74,Riyadh,7,30722.0,40874.0,3,0,1,23,555.0,1
4525,63,Jeddah,7,55659.0,84135.0,2,1,1,26,762.0,0
4526,44,Riyadh,13,20649.0,29252.0,3,1,1,21,596.0,0
4527,19,Madinah,12,16262.0,13269.0,1,1,0,8,,0
4528,23,Riyadh,7,35793.0,64139.0,2,1,0,12,628.0,0
4529,43,Riyadh,2,18320.0,19780.0,1,1,0,16,582.0,0
4530,50,Jeddah,6,85745.0,121982.0,1,1,1,19,697.0,0
4531,19,Riyadh,10,18678.0,27893.0,1,0,0,13,762.0,1
4532,25,Riyadh,4,23889.0,31415.0,1,1,1,21,462.0,0
4533,58,Madinah,8,49356.0,17990.0,1,1,1,22,639.0,0
4534,60,Riyadh,9,29936.0,60239.0,2,1,1,22,555.0,0
4535,19,Dammam,1,18785.0,9160.0,3,0,1,29,733.0,0
4536,46,Dammam,8,111300.0,196801.0,1,1,1,25,789.0,0
4537,22,Riyadh,11,24323.0,50723.0,1,1,0,14,637.0,0
4538,59,Riyadh,3,36384.0,41602.0,1,1,1,23,590.0,1
4539,65,Jeddah,8,36149.0,46435.0,1,1,1,18,508.0,0
4540,67,Makkah,10,57248.0,17872.0,1,1,1,16,831.0,0
4541,52,Dammam,0,50573.0,34517.0,2,0,1,22,774.0,0
4542,53,Riyadh,9,26545.0,36061.0,3,1,0,10,475.0,0
4543,70,Riyadh,3,34101.0,6616.0,2,1,1,25,712.0,0
4544,52,Dammam,5,35830.0,9478.0,2,1,1,24,553.0,0
4545,43,Jeddah,9,,126144.0,2,1,1,17,610.0,0
4546,61,Riyadh,0,22378.0,11899.0,1,1,1,15,540.0,0
4547,51,Dammam,0,110090.0,61332.0,1,1,0,15,481.0,0
4548,66,Madinah,6,27458.0,14803.0,1,0,1,18,649.0,1
4549,47,Madinah,14,39960.0,67030.0,1,1,0,8,825.0,0
4550,67,Dammam,0,22472.0,16538.0,3,1,1,21,569.0,0
4551,20,Madinah,11,20972.0,38882.0,2,1,0,10,732.0,0
4552,20,Jeddah,1,25920.0,21585.0,2,0,0,14,747.0,0
4553,23,Riyadh,7,24704.0,2413.0,1,1,1,20,717.0,0
4554,49,Jeddah,6,32626.0,31806.0,1,0,1,9,833.0,0
4555,58,Dammam,7,24600.0,4318.0,3,1,1,20,738.0,0
4556,30,Makkah,1,56828.0,74518.0,1,1,1,23,818.0,0
4557,26,Madinah,11,27133.0,9034.0,2,1,1,18,549.0,0
4558,67,Jeddah,4,25670.0,11231.0,1,0,1,19,720.0,0
4559,60,Jeddah,11,32975.0,36644.0,1,1,1,27,789.0,0
4560,54,Riyadh,9,65935.0,31838.0,1,1,1,22,587.0,1
4561,45,Dammam,8,44687.0,52043.0,3,1,1,23,341.0,0
4562,41,Dammam,4,38183.0,32899.0,1,1,1,17,540.0,0
4563,19,Dammam,9,19604.0,40682.0,2,0,1,23,587.0,0
4564,28,Riyadh,14,22667.0,6864.0,1,0,1,28,703.0,0
4565,69,Jeddah,13,21180.0,30972.0,2,0,1,22,601.0,0
4566,37,Riyadh,13,77144.0,139326.0,2,1,1,19,658.0,0
4567,58,Jeddah,3,52328.0,14145.0,2,0,1,24,601.0,0
4568,58,Riyadh,8,26087.0,35531.0,1,1,1,19,641.0,0
4569,35,Madinah,5,30267.0,49303.0,1,1,0,14,647.0,0
4570,29,Makkah,14,26565.0,53829.0,3,1,0,15,596.0,0
4571,57,Dammam,14,25773.0,61603.0,2,1,1,18,726.0,0
4572,23,Riyadh,13,50521.0,91266.0,1,1,0,4,779.0,0
4573,46,Jeddah,2,34760.0,23755.0,1,1,1,21,550.0,0
4574,68,Riyadh,4,113616.0,188783.0,1,1,0,13,681.0,0
4575,58,Riyadh,10,74995.0,42383.0,2,1,0,16,529.0,0
4576,61,Jeddah,11,77245.0,107322.0,1,0,1,17,500.0,0
4577,22,Riyadh,5,56144.0,81423.0,1,1,1,25,749.0,0
4578,29,Madinah,2,32489.0,46988.0,1,1,1,21,834.0,0
4579,33,Madinah,2,54117.0,82089.0,2,1,0,13,626.0,0
4580,34,Madinah,10,33711.0,8759.0,3,0,0,13,818.0,0
4581,29,Riyadh,6,90684.0,130007.0,2,0,0,10,601.0,0
4582,73,Jeddah,7,49126.0,22944.0,2,0,0,4,634.0,1
4583,27,Riyadh,12,45761.0,86377.0,2,1,0,11,805.0,0
4584,58,Dammam,0,42768.0,45591.0,1,0,1,15,572.0,0
4585,51,Jeddah,11,95811.0,46477.0,2,1,0,11,742.0,0
4586,52,Jeddah,4,19597.0,29574.0,1,1,1,19,621.0,1
4587,30,Riyadh,13,100624.0,119474.0,1,0,1,15,595.0,0
4588,35,Riyadh,14,36568.0,52132.0,2,1,0,10,608.0,1
4589,52,Riyadh,7,19869.0,39123.0,1,0,1,18,457.0,1
4590,35,Riyadh,4,27554.0,33134.0,2,1,1,18,766.0,0
4591,57,Riyadh,3,17581.0,18265.0,2,0,0,13,672.0,0
4592,20,Makkah,2,55650.0,4549.0,1,1,1,22,642.0,0
4593,22,Riyadh,14,23881.0,13757.0,1,1,1,14,590.0,0
4594,59,Riyadh,2,43666.0,4252.0,2,0,1,22,682.0,0
4595,53,Madinah,6,70764.0,49060.0,2,0,1,15,737.0,0
4596,20,Makkah,7,28681.0,21278.0,3,1,0,19,628.0,1
4597,69,Jeddah,10,35100.0,43119.0,1,1,1,19,740.0,0
4598,18,Makkah,12,20917.0,35146.0,3,0,1,22,677.0,0
4599,72,Riyadh,8,33051.0,14346.0,1,1,1,21,645.0,0
4600,59,Dammam,11,145366.0,207832.0,1,1,1,18,747.0,0
4601,74,Madinah,8,59217.0,114375.0,2,1,1,18,610.0,0
4602,72,Jeddah,6,35159.0,14547.0,1,1,1,23,541.0,1
4603,35,Riyadh,2,29559.0,32700.0,1,1,1,16,648.0,0
4604,61,Jeddah,3,39288.0,5246.0,1,1,1,21,657.0,1
4605,30,Dammam,6,42831.0,45667.0,3,1,0,15,634.0,1
4606,44,Makkah,0,32548.0,36624.0,3,1,1,20,760.0,0
4607,31,Jeddah,4,52315.0,6238.0,4,1,0,9,700.0,1
4608,45,Riyadh,6,24916.0,17291.0,1,0,1,24,642.0,0
4609,67,Dammam,7,24855.0,44394.0,2,1,1,17,652.0,0
4610,42,Riyadh,12,48296.0,29128.0,3,0,1,19,662.0,0
4611,23,Riyadh,14,22375.0,41772.0,1,0,0,15,700.0,1
4612,36,Riyadh,10,57786.0,81283.0,1,1,1,17,661.0,0
4613,62,Jeddah,1,39849.0,12023.0,1,1,0,10,640.0,0
4614,47,Jeddah,6,16091.0,23543.0,2,0,1,19,532.0,0
4615,49,Dammam,10,42393.0,52240.0,2,0,0,11,590.0,1
4616,42,Riyadh,8,17282.0,5140.0,1,1,1,17,677.0,0
4617,34,Jeddah,6,56765.0,105274.0,1,1,1,19,673.0,0
4618,52,Dammam,6,35442.0,35171.0,2,1,0,13,520.0,0
4619,54,Jeddah,6,101270.0,148814.0,2,1,1,14,610.0,0
4620,69,Makkah,8,68573.0,35105.0,1,1,0,10,573.0,1
4621,53,Madinah,2,23615.0,6466.0,1,0,0,16,775.0,0
4622,74,Riyadh,7,14612.0,22190.0,4,1,1,17,674.0,1
4623,65,Madinah,3,27514.0,32497.0,2,1,0,12,691.0,0
4624,22,Madinah,10,21794.0,14628.0,2,1,0,9,646.0,0
4625,40,Jeddah,12,99994.0,181127.0,2,1,1,26,604.0,0
4626,39,Makkah,7,39928.0,42165.0,4,0,0,8,614.0,1
4627,18,Jeddah,5,64005.0,44441.0,1,1,0,10,701.0,0
4628,28,Makkah,14,34804.0,70467.0,1,0,1,21,630.0,0
4629,61,Dammam,9,36687.0,50235.0,1,1,1,25,699.0,0
4630,38,Madinah,6,39485.0,40322.0,3,0,1,13,667.0,0
4631,26,Riyadh,0,69792.0,81727.0,1,1,1,11,684.0,0
4632,34,Dammam,0,46902.0,39398.0,1,1,1,22,686.0,0
4633,33,Riyadh,3,23655.0,38380.0,1,0,0,5,605.0,0
4634,27,Madinah,3,90333.0,128418.0,2,1,1,27,631.0,1
4635,23,Riyadh,10,34669.0,29609.0,2,0,1,23,735.0,0
4636,61,Jeddah,7,31960.0,31243.0,1,1,0,12,818.0,0
4637,64,Makkah,14,9752.0,23842.0,1,1,1,23,734.0,0
4638,46,Jeddah,8,55116.0,104018.0,2,0,1,28,405.0,0
4639,53,Dammam,13,42214.0,22792.0,1,0,1,27,586.0,0
4640,70,Jeddah,8,42191.0,26447.0,2,0,0,7,665.0,1
4641,66,Jeddah,5,32813.0,23724.0,1,1,1,14,554.0,0
4642,19,Makkah,10,30103.0,59865.0,3,1,1,14,550.0,0
4643,72,Madinah,6,33363.0,60493.0,1,0,0,13,616.0,1
4644,21,Jeddah,4,50594.0,73669.0,2,0,1,17,686.0,0
4645,19,Dammam,7,55246.0,33545.0,1,1,0,14,711.0,0
4646,40,Jeddah,9,35756.0,69279.0,1,0,0,13,621.0,0
4647,60,Madinah,5,64503.0,7876.0,2,1,1,23,616.0,0
4648,22,Dammam,10,38581.0,38373.0,2,1,1,21,578.0,0
4649,34,Jeddah,14,31191.0,31686.0,2,0,0,14,699.0,0
4650,32,Jeddah,6,44321.0,47598.0,2,1,0,8,694.0,0
4651,40,Riyadh,4,20339.0,21061.0,2,0,1,16,734.0,0
4652,74,Madinah,6,45087.0,22088.0,3,1,0,14,666.0,0
4653,36,Riyadh,12,18563.0,10294.0,1,1,1,14,534.0,1
4654,29,Riyadh,2,24008.0,32091.0,3,0,1,21,621.0,0
4655,24,Jeddah,14,14627.0,3991.0,1,1,1,26,729.0,0
4656,29,Dammam,6,36770.0,36580.0,1,1,1,16,497.0,0
4657,25,Dammam,12,89753.0,47086.0,2,1,0,17,651.0,0
4658,50,Riyadh,11,37853.0,30121.0,1,0,0,11,679.0,1
4659,41,Riyadh,11,55370.0,38799.0,1,1,1,15,836.0,0
4660,46,Riyadh,13,130113.0,231294.0,1,0,0,6,609.0,0
4661,65,Dammam,2,49120.0,38429.0,2,0,0,10,644.0,0
4662,51,Madinah,8,27375.0,18557.0,2,0,1,23,805.0,0
4663,26,Madinah,1,29326.0,38659.0,1,1,0,12,600.0,0
4664,39,Jeddah,4,40148.0,8402.0,1,0,1,21,751.0,0
4665,35,Jeddah,0,29248.0,33963.0,1,0,1,20,688.0,0
4666,65,Jeddah,10,30362.0,18675.0,1,1,0,15,633.0,1
4667,35,Makkah,9,65685.0,131543.0,1,1,1,15,697.0,0
4668,25,Dammam,11,67042.0,6033.0,1,0,0,12,643.0,1
4669,59,Riyadh,2,17616.0,16610.0,3,1,1,30,850.0,0
4670,42,Riyadh,4,26660.0,30465.0,2,0,0,13,467.0,0
4671,23,Jeddah,10,31825.0,42347.0,1,1,1,30,628.0,0
4672,57,Jeddah,12,54152.0,106725.0,1,1,0,8,633.0,0
4673,29,Madinah,13,71078.0,24938.0,1,1,1,25,645.0,0
4674,67,Riyadh,1,154970.0,106183.0,1,1,1,24,763.0,0
4675,65,Makkah,6,31798.0,53839.0,1,1,1,17,613.0,0
4676,39,Madinah,0,32602.0,43643.0,3,0,1,25,698.0,0
4677,49,Jeddah,12,53868.0,66589.0,2,1,0,7,676.0,0
4678,50,Riyadh,1,28535.0,25739.0,2,1,1,16,728.0,1
4679,55,Riyadh,12,37403.0,69280.0,1,1,0,19,641.0,0
4680,21,Dammam,2,32613.0,42347.0,2,1,0,12,682.0,0
4681,36,Riyadh,0,10820.0,14474.0,3,1,1,18,640.0,0
4682,27,Madinah,13,,89702.0,1,1,1,17,566.0,0
4683,57,Makkah,6,36637.0,31002.0,3,1,1,25,798.0,0
4684,21,Makkah,6,75782.0,97742.0,1,1,1,27,589.0,0
4685,47,Dammam,9,40245.0,43807.0,2,0,1,20,611.0,0
4686,59,Riyadh,4,21432.0,5685.0,1,1,1,13,575.0,0
4687,72,Dammam,10,35276.0,65689.0,2,0,1,18,690.0,0
4688,34,Jeddah,6,,16919.0,1,0,1,10,608.0,0
4689,18,Riyadh,4,21907.0,3525.0,2,1,1,18,789.0,0
4690,59,Riyadh,5,55147.0,71102.0,2,1,0,15,704.0,0
4691,18,Jeddah,0,35466.0,16332.0,2,1,1,20,629.0,0
4692,21,Jeddah,4,63656.0,11491.0,2,1,1,27,574.0,0
4693,74,Riyadh,8,15011.0,19535.0,1,0,0,15,642.0,0
4694,67,Jeddah,2,35553.0,43477.0,2,1,0,13,700.0,0
4695,58,Madinah,1,,26581.0,1,1,0,15,649.0,1
4696,65,Jeddah,9,64726.0,5461.0,2,0,0,11,644.0,1
4697,22,Riyadh,6,56184.0,64748.0,1,0,0,11,564.0,0
4698,23,Jeddah,2,55333.0,3627.0,2,0,1,20,850.0,0
4699,35,Jeddah,11,86743.0,187330.0,1,1,1,17,641.0,0
4700,19,Madinah,11,33388.0,22646.0,4,0,0,17,530.0,1
4701,68,Jeddah,0,78240.0,102726.0,2,1,1,21,561.0,0
4702,21,Riyadh,3,23811.0,1850.0,1,0,1,15,621.0,0
4703,49,Riyadh,5,23378.0,5580.0,2,1,0,16,827.0,0
4704,66,Riyadh,10,58476.0,61798.0,1,0,1,20,641.0,0
4705,59,Dammam,1,18913.0,22837.0,1,1,1,16,618.0,0
4706,31,Riyadh,12,53444.0,121144.0,1,1,1,24,731.0,0
4707,44,Makkah,4,42220.0,40814.0,2,1,0,13,737.0,0
4708,49,Jeddah,1,68592.0,40722.0,3,1,1,25,716.0,1
4709,61,Dammam,12,38960.0,7144.0,3,1,0,11,672.0,0
4710,42,Riyadh,1,41276.0,38849.0,1,0,1,13,555.0,1
4711,34,Riyadh,1,51773.0,32675.0,1,1,1,14,,0
4712,63,Jeddah,14,28816.0,67026.0,3,0,1,15,510.0,1
4713,68,Jeddah,7,28195.0,28398.0,1,1,1,17,633.0,0
4714,45,Jeddah,6,50879.0,76719.0,2,1,0,11,617.0,1
4715,19,Dammam,10,,75932.0,4,0,0,15,606.0,1
4716,46,Madinah,9,32740.0,9139.0,1,0,1,21,678.0,1
4717,68,Jeddah,9,38507.0,38483.0,1,0,1,27,595.0,0
4718,74,Riyadh,0,89079.0,119891.0,3,1,1,18,628.0,0
4719,40,Riyadh,8,32160.0,29962.0,2,1,0,5,609.0,0
4720,26,Madinah,4,31697.0,33072.0,3,0,1,20,650.0,0
4721,50,Riyadh,12,17090.0,35985.0,2,1,0,13,685.0,0
4722,65,Riyadh,7,39294.0,20543.0,1,0,0,10,533.0,1
4723,71,Madinah,1,55739.0,78843.0,3,0,1,20,696.0,0
4724,20,Riyadh,13,60968.0,62943.0,2,1,1,18,,0
4725,34,Dammam,4,42366.0,46259.0,3,0,1,25,692.0,0
4726,45,Riyadh,4,64726.0,40828.0,2,1,1,25,668.0,0
4727,23,Dammam,14,57850.0,80085.0,2,1,1,14,688.0,0
4728,68,Riyadh,11,70016.0,13182.0,1,0,0,9,620.0,0
4729,24,Madinah,12,65654.0,15193.0,1,1,0,15,696.0,0
4730,55,Riyadh,9,87991.0,83104.0,4,0,1,18,762.0,0
4731,70,Riyadh,13,36870.0,32588.0,4,1,1,27,609.0,1
4732,57,Makkah,1,20671.0,20465.0,2,1,1,21,611.0,0
4733,61,Jeddah,8,55930.0,8219.0,4,1,0,10,712.0,1
4734,33,Jeddah,4,59295.0,20857.0,1,1,1,22,606.0,0
4735,65,Jeddah,5,87992.0,38926.0,3,1,0,13,594.0,1
4736,41,Jeddah,3,76164.0,60323.0,2,0,0,11,696.0,0
4737,21,Madinah,3,106164.0,49801.0,2,1,0,13,622.0,0
4738,38,Dammam,6,54717.0,17755.0,2,0,0,11,765.0,0
4739,37,Jeddah,13,44999.0,68047.0,2,1,0,12,613.0,0
4740,47,Riyadh,9,20081.0,32862.0,3,1,0,7,578.0,0
4741,33,Jeddah,5,46819.0,61078.0,1,0,0,12,654.0,0
4742,44,Madinah,6,30447.0,17830.0,3,1,1,22,692.0,0
4743,42,Riyadh,7,44612.0,77628.0,1,1,0,11,683.0,0
4744,36,Riyadh,3,41244.0,44449.0,1,1,1,15,703.0,0
4745,57,Riyadh,7,50811.0,64566.0,2,1,1,23,605.0,0
4746,35,Dammam,10,38228.0,20565.0,2,1,1,16,756.0,0
4747,61,Makkah,3,64056.0,29555.0,3,1,1,22,507.0,0
4748,32,Dammam,8,10285.0,10632.0,1,0,0,14,581.0,1
4749,67,Makkah,10,44134.0,26139.0,1,1,0,9,658.0,0
4750,38,Makkah,7,73222.0,103566.0,2,0,1,24,595.0,0
4751,20,Madinah,4,102234.0,61022.0,3,1,1,27,632.0,0
4752,26,Jeddah,8,57872.0,21898.0,4,1,1,19,567.0,0
4753,63,Riyadh,11,93194.0,38979.0,3,1,1,21,641.0,1
4754,67,Jeddah,3,43672.0,11776.0,2,1,1,21,696.0,0
4755,30,Makkah,8,40192.0,38693.0,3,1,1,23,606.0,0
4756,52,Jeddah,10,52298.0,4268.0,1,0,0,13,576.0,0
4757,50,Jeddah,4,40071.0,40220.0,3,0,1,19,613.0,0
4758,25,Dammam,5,27142.0,16371.0,2,0,1,20,752.0,0
4759,43,Riyadh,13,31020.0,43562.0,1,0,1,19,752.0,0
4760,57,Dammam,5,23016.0,40461.0,2,1,1,27,609.0,0
4761,73,Dammam,8,52271.0,95874.0,2,1,1,33,701.0,0
4762,66,Madinah,2,40364.0,39331.0,1,1,0,16,652.0,1
4763,23,Dammam,13,33519.0,36292.0,1,1,1,14,769.0,0
4764,31,Riyadh,8,30232.0,44975.0,2,1,1,25,670.0,0
4765,42,Jeddah,11,51665.0,111196.0,4,0,1,25,637.0,1
4766,26,Jeddah,9,59292.0,65326.0,2,1,1,18,800.0,0
4767,50,Jeddah,5,22805.0,5530.0,1,1,1,18,569.0,0
4768,18,Makkah,5,21082.0,30591.0,2,0,0,10,681.0,0
4769,24,Jeddah,10,64683.0,6325.0,1,1,1,16,779.0,0
4770,20,Dammam,12,20180.0,37413.0,1,1,0,13,712.0,0
4771,34,Dammam,1,52772.0,9593.0,1,1,0,18,587.0,0
4772,61,Dammam,12,90080.0,29488.0,2,1,0,4,,0
4773,28,Makkah,12,90185.0,170771.0,1,1,0,8,532.0,0
4774,74,Riyadh,1,58043.0,63981.0,1,0,1,27,789.0,0
4775,33,Riyadh,1,57205.0,51942.0,1,1,0,11,554.0,0
4776,20,Riyadh,10,123742.0,230132.0,2,1,0,7,727.0,0
4777,37,Makkah,12,12491.0,25671.0,1,0,1,22,523.0,0
4778,60,Madinah,5,31819.0,28374.0,1,0,1,18,850.0,0
4779,24,Madinah,9,,132946.0,2,0,1,15,534.0,0
4780,22,Riyadh,14,33906.0,32768.0,2,1,1,13,657.0,0
4781,66,Madinah,4,74600.0,26738.0,3,1,1,14,767.0,0
4782,51,Madinah,3,39353.0,57777.0,2,1,1,18,591.0,0
4783,37,Riyadh,14,42868.0,47557.0,2,1,1,16,705.0,0
4784,61,Jeddah,4,34985.0,55333.0,3,1,0,6,628.0,1
4785,66,Madinah,7,30907.0,5787.0,2,0,1,19,688.0,0
4786,38,Jeddah,6,30529.0,8375.0,2,1,1,24,750.0,0
4787,49,Madinah,7,45963.0,6726.0,1,1,1,19,616.0,0
4788,18,Jeddah,4,27248.0,30177.0,1,1,1,15,787.0,0
4789,35,Riyadh,10,64641.0,121803.0,1,0,1,20,688.0,0
4790,51,Riyadh,10,55638.0,52900.0,1,0,1,20,831.0,0
4791,29,Riyadh,3,69544.0,14516.0,4,0,0,10,582.0,1
4792,74,Dammam,7,22823.0,18226.0,1,1,0,10,594.0,0
4793,73,Riyadh,0,17159.0,9518.0,2,0,1,24,631.0,0
4794,32,Jeddah,3,40051.0,45277.0,4,1,0,15,545.0,0
4795,40,Madinah,14,170997.0,289422.0,2,0,1,25,750.0,0
4796,28,Riyadh,7,75592.0,20347.0,1,1,0,14,651.0,0
4797,46,Jeddah,9,30418.0,29077.0,4,0,0,14,550.0,0
4798,25,Madinah,13,49625.0,80378.0,1,0,1,22,581.0,0
4799,40,Madinah,10,,36843.0,1,1,0,5,577.0,0
4800,49,Makkah,11,20248.0,20094.0,1,1,1,10,735.0,1
4801,52,Jeddah,10,79603.0,112223.0,1,1,0,12,699.0,0
4802,51,Riyadh,7,36912.0,31601.0,3,1,0,4,642.0,1
4803,30,Makkah,9,38356.0,5270.0,1,1,1,20,621.0,0
4804,63,Makkah,4,40615.0,18169.0,3,1,0,11,633.0,1
4805,57,Dammam,13,71130.0,137941.0,1,1,1,28,817.0,0
4806,60,Riyadh,2,27513.0,12418.0,3,0,0,11,632.0,0
4807,44,Dammam,13,17095.0,34855.0,1,1,1,23,729.0,0
4808,68,Dammam,13,47168.0,56582.0,3,0,1,18,625.0,1
4809,40,Madinah,2,14446.0,11691.0,1,0,0,10,803.0,0
4810,63,Riyadh,10,34525.0,60449.0,3,0,1,31,,1
4811,29,Riyadh,14,72652.0,74818.0,3,1,1,26,730.0,0
4812,32,Jeddah,8,53613.0,29708.0,2,0,1,26,587.0,0
4813,48,Makkah,5,67587.0,17091.0,1,1,1,19,850.0,1
4814,49,Madinah,13,54730.0,92496.0,2,1,1,24,718.0,1
4815,60,Riyadh,7,133943.0,132257.0,2,0,0,15,510.0,1
4816,34,Jeddah,1,29908.0,38426.0,2,1,1,23,569.0,0
4817,67,Dammam,3,48975.0,40192.0,2,0,1,19,717.0,0
4818,36,Riyadh,10,32239.0,31504.0,4,0,1,23,712.0,0
4819,48,Makkah,6,64757.0,40689.0,4,1,1,14,709.0,0
4820,71,Jeddah,3,38918.0,15180.0,2,1,0,10,668.0,0
4821,48,Madinah,11,94790.0,184263.0,1,0,1,27,631.0,0
4822,56,Jeddah,1,30779.0,6078.0,1,1,1,20,,0
4823,69,Makkah,3,81110.0,126677.0,2,1,0,11,580.0,0
4824,73,Riyadh,6,53991.0,6248.0,4,1,1,19,660.0,0
4825,46,Jeddah,0,39489.0,31878.0,1,1,1,10,598.0,0
4826,41,Jeddah,5,52639.0,8855.0,1,1,1,22,592.0,1
4827,29,Riyadh,13,45736.0,89080.0,1,1,1,18,613.0,0
4828,48,Jeddah,14,47953.0,29076.0,1,1,0,6,589.0,0
4829,70,Makkah,13,36191.0,51987.0,4,1,0,13,703.0,0
4830,45,Jeddah,4,28260.0,46759.0,2,1,0,13,520.0,0
4831,37,Makkah,0,33944.0,33653.0,1,0,1,20,692.0,1
4832,24,Riyadh,12,17299.0,8541.0,1,0,0,12,595.0,0
4833,40,Riyadh,5,61143.0,92111.0,1,1,1,23,659.0,0
4834,31,Riyadh,11,21643.0,23152.0,2,0,1,15,637.0,0
4835,73,Makkah,1,35996.0,2612.0,2,0,1,36,609.0,0
4836,48,Riyadh,10,55494.0,62914.0,1,1,0,15,765.0,0
4837,25,Riyadh,8,,104992.0,1,1,0,10,623.0,0
4838,21,Riyadh,13,16526.0,18363.0,3,0,1,23,715.0,0
4839,66,Jeddah,1,38333.0,46276.0,3,0,1,25,718.0,0
4840,71,Jeddah,6,,70453.0,2,1,0,13,631.0,0
4841,61,Jeddah,14,41192.0,49895.0,2,1,0,14,541.0,0
4842,25,Makkah,5,78593.0,50964.0,4,1,1,18,578.0,0
4843,23,Jeddah,9,26611.0,42579.0,2,1,1,21,768.0,1
4844,29,Riyadh,2,14407.0,9270.0,4,1,1,12,696.0,0
4845,60,Dammam,10,60184.0,26778.0,1,0,0,9,669.0,0
4846,61,Riyadh,4,30683.0,18971.0,1,1,1,16,602.0,0
4847,65,Riyadh,8,16659.0,30819.0,1,1,0,12,808.0,0
4848,23,Makkah,13,37077.0,28197.0,3,0,1,19,576.0,0
4849,26,Riyadh,9,74256.0,42066.0,2,0,0,15,670.0,1
4850,69,Makkah,7,21341.0,7014.0,1,1,0,9,697.0,1
4851,70,Dammam,2,129056.0,18456.0,4,1,0,18,545.0,0
4852,59,Madinah,5,,48381.0,4,1,0,19,584.0,0
4853,24,Jeddah,12,41919.0,55556.0,1,1,0,9,613.0,0
4854,21,Dammam,3,21817.0,27799.0,2,1,1,12,730.0,1
4855,21,Jeddah,9,40979.0,69569.0,2,0,1,28,615.0,0
4856,57,Makkah,7,37539.0,28423.0,1,1,1,17,524.0,0
4857,66,Riyadh,4,19058.0,27636.0,2,1,0,14,514.0,0
4858,54,Jeddah,10,164870.0,357146.0,1,0,0,18,597.0,0
4859,32,Jeddah,5,31330.0,44080.0,3,1,1,12,519.0,1
4860,61,Riyadh,4,31344.0,40698.0,3,1,1,25,722.0,1
4861,21,Riyadh,7,65155.0,59525.0,3,1,0,14,729.0,1
4862,65,Madinah,11,99422.0,195699.0,2,1,1,27,661.0,0
4863,68,Dammam,12,70489.0,20167.0,1,1,0,12,633.0,0
4864,58,Dammam,9,22013.0,36293.0,1,1,0,16,719.0,0
4865,68,Dammam,9,44665.0,37232.0,2,1,0,11,717.0,0
4866,51,Riyadh,11,15667.0,21143.0,1,0,1,29,563.0,0
4867,44,Riyadh,4,62998.0,101663.0,2,1,0,17,580.0,0
4868,36,Dammam,3,17719.0,18895.0,1,1,0,6,715.0,0
4869,70,Dammam,7,26860.0,3158.0,1,1,1,24,677.0,1
4870,57,Dammam,9,40071.0,63784.0,2,1,0,13,709.0,0
4871,28,Jeddah,9,50136.0,101564.0,2,1,0,11,575.0,0
4872,72,Jeddah,2,35226.0,38009.0,2,1,1,15,586.0,0
4873,21,Dammam,11,85780.0,172722.0,2,1,1,15,700.0,0
4874,51,Jeddah,5,57620.0,89792.0,1,1,0,17,594.0,1
4875,28,Jeddah,13,,118734.0,2,1,0,11,519.0,0
4876,55,Riyadh,10,21705.0,17872.0,2,1,0,12,592.0,0
4877,41,Riyadh,14,93872.0,117698.0,2,0,1,13,641.0,0
4878,42,Makkah,9,26862.0,49842.0,1,0,1,10,806.0,0
4879,56,Jeddah,7,95681.0,176972.0,2,1,0,10,584.0,0
4880,61,Makkah,2,110315.0,31904.0,1,1,1,19,655.0,0
4881,39,Dammam,5,51861.0,20305.0,2,1,1,19,839.0,0
4882,74,Jeddah,12,67239.0,59483.0,1,0,0,13,558.0,0
4883,46,Makkah,5,8592.0,12533.0,3,0,1,17,710.0,0
4884,27,Riyadh,0,36406.0,48009.0,3,0,1,26,590.0,0
4885,18,Riyadh,3,69639.0,71383.0,2,1,1,21,693.0,0
4886,29,Jeddah,8,63720.0,19112.0,3,1,1,17,850.0,0
4887,57,Dammam,9,21810.0,15510.0,2,0,1,21,723.0,0
4888,48,Riyadh,14,34653.0,76152.0,1,1,0,17,667.0,0
4889,37,Riyadh,14,,10634.0,2,1,0,9,566.0,0
4890,45,Makkah,7,49340.0,13260.0,4,1,1,8,639.0,0
4891,65,Madinah,8,15652.0,10693.0,1,1,1,20,601.0,0
4892,50,Madinah,12,70632.0,137842.0,1,1,0,11,527.0,0
4893,21,Riyadh,0,72501.0,55503.0,2,1,0,14,466.0,1
4894,20,Makkah,8,31660.0,13243.0,1,1,1,20,578.0,0
4895,45,Makkah,7,52085.0,35391.0,2,0,0,15,652.0,0
4896,41,Riyadh,11,36006.0,79958.0,2,1,1,22,754.0,0
4897,66,Riyadh,12,45295.0,49016.0,2,1,0,10,588.0,0
4898,51,Riyadh,9,22615.0,22637.0,1,1,1,13,670.0,0
4899,61,Makkah,9,54789.0,21605.0,1,0,1,22,502.0,1
4900,51,Dammam,10,17666.0,13027.0,3,0,1,20,580.0,0
4901,37,Riyadh,8,16075.0,27710.0,1,1,1,26,431.0,0
4902,55,Riyadh,3,37761.0,51675.0,2,0,0,8,850.0,0
4903,53,Makkah,4,36112.0,29531.0,1,0,1,26,671.0,1
4904,59,Dammam,11,45989.0,95932.0,1,1,1,29,670.0,1
4905,28,Makkah,9,29006.0,25293.0,2,1,0,14,701.0,0
4906,54,Riyadh,3,103037.0,154429.0,1,0,0,10,850.0,1
4907,34,Madinah,13,43491.0,6872.0,2,0,1,21,615.0,0
4908,63,Riyadh,14,45091.0,42427.0,2,1,1,20,566.0,0
4909,63,Riyadh,9,44295.0,82844.0,3,1,1,19,834.0,0
4910,53,Madinah,3,66268.0,103407.0,3,1,0,14,546.0,0
4911,71,Riyadh,14,53531.0,104363.0,1,1,0,16,772.0,0
4912,48,Jeddah,3,50062.0,58798.0,1,1,1,19,648.0,1
4913,19,Riyadh,6,57988.0,92910.0,3,1,0,13,695.0,1
4914,52,Dammam,12,16118.0,27748.0,1,1,1,27,522.0,0
4915,62,Riyadh,7,16425.0,9282.0,1,1,1,13,850.0,1
4916,23,Jeddah,3,38637.0,32260.0,1,1,1,22,619.0,0
4917,23,Riyadh,1,36358.0,38482.0,2,0,0,10,591.0,0
4918,33,Madinah,5,53632.0,60491.0,1,0,1,22,705.0,0
4919,66,Madinah,10,40539.0,81082.0,1,1,1,16,596.0,0
4920,48,Makkah,10,53687.0,59357.0,2,0,1,14,694.0,0
4921,73,Makkah,3,21530.0,7628.0,2,1,1,19,539.0,0
4922,67,Dammam,2,39920.0,15859.0,1,1,1,22,667.0,0
4923,49,Riyadh,10,20526.0,39311.0,2,0,0,14,598.0,0
4924,56,Riyadh,2,48700.0,3356.0,2,1,1,15,584.0,0
4925,36,Makkah,0,15691.0,20559.0,1,1,0,10,567.0,0
4926,23,Jeddah,7,47770.0,8423.0,1,1,1,19,735.0,0
4927,40,Riyadh,8,19255.0,16657.0,1,0,0,14,620.0,0
4928,51,Riyadh,3,33131.0,46112.0,1,0,1,20,637.0,0
4929,28,Madinah,3,62785.0,46285.0,3,0,1,23,695.0,0
4930,30,Riyadh,3,44967.0,64247.0,1,0,1,19,757.0,0
4931,18,Jeddah,5,17627.0,4306.0,4,1,0,11,569.0,0
4932,59,Dammam,0,28676.0,22704.0,1,1,0,15,673.0,0
4933,69,Dammam,0,18945.0,16948.0,1,0,0,14,570.0,0
4934,65,Riyadh,5,17199.0,28846.0,2,1,1,23,633.0,0
4935,39,Dammam,0,42567.0,7907.0,3,0,0,12,750.0,0
4936,51,Riyadh,4,53112.0,34478.0,1,1,1,17,444.0,1
4937,72,Riyadh,8,50026.0,70460.0,1,1,0,11,572.0,1
4938,51,Dammam,0,54248.0,79793.0,2,1,1,18,635.0,1
4939,34,Madinah,9,39897.0,74049.0,1,1,1,25,,0
4940,37,Makkah,9,35007.0,64842.0,2,1,1,18,763.0,0
4941,59,Riyadh,8,23470.0,26284.0,3,1,1,20,500.0,0
4942,43,Riyadh,9,32208.0,40548.0,1,0,1,11,781.0,0
4943,65,Jeddah,12,20730.0,42951.0,3,0,1,21,699.0,0
4944,67,Riyadh,1,26302.0,36205.0,1,1,0,12,631.0,0
4945,20,Riyadh,2,41960.0,56001.0,3,0,1,20,522.0,0
4946,59,Riyadh,4,37839.0,56165.0,4,1,1,30,602.0,0
4947,39,Riyadh,10,185788.0,369383.0,2,0,0,13,761.0,0
4948,47,Jeddah,13,20478.0,7264.0,4,0,0,16,654.0,0
4949,33,Riyadh,13,37701.0,29506.0,3,1,1,19,637.0,0
4950,38,Riyadh,8,19695.0,40404.0,1,1,1,20,565.0,0
4951,36,Riyadh,6,33061.0,36099.0,1,0,1,27,719.0,0
4952,20,Jeddah,6,33740.0,13416.0,1,0,0,17,640.0,0
4953,62,Jeddah,0,61233.0,47727.0,2,1,1,28,635.0,0
4954,26,Riyadh,6,32054.0,41103.0,2,1,0,9,645.0,0
4955,39,Jeddah,7,36473.0,61594.0,2,1,0,18,596.0,0
4956,29,Riyadh,3,32365.0,45693.0,2,0,1,21,580.0,0
4957,27,Makkah,11,19920.0,3748.0,1,1,0,3,515.0,0
4958,39,Jeddah,12,28968.0,32797.0,1,0,0,8,597.0,0
4959,70,Dammam,4,33158.0,3176.0,1,0,0,3,491.0,1
4960,71,Dammam,13,41644.0,91926.0,4,1,0,13,698.0,1
4961,39,Jeddah,1,53076.0,16840.0,1,0,0,13,595.0,0
4962,46,Jeddah,13,35693.0,56306.0,1,1,0,17,618.0,1
4963,74,Jeddah,11,35380.0,48116.0,1,1,1,15,650.0,0
4964,31,Jeddah,3,16977.0,18684.0,4,1,1,18,580.0,0
4965,71,Riyadh,9,52568.0,66082.0,1,1,0,11,550.0,1
4966,24,Riyadh,4,28341.0,36989.0,2,0,1,22,673.0,1
4967,30,Riyadh,11,58312.0,86575.0,1,1,1,19,826.0,0
4968,37,Jeddah,2,77514.0,15428.0,1,1,0,9,740.0,1
4969,20,Riyadh,3,36536.0,24446.0,2,1,0,14,769.0,0
4970,64,Madinah,4,24061.0,24327.0,2,0,0,7,536.0,1
4971,66,Riyadh,2,39801.0,22833.0,2,1,1,21,637.0,0
4972,39,Riyadh,4,47779.0,66077.0,1,1,1,24,637.0,0
4973,65,Dammam,9,34277.0,25395.0,4,1,0,10,782.0,1
4974,62,Makkah,9,30272.0,54938.0,2,1,0,15,736.0,1
4975,-1,Jeddah,8,53197.0,19570.0,4,0,0,15,641.0,0
4976,63,Jeddah,2,51472.0,65996.0,1,1,1,23,449.0,0
4977,50,Riyadh,3,33754.0,12267.0,1,0,0,9,,0
4978,24,Madinah,13,17553.0,23622.0,1,0,1,17,709.0,0
4979,70,Dammam,3,50422.0,29849.0,2,1,1,17,626.0,0
4980,52,Riyadh,1,27346.0,27971.0,2,0,1,22,643.0,0
4981,69,Dammam,6,44675.0,20819.0,2,1,0,7,710.0,0
4982,72,Riyadh,0,43286.0,52088.0,1,0,1,15,756.0,0
4983,28,Jeddah,5,15608.0,17202.0,1,1,1,21,581.0,0
4984,40,Jeddah,12,41795.0,96165.0,1,1,1,11,707.0,1
4985,28,Dammam,4,51910.0,67404.0,3,1,1,17,800.0,1
4986,20,Madinah,10,55192.0,77053.0,1,1,1,21,784.0,0
4987,73,Jeddah,7,42561.0,71953.0,1,1,0,14,606.0,0
4988,70,Dammam,5,,6880.0,1,1,1,26,678.0,0
4989,71,Dammam,9,76004.0,106622.0,1,1,1,23,725.0,0
4990,68,Riyadh,8,49292.0,42515.0,4,1,1,20,657.0,0
4991,54,Dammam,4,21990.0,29779.0,1,0,1,11,630.0,0
4992,47,Makkah,3,27068.0,2661.0,3,0,1,28,497.0,0
4993,74,Jeddah,13,45054.0,49821.0,2,1,1,12,577.0,0
4994,49,Jeddah,2,56381.0,61707.0,2,1,0,10,593.0,1
4995,54,Dammam,14,31446.0,38379.0,2,1,0,10,540.0,0
4996,30,Makkah,7,60643.0,32343.0,2,1,1,16,666.0,0
4997,60,Riyadh,14,16377.0,20138.0,2,1,1,21,730.0,0
4998,64,Riyadh,5,23832.0,38195.0,1,1,1,22,615.0,0
4999,56,Dammam,8,14297.0,7004.0,3,1,1,24,453.0,1
5000,46,Riyadh,9,25624.0,21639.0,1,1,1,18,642.0,0
2765,29,Jeddah,7,26586.0,43421.0,1,0,0,12,574.0,0
4768,18,Makkah,5,21082.0,30591.0,2,0,0,10,681.0,0
3815,39,Jeddah,7,32078.0,27153.0,3,1,1,17,787.0,0
3500,43,Jeddah,12,40694.0,49202.0,2,0,1,20,544.0,1
2736,25,Riyadh,3,18537.0,25701.0,1,1,1,11,743.0,0
3923,45,Riyadh,9,60356.0,78371.0,4,1,1,24,724.0,0
2702,63,Makkah,6,69063.0,39061.0,1,1,1,29,519.0,0
1180,19,Makkah,13,35705.0,33808.0,1,1,0,13,546.0,0
933,32,Riyadh,5,50678.0,59286.0,2,1,1,23,738.0,0
793,59,Riyadh,5,48682.0,24690.0,3,0,1,14,713.0,0
1853,43,Riyadh,10,38168.0,23883.0,2,1,1,22,662.0,0
1186,35,Makkah,12,91256.0,192791.0,4,0,1,16,656.0,0
1725,48,Riyadh,4,44867.0,43690.0,2,1,0,10,,1
4081,69,Madinah,13,21108.0,38129.0,1,1,1,25,837.0,0
3824,28,Jeddah,0,40320.0,26278.0,2,1,1,21,568.0,0
4055,18,Jeddah,14,34051.0,49276.0,3,1,0,11,708.0,0
2722,56,Madinah,7,45574.0,17061.0,1,1,1,20,612.0,0
3904,18,Madinah,14,43441.0,48213.0,2,1,0,12,713.0,0
1866,41,Riyadh,14,52184.0,64731.0,2,0,1,19,733.0,0
760,59,Dammam,0,48144.0,12673.0,4,0,0,9,631.0,0
2417,53,Makkah,12,45943.0,73588.0,1,0,0,15,623.0,0
3671,26,Makkah,10,99876.0,164197.0,1,0,1,19,672.0,0
4839,66,Jeddah,1,38333.0,46276.0,3,0,1,25,718.0,0
3091,37,Riyadh,7,88975.0,98949.0,1,0,1,15,678.0,0
1547,57,Madinah,10,84374.0,33066.0,2,1,1,27,765.0,0
1133,63,Jeddah,13,57085.0,116932.0,1,1,1,16,569.0,0
4704,66,Riyadh,10,58476.0,61798.0,1,0,1,20,641.0,0
4495,35,Madinah,8,43934.0,23545.0,4,1,0,13,520.0,1
2776,35,Jeddah,12,,34640.0,2,0,0,10,810.0,0
3186,72,Riyadh,12,47301.0,28810.0,1,0,1,13,535.0,0
